school_code,name_zh,url,discovery_source,discovery_method
"4134010959","安徽三联学院","","https://www.slu.edu.cn/main.htm",""
"4114016201","山西工程科技职业大学","","https://www.sxgkd.edu.cn/",""
"4114010120","山西大同大学","","https://www.sxdtdx.edu.cn/",""
"4131010283","上海公安学院","","https://www.shpc.edu.cn/",""
"4161010728","西安音乐学院","","https://www.xacom.edu.cn/",""
"4161010828","陕西工业职业技术大学","","https://www.sxpi.edu.cn/",""
"4145012104","柳州职业技术大学","","https://www.lzpu.edu.cn/",""
"4150013548","重庆人文科技学院","","https://www.cqrk.edu.cn/attachment/cms/item/2025_12/08_14/2cc55f9519dac6fd.pdf",""
"4133016207","浙江药科职业大学","","https://zyxy.zjpu.edu.cn/",""
"4133010347","湖州师范大学","","https://www.zjhu.edu.cn/main.htm",""
"4133016301","宁波诺丁汉大学","","https://booking.nottingham.edu.cn/",""
"4133013275","浙江工业大学之江学院","","https://www.zzjc.edu.cn/1.pdf",""
"4133013290","浙江工商大学杭州商学院","","https://gaokao.chsi.com.cn/sch/schoolInfo--schId-1635%2CcategoryId-56854%2Cmindex-1.dhtml",""
"4133013280","浙江理工大学科技与艺术学院","","https://www.ky.zstu.edu.cn/__local/A/3E/8D/66D0AEB0C22556C0763C7CFB28B_030C1F4F_15D034.pdf",""
"4133011481","浙江水利水电学院","","https://gs.zufe.edu.cn/info/1042/3763.htm",""
"4152016206","贵阳康养职业大学","","https://zjc.gyhvu.edu.cn/__local/B/0D/6A/99E419AB85854172C5EDF659431_D1D9D1FE_2C261.pdf",""
"4142013242","武汉工商学院","","https://goto.wtbu.edu.cn/wtbu",""
"4142014950","网络空间安全学院","","https://cybersec.hubu.edu.cn/",""
"4142013234","湖北大学知行学院","","https://rwx.hudazx.edu.cn/",""
"4142013666","武汉华夏理工学院","","https://www.whhxit.edu.cn/xxgk2/xxjj.htm",""
"4142013250","湖北恩施学院","","https://news.hbesxy.edu.cn/__local/7/D8/D0/1BA7C4D1A666A53654849D1ABA9_550D164B_14CECD.pdf",""
"4142013237","武汉文理学院","","https://www.whwl.edu.cn/__local/D/04/AF/B1B9C85C0A4BB3D5BE1DC235743_90AE9083_1D2C1.pdf",""
"4142013247","湖北商贸学院","","https://www.hbc.edu.cn/xxgk/xxjs.htm",""
"4143011538","湖南女子学院","","https://www.hnwu.edu.cn/ewebeditor/uploadfile/20241031182203180.pdf",""
"4143013924","湖南交通工程学院","","https://cte.hnjt.edu.cn/",""
"4142013239","武汉工程大学邮电与信息工程学院","","https://zsjy.witpt.edu.cn/NewsStd_614.html",""
"4143013809","湖南应用技术学院","","https://xxgk.hatu.edu.cn/html/main/upload/20250612/202506121140411832.pdf",""
"4123010234","哈尔滨学院","","https://jwc.hrbu.edu.cn/2026nianxiaoli.pdf",""
"4123011445","黑龙江工业学院","","https://webvpn.hljut.edu.cn/login",""
"4143012214","湖南医药学院","","https://www.hnmu.edu.cn/__local/E/53/89/221F4D516218F38170ADF962559_16F0D7F3_1342CC.pdf",""
"4123013304","黑龙江工程学院昆仑旅游学院","","https://www.hljkltc.edu.cn/xsc/info/1019/3572.htm",""
"4123013303","哈尔滨剑桥学院","","https://www.hcc.edu.cn/mks/main.htm",""
"4123012726","黑龙江农业工程职业技术大学","","https://www.hngzy.edu.cn/zsw/",""
"4113010099","唐山师范学院","","https://tw.tstc.edu.cn/",""
"4123010228","黑龙江中医药大学","","https://www.hljucm.edu.cn/",""
"4113013075","河北美术学院","","https://njwc.hbafa.edu.cn/",""
"4113013592","燕山大学里仁学院","","https://stczsb.ysu.edu.cn/zszc.htm",""
"4141012949","郑州师范学院","","https://www.zznu.edu.cn/",""
"4113016203","河北科技工程职业技术大学","","https://www.hevute.edu.cn/__local/6/3E/FD/5ED7BF09F1354BB9C83EB7A1A85_B0F1B309_256D0F.pdf",""
"4141014831","郑州美术学院","","https://www.zzafa.edu.cn/xygk/",""
"4141013503","信阳学院","","https://lib.xyu.edu.cn/",""
"4141011070","洛阳理工学院","","https://www.lit.edu.cn/__local/B/D4/8D/712326F6F109CD1F68B30B390CF_0FC3CBD0_E86FD.pdf",""
"4141013501","河南开封科技传媒学院","","https://xxgk.humc.edu.cn/zsks639/",""
"4136014168","南昌科技职业大学","","https://thdm.edu.cn/h-col-346.html",""
"4136013774","豫章师范学院","","https://www.yuznu.edu.cn/html2/202509261049309479.html",""
"4136012938","江西应用科技学院","","https://jxdxsjy.jx.edu.cn/attachment/jxcsedu/ueditor/file/20240126/8300_%E6%B1%9F%E8%A5%BF%E5%BA%94%E7%94%A8%E7%A7%91%E6%8A%80%E5%AD%A6%E9%99%A22024%E5%B1%8A%E6%AF%95%E4%B8%9A%E7%94%9F%E6%98%A5%E5%AD%A3%E5%B0%B1%E4%B8%9A%E5%B7%A5%E4%BD%9C%E6%96%B9%E6%A1%88.pdf",""
"4136013430","南昌大学共青学院","","https://www.ncugqxy.edu.cn/",""
"4136011319","江西水利电力大学","","https://finance.juwp.edu.cn/__local/A/11/4B/BA7203D86EC34ACACC23340CE2E_37869836_96AD1.pdf",""
"4112013658","天津外国语大学滨海外事学院","","https://bhws.tjfsu.edu.cn/xxgk/UploadFile/20251030030354259.pdf",""
"4112011032","天津职业大学","","https://tjtc.edu.cn/info/1020/6283.htm",""
"4121014435","营口理工学院","","https://www.csdp.edu.cn/artlist/138/",""
"4121010165","辽宁师范大学","https://ww.lnnu.edu.cn/","https://ww.lnnu.edu.cn/","web_search_candidate"
"4121010165","辽宁师范大学","https://nic.lnnu.edu.cn/webroot/nic/tzgg/20241209/77020.html","https://nic.lnnu.edu.cn/webroot/nic/tzgg/20241209/77020.html","web_search_candidate"
"4121010165","辽宁师范大学","https://www.lnnu.edu.cn/index.htm","https://www.lnnu.edu.cn/index.htm","web_search_candidate"
"4121010165","辽宁师范大学","https://www2023.lnnu.edu.cn/","https://www2023.lnnu.edu.cn/","web_search_candidate"
"4121010165","辽宁师范大学","https://shfwc.lnnu.edu.cn/webroot/www/xxzc.html","https://shfwc.lnnu.edu.cn/webroot/www/xxzc.html","web_search_candidate"
"4121011779","辽东学院","https://sc.liaodongu.edu.cn/index/","https://sc.liaodongu.edu.cn/index/","web_search_candidate"
"4121010165","辽宁师范大学","https://nic.lnnu.edu.cn/webroot/www/xxzc.html","https://nic.lnnu.edu.cn/webroot/www/xxzc.html","web_search_candidate"
"4121010165","辽宁师范大学","https://info.lnnu.edu.cn/Uploads/Article/202103/2022-090019.pdf","https://info.lnnu.edu.cn/Uploads/Article/202103/2022-090019.pdf","web_search_candidate"
"4121010173","东北财经大学","https://www.dufe.edu.cn/index.html","https://www.dufe.edu.cn/index.html","web_search_candidate"
"4132012056","南通理工学院","https://cas.ntit.edu.cn/cas/login","https://cas.ntit.edu.cn/cas/login","web_search_candidate"
"4121010173","东北财经大学","https://xxgk.dufe.edu.cn/","https://xxgk.dufe.edu.cn/","web_search_candidate"
"4132013987","扬州大学广陵学院","https://glxy.yzu.edu.cn/__local/F/34/CC/3A6148C8A03CB5FDC7FF62618C6_C0D771EC_92738.pdf","https://glxy.yzu.edu.cn/__local/F/34/CC/3A6148C8A03CB5FDC7FF62618C6_C0D771EC_92738.pdf","web_search_candidate"
"4132013981","南京中医药大学翰林学院","https://www.hlxy.edu.cn/","https://www.hlxy.edu.cn/","web_search_candidate"
"4132012317","常州信息职业技术大学","https://czcit.edu.cn/","https://czcit.edu.cn/","web_search_candidate"
"4132012317","常州信息职业技术大学","https://www.czcit.edu.cn/","https://www.czcit.edu.cn/","web_search_candidate"
"4132012317","常州信息职业技术大学","https://www.czcit.edu.cn/index.htm","https://www.czcit.edu.cn/index.htm","web_search_candidate"
"4132012317","常州信息职业技术大学","https://czcit.edu.cn/zjcx/xxjj/xxjs.htm","https://czcit.edu.cn/zjcx/xxjj/xxjs.htm","web_search_candidate"
"4132013988","江苏师范大学科文学院","https://heec.cahe.edu.cn/school/1226/xuqiu","https://heec.cahe.edu.cn/school/1226/xuqiu","web_search_candidate"
"4132011117","扬州大学","https://www.yzu.edu.cn/xxgk/xxjj.htm","https://www.yzu.edu.cn/xxgk/xxjj.htm","web_search_candidate"
"4132013906","南京师范大学中北学院","https://www.nnudy.edu.cn/","https://www.nnudy.edu.cn/","web_search_candidate"
"4132016406","昆山杜克大学","https://www.dukekunshan.edu.cn/zh-hans/about/welcome-to-duke-kunshan-university/","https://www.dukekunshan.edu.cn/zh-hans/about/welcome-to-duke-kunshan-university/","web_search_candidate"
"4132016406","昆山杜克大学","https://www.dukekunshan.edu.cn/zh-hans/","https://www.dukekunshan.edu.cn/zh-hans/","web_search_candidate"
"4132016406","昆山杜克大学","https://www.dukekunshan.edu.cn/zh-hans/visitors/","https://www.dukekunshan.edu.cn/zh-hans/visitors/","web_search_candidate"
"4132013906","南京师范大学中北学院","https://www.nnudy.edu.cn/c148/index.html","https://www.nnudy.edu.cn/c148/index.html","web_search_candidate"
"4132013906","南京师范大学中北学院","https://www.nnudy.edu.cn/DFS/file/2018/12/29/20181229175149293hnwmuk.pdf","https://www.nnudy.edu.cn/DFS/file/2018/12/29/20181229175149293hnwmuk.pdf","web_search_candidate"
"4132013906","南京师范大学中北学院","https://tw.nnudy.edu.cn/DFS/file/2021/11/23/20211123193608564c49icv.pdf","https://tw.nnudy.edu.cn/DFS/file/2021/11/23/20211123193608564c49icv.pdf","web_search_candidate"
"4165013628","新疆政法学院","https://zs.xjzfu.edu.cn/","https://zs.xjzfu.edu.cn/","web_search_candidate"
"4165010763","喀什大学","https://cas.ksu.edu.cn/cas/login","https://cas.ksu.edu.cn/cas/login","web_search_candidate"
"4165010763","喀什大学","https://www.ksu.edu.cn/index.htm","https://www.ksu.edu.cn/index.htm","web_search_candidate"
"4165010763","喀什大学","https://jcc.ksu.edu.cn/","https://jcc.ksu.edu.cn/","web_search_candidate"
"4165010763","喀什大学","https://www.ksu.edu.cn/","https://gaokao.chsi.com.cn/sch/zyk/view.do?schId=73396777&specId=73383487","chsi_school_website_lead"
"4165010763","喀什大学","https://yjsc.ksu.edu.cn/info/1361/2852.htm","https://yjsc.ksu.edu.cn/info/1361/2852.htm","web_search_candidate"
"4165013628","新疆政法学院","https://zs.xjzfu.edu.cn/2024/0530/c67a11542/page.htm","https://zs.xjzfu.edu.cn/2024/0530/c67a11542/page.htm","web_search_candidate"
"4165013559","新疆农业大学科学技术学院","https://heec.cahe.edu.cn/school/1164","https://heec.cahe.edu.cn/school/1164","web_search_candidate"
"4165010763","喀什大学","https://jyy.ksu.edu.cn/info/1071/7591.htm","https://jyy.ksu.edu.cn/info/1071/7591.htm","web_search_candidate"
"4165013628","新疆政法学院","https://xdsapi.nankai.edu.cn/public/upload/2024/04/11/1712825464-57.pdf","https://xdsapi.nankai.edu.cn/public/upload/2024/04/11/1712825464-57.pdf","web_search_candidate"
"4165012514","新疆工业职业技术大学","https://www.xjqg.edu.cn/html/1007/2026-06-12/content-4953.html","https://www.xjqg.edu.cn/html/1007/2026-06-12/content-4953.html","web_search_candidate"
"4165013727","新疆天山职业技术大学","https://heec.cahe.edu.cn/school/2515","https://heec.cahe.edu.cn/school/2515","web_search_candidate"
"4165014947","新疆理工职业大学","https://yjshh.sdut.edu.cn/2025/1224/c7116a556853/page.htm","https://yjshh.sdut.edu.cn/2025/1224/c7116a556853/page.htm","web_search_candidate"
"4165012514","新疆工业职业技术大学","https://www.xjqg.edu.cn/html/840/2026-09-30/content-5208.html","https://www.xjqg.edu.cn/html/840/2026-09-30/content-5208.html","web_search_candidate"
"4137010832","山东商业职业技术大学","https://www.sict.edu.cn/index.php","https://www.sict.edu.cn/index.php","web_search_candidate"
"4137013624","泰山科技学院","https://www.tskjxy.edu.cn/","https://www.tskjxy.edu.cn/","web_search_candidate"
"4137013624","泰山科技学院","https://www.tskjxy.edu.cn/sjb.htm","https://www.tskjxy.edu.cn/sjb.htm","web_search_candidate"
"4137013624","泰山科技学院","https://zngcxy.tskjxy.edu.cn/","https://zngcxy.tskjxy.edu.cn/","web_search_candidate"
"4137013624","泰山科技学院","https://www.tskjxy.edu.cn/index.htm","https://www.tskjxy.edu.cn/index.htm","web_search_candidate"
"4137013624","泰山科技学院","https://html.gxjy.sdei.edu.cn/zlbg2016/pdf/13624.pdf","https://html.gxjy.sdei.edu.cn/zlbg2016/pdf/13624.pdf","web_search_candidate"
"4137013624","泰山科技学院","https://html.gxjy.sdei.edu.cn/zlbg2017/pdf/13624.pdf","https://html.gxjy.sdei.edu.cn/zlbg2017/pdf/13624.pdf","web_search_candidate"
"4137013998","齐鲁理工学院","https://qlit.edu.cn/","https://qlit.edu.cn/","web_search_candidate"
"4137013998","齐鲁理工学院","https://www.qlit.edu.cn/","https://www.qlit.edu.cn/","web_search_candidate"
"4137013998","齐鲁理工学院","https://qlit.edu.cn/xygk/xyjj/","https://qlit.edu.cn/xygk/xyjj/","web_search_candidate"
"4137013998","齐鲁理工学院","https://qlit.edu.cn/tzgg/","https://qlit.edu.cn/tzgg/","web_search_candidate"
"4137013997","青岛农业大学海都学院","https://www.hdxy.edu.cn/userfiles/files/hdxy/2024/08/20240809084828.pdf","https://www.hdxy.edu.cn/userfiles/files/hdxy/2024/08/20240809084828.pdf","web_search_candidate"
"4137013997","青岛农业大学海都学院","https://school.gxjy.sdei.edu.cn/hdxy/front/index","https://school.gxjy.sdei.edu.cn/hdxy/front/index","web_search_candidate"
"4137013387","山东外国语职业技术大学","https://www.swut.edu.cn/html/856/","https://www.swut.edu.cn/html/856/","web_search_candidate"
"4137013997","青岛农业大学海都学院","https://www.hdxy.edu.cn/channel/sphy","https://www.hdxy.edu.cn/channel/sphy","web_search_candidate"
"4137013997","青岛农业大学海都学院","https://www.hdxy.edu.cn/userfiles/files/hdxy/2024/08/20240809085135.pdf","https://www.hdxy.edu.cn/userfiles/files/hdxy/2024/08/20240809085135.pdf","web_search_candidate"
"4137013378","青岛城市学院","https://www.qdc.edu.cn/","https://www.qdc.edu.cn/","web_search_candidate"
"4137013015","青岛恒星科技学院","https://www.qdhxu.edu.cn/","https://www.qdhxu.edu.cn/","web_search_candidate"
"4162011562","兰州文理学院","https://www.luas.edu.cn/","https://www.luas.edu.cn/","web_search_candidate"
"4137013015","青岛恒星科技学院","https://www.qdhxu.edu.cn/channel/XXJJ","https://www.qdhxu.edu.cn/channel/XXJJ","web_search_candidate"
"4137013015","青岛恒星科技学院","https://www.qdhxu.edu.cn/channel/hxxy/HXTZGG","https://www.qdhxu.edu.cn/channel/hxxy/HXTZGG","web_search_candidate"
"4137013015","青岛恒星科技学院","https://www.qdhxu.edu.cn/channel/zzjg","https://www.qdhxu.edu.cn/channel/zzjg","web_search_candidate"
"4162011562","兰州文理学院","https://zs.luas.edu.cn/","https://zs.luas.edu.cn/","web_search_candidate"
"4162012539","酒泉职业技术大学","https://www.jqzy.edu.cn/","https://www.jqzy.edu.cn/","web_search_candidate"
"4162012539","酒泉职业技术大学","https://www.jqzy.edu.cn/c/www/tzgg","https://www.jqzy.edu.cn/c/www/tzgg","web_search_candidate"
"4162011561","甘肃民族师范学院","https://ntsp.gnun.edu.cn/meol/index.do?menuId=1","https://ntsp.gnun.edu.cn/meol/index.do?menuId=1","web_search_candidate"
"4162013518","武威职业技术大学","https://www.wwvtu.edu.cn/UploadFiles/gjhzjlc/2025/7/202507071645445465.pdf","https://www.wwvtu.edu.cn/UploadFiles/gjhzjlc/2025/7/202507071645445465.pdf","web_search_candidate"
"4162016209","兰州石化职业技术大学","https://www.lzpuvt.edu.cn/","https://www.lzpuvt.edu.cn/","web_search_candidate"
"4162013515","兰州信息科技学院","https://www.lzxk.edu.cn/","https://www.lzxk.edu.cn/","web_search_candidate"
"4162013515","兰州信息科技学院","https://zs.lzxk.edu.cn/","https://zs.lzxk.edu.cn/","web_search_candidate"
"4162016209","兰州石化职业技术大学","https://rsc.lzpuvt.edu.cn/","https://rsc.lzpuvt.edu.cn/","web_search_candidate"
"4162016209","兰州石化职业技术大学","https://xsc.lzpuvt.edu.cn/","https://xsc.lzpuvt.edu.cn/","web_search_candidate"
"4162013515","兰州信息科技学院","https://xxgc.lzxk.edu.cn/","https://xxgc.lzxk.edu.cn/","web_search_candidate"
"4162013515","兰州信息科技学院","https://cxcy.lzxk.edu.cn/","https://cxcy.lzxk.edu.cn/","web_search_candidate"
"4162010736","西北师范大学","https://www.nwnu.edu.cn/?version=zh","https://www.nwnu.edu.cn/?version=zh","web_search_candidate"
"4162016209","兰州石化职业技术大学","https://www.lzpuvt.edu.cn/_s3/main.psp","https://www.lzpuvt.edu.cn/_s3/main.psp","web_search_candidate"
"4162013515","兰州信息科技学院","https://xsc.lzxk.edu.cn/","https://xsc.lzxk.edu.cn/","web_search_candidate"
"4151010628","西昌学院","https://xcc.edu.cn/","https://xcc.edu.cn/","web_search_candidate"
"4151010628","西昌学院","https://www.xcc.edu.cn/xy/index/index.html","https://www.xcc.edu.cn/xy/index/index.html","web_search_candidate"
"4162010737","兰州城市学院","https://www.lzcu.edu.cn/","https://www.lzcu.edu.cn/","web_search_candidate"
"4151010628","西昌学院","https://www.xcc.edu.cn/?v=1.0.22","https://www.xcc.edu.cn/?v=1.0.22","web_search_candidate"
"4151010628","西昌学院","https://www.xcc.edu.cn/xcxyphone/index/index.shtml","https://www.xcc.edu.cn/xcxyphone/index/index.shtml","web_search_candidate"
"4162010737","兰州城市学院","https://www.lzcu.edu.cn/__local/4/DF/0F/DBB86A478980F4820B84CEE14BC_155947DD_90F34.pdf","https://www.lzcu.edu.cn/__local/4/DF/0F/DBB86A478980F4820B84CEE14BC_155947DD_90F34.pdf","web_search_candidate"
"4162010737","兰州城市学院","https://nic.lzcu.edu.cn/__local/E/68/83/74D87E3E832598899944B10AE89_5CBF7297_64875.pdf","https://nic.lzcu.edu.cn/__local/E/68/83/74D87E3E832598899944B10AE89_5CBF7297_64875.pdf","web_search_candidate"
"4162010737","兰州城市学院","https://www.lzcu.edu.cn/fangan.pdf","https://www.lzcu.edu.cn/fangan.pdf","web_search_candidate"
"4151014039","四川大学锦江学院","https://www.scujj.edu.cn/","https://www.scujj.edu.cn/","web_search_candidate"
"4151014039","四川大学锦江学院","https://www.scujj.edu.cn/html/class/lggg/index.html","https://www.scujj.edu.cn/html/class/lggg/index.html","web_search_candidate"
"4151014039","四川大学锦江学院","https://www.scujj.edu.cn/index.html","https://www.scujj.edu.cn/index.html","web_search_candidate"
"4151014039","四川大学锦江学院","https://www.scujj.edu.cn/html/page/xxjj.html","https://www.scujj.edu.cn/html/page/xxjj.html","web_search_candidate"
"4151014039","四川大学锦江学院","https://zs.scujj.edu.cn/News/Info/2906","https://zs.scujj.edu.cn/News/Info/2906","web_search_candidate"
"4151014985","成都美术学院","https://my.sccm.edu.cn/","https://my.sccm.edu.cn/","web_search_candidate"
"4151014039","四川大学锦江学院","https://en.scujj.edu.cn/","https://en.scujj.edu.cn/","web_search_candidate"
"4151014039","四川大学锦江学院","https://hr.scujj.edu.cn/","https://hr.scujj.edu.cn/","web_search_candidate"
"4151014039","四川大学锦江学院","https://szjj.scujj.edu.cn/","https://szjj.scujj.edu.cn/","web_search_candidate"
"4151010623","西华大学","https://www.xhu.edu.cn/","https://www.xhu.edu.cn/","web_search_candidate"
"4151010623","西华大学","https://www.xhu.edu.cn/index.psp","https://www.xhu.edu.cn/index.psp","web_search_candidate"
"4151010623","西华大学","https://i.xhu.edu.cn/","https://i.xhu.edu.cn/","web_search_candidate"
"4151010623","西华大学","https://english.xhu.edu.cn/","https://english.xhu.edu.cn/","web_search_candidate"
"4151013903","成都锦城学院","https://gjc.sthu.edu.cn/35/f9/c3554a79353/page.htm","https://gjc.sthu.edu.cn/35/f9/c3554a79353/page.htm","web_search_candidate"
"4151010623","西华大学","https://xxgk.xhu.edu.cn/_upload/article/files/dd/13/2f53c6da4b9390359b8fd3daadd3/f5c84696-a762-4f0b-b1af-994307a38e53.pdf","https://xxgk.xhu.edu.cn/_upload/article/files/dd/13/2f53c6da4b9390359b8fd3daadd3/f5c84696-a762-4f0b-b1af-994307a38e53.pdf","web_search_candidate"
"4151010641","宜宾学院","https://xxgk.yibinu.edu.cn/","https://xxgk.yibinu.edu.cn/","web_search_candidate"
"4111010039","中国消防救援学院","https://www.cfri.edu.cn/","https://www.cfri.edu.cn/","web_search_candidate"
"4151010641","宜宾学院","https://www.yibinu.edu.cn/","https://www.yibinu.edu.cn/","web_search_candidate"
"4151010641","宜宾学院","https://zsw.yibinu.edu.cn/","https://zsw.yibinu.edu.cn/","web_search_candidate"
"4151010641","宜宾学院","https://nm.yibinu.edu.cn/","https://nm.yibinu.edu.cn/","web_search_candidate"
"4151010641","宜宾学院","https://xcb.yibinu.edu.cn/","https://xcb.yibinu.edu.cn/","web_search_candidate"
"4151010641","宜宾学院","https://gjjy.yibinu.edu.cn/","https://gjjy.yibinu.edu.cn/","web_search_candidate"
"4151010641","宜宾学院","https://dwzzb.yibinu.edu.cn/","https://dwzzb.yibinu.edu.cn/","web_search_candidate"
"4151010641","宜宾学院","https://xjyx.yibinu.edu.cn/","https://xjyx.yibinu.edu.cn/","web_search_candidate"
"4151010641","宜宾学院","https://yyby.yibinu.edu.cn/","https://yyby.yibinu.edu.cn/","web_search_candidate"
"4151010641","宜宾学院","https://fgxb.yibinu.edu.cn/","https://fgxb.yibinu.edu.cn/","web_search_candidate"
"4151010641","宜宾学院","https://jwc.yibinu.edu.cn/index.htm","https://jwc.yibinu.edu.cn/index.htm","web_search_candidate"
"4151010641","宜宾学院","https://zsw.yibinu.edu.cn/__local/D/D6/07/1C6C50B8AFC8909F2FFAE6D61A5_3B989272_4B3435.pdf","https://zsw.yibinu.edu.cn/__local/D/D6/07/1C6C50B8AFC8909F2FFAE6D61A5_3B989272_4B3435.pdf","web_search_candidate"
"4111011418","北京城市学院","https://zs.bcu.edu.cn/","https://zs.bcu.edu.cn/","web_search_candidate"
"4111011418","北京城市学院","https://www.bcu.edu.cn/?cate_type=all","https://www.bcu.edu.cn/?cate_type=all","web_search_candidate"
"4111014596","中国社会科学院大学","https://yz.ucass.edu.cn/","https://yz.ucass.edu.cn/","web_search_candidate"
"4111014596","中国社会科学院大学","https://jw.ucass.edu.cn/","https://jw.ucass.edu.cn/","web_search_candidate"
"4111014596","中国社会科学院大学","https://xgb.ucass.edu.cn/","https://xgb.ucass.edu.cn/","web_search_candidate"
"4111014596","中国社会科学院大学","https://nc.ucass.edu.cn/","https://nc.ucass.edu.cn/","web_search_candidate"
"4111011418","北京城市学院","https://www.bcu.edu.cn/__local/F/5F/C1/64C4AA0770C811EF40E4B0C74BE_7B7B4A99_74CD2.pdf?e=.pdf","https://www.bcu.edu.cn/__local/F/5F/C1/64C4AA0770C811EF40E4B0C74BE_7B7B4A99_74CD2.pdf?e=.pdf","web_search_candidate"
"4111014596","中国社会科学院大学","https://www.ucass.edu.cn/en/zhongguoshehuikexueyuandaxue2024nianzhaoshouguojixueshengjianzhang_zhongwenxiangmu.pdf","https://www.ucass.edu.cn/en/zhongguoshehuikexueyuandaxue2024nianzhaoshouguojixueshengjianzhang_zhongwenxiangmu.pdf","web_search_candidate"
"4153010685","普洱学院","https://www.peu.edu.cn/","https://www.peu.edu.cn/","web_search_candidate"
"4153010685","普洱学院","https://xxzx.peu.edu.cn/","https://xxzx.peu.edu.cn/","web_search_candidate"
"4153010685","普洱学院","https://tw.peu.edu.cn/","https://tw.peu.edu.cn/","web_search_candidate"
"4153010685","普洱学院","https://cykfxy.peu.edu.cn/","https://cykfxy.peu.edu.cn/","web_search_candidate"
"4153010685","普洱学院","https://www.peu.edu.cn/xygk/xyjj.htm","https://www.peu.edu.cn/xygk/xyjj.htm","web_search_candidate"
"4153010685","普洱学院","https://jsfz.peu.edu.cn/","https://jsfz.peu.edu.cn/","web_search_candidate"
"4153010685","普洱学院","https://rsc.peu.edu.cn/","https://rsc.peu.edu.cn/","web_search_candidate"
"4153010685","普洱学院","https://xsc.peu.edu.cn/","https://xsc.peu.edu.cn/","web_search_candidate"
"4153010685","普洱学院","https://lgxy.peu.edu.cn/__local/1/E8/DF/6340CDE2C90646CAAC32CB984AC_2B0DF17D_1D15D1.pdf","https://lgxy.peu.edu.cn/__local/1/E8/DF/6340CDE2C90646CAAC32CB984AC_2B0DF17D_1D15D1.pdf","web_search_candidate"
"4153013909","云南工商学院","https://www.ytbu.edu.cn/","https://www.ytbu.edu.cn/","web_search_candidate"
"4153013909","云南工商学院","https://www.ytbu.edu.cn/xyfg/list.htm","https://www.ytbu.edu.cn/xyfg/list.htm","web_search_candidate"
"4153013909","云南工商学院","https://www.ytbu.edu.cn/bkzt/","https://www.ytbu.edu.cn/bkzt/","web_search_candidate"
"4153013909","云南工商学院","https://pjb.ytbu.edu.cn/","https://pjb.ytbu.edu.cn/","web_search_candidate"
"4153013909","云南工商学院","https://jwc.ytbu.edu.cn/","https://jwc.ytbu.edu.cn/","web_search_candidate"
"4153013909","云南工商学院","https://xsc.ytbu.edu.cn/","https://xsc.ytbu.edu.cn/","web_search_candidate"
"4153013909","云南工商学院","https://lbr.ytbu.edu.cn/","https://lbr.ytbu.edu.cn/","web_search_candidate"
"4153013909","云南工商学院","https://sle.ytbu.edu.cn/","https://sle.ytbu.edu.cn/","web_search_candidate"
"4122011726","长春大学","https://en.ccu.edu.cn/","https://en.ccu.edu.cn/","web_search_candidate"
"4122010206","白城师范学院","https://ccs.bcnu.edu.cn/index.htm","https://ccs.bcnu.edu.cn/index.htm","web_search_candidate"
"4122010192","吉林化工大学","https://yjs.jlict.edu.cn/index.htm","https://yjs.jlict.edu.cn/index.htm","web_search_candidate"
"4122010192","吉林化工大学","https://www.jluct.edu.cn/info/1056/6763.htm","https://www.jluct.edu.cn/info/1056/6763.htm","web_search_candidate"
"4122010192","吉林化工大学","https://xkjs.jluct.edu.cn/","https://xkjs.jluct.edu.cn/","web_search_candidate"
"4122013600","长春光华学院","https://www.ghu.edu.cn/","https://www.ghu.edu.cn/","web_search_candidate"
"4122014052","吉林铁道职业技术大学","https://www.jty.edu.cn/","https://www.jty.edu.cn/","web_search_candidate"
"4122013600","长春光华学院","https://zsb.ghu.edu.cn/","https://zsb.ghu.edu.cn/","web_search_candidate"
"4122014052","吉林铁道职业技术大学","https://www.jty.edu.cn/xxgk/xxjj.htm","https://www.jty.edu.cn/xxgk/xxjj.htm","web_search_candidate"
"4122013600","长春光华学院","https://gw.ghu.edu.cn/xxgk1/xxjj.htm","https://gw.ghu.edu.cn/xxgk1/xxjj.htm","web_search_candidate"
"4122013600","长春光华学院","https://rsc.ghu.edu.cn/","https://rsc.ghu.edu.cn/","web_search_candidate"
"4122013600","长春光华学院","https://szjj.ghu.edu.cn/xxgk1/xxzc.htm","https://szjj.ghu.edu.cn/xxgk1/xxzc.htm","web_search_candidate"
"4144012617","广州城市理工学院","https://www.gcut.edu.cn/","https://www.gcut.edu.cn/","web_search_candidate"
"4144010582","嘉应学院","https://chengjiao.jyu.edu.cn/","https://chengjiao.jyu.edu.cn/","web_search_candidate"
"4144010582","嘉应学院","https://www.jyu.edu.cn/xxgk.htm","https://www.jyu.edu.cn/xxgk.htm","web_search_candidate"
"4144012617","广州城市理工学院","https://jwc.gcut.edu.cn/","https://jwc.gcut.edu.cn/","web_search_candidate"
"4122010188","东北电力大学","https://zs.neepu.edu.cn/","https://zs.neepu.edu.cn/","web_search_candidate"
"4122010188","东北电力大学","https://www.neepu.edu.cn/","https://www.neepu.edu.cn/","web_search_candidate"
"4144012617","广州城市理工学院","https://cwc.gcut.edu.cn/","https://cwc.gcut.edu.cn/","web_search_candidate"
"4144010582","嘉应学院","https://dili.jyu.edu.cn/","https://dili.jyu.edu.cn/","web_search_candidate"
"4144011347","仲恺农业工程学院","https://www.zhku.edu.cn/","https://www.zhku.edu.cn/","web_search_candidate"
"4144011347","仲恺农业工程学院","https://www.zhku.edu.cn/xxgk/xxjs.htm","https://www.zhku.edu.cn/xxgk/xxjs.htm","web_search_candidate"
"4144011347","仲恺农业工程学院","https://xxgk.zhku.edu.cn/","https://xxgk.zhku.edu.cn/","web_search_candidate"
"4144011347","仲恺农业工程学院","https://jjc.zhku.edu.cn/","https://jjc.zhku.edu.cn/","web_search_candidate"
"4144011347","仲恺农业工程学院","https://cwc.zhku.edu.cn/","https://cwc.zhku.edu.cn/","web_search_candidate"
"4144011347","仲恺农业工程学院","https://news.zhku.edu.cn/","https://news.zhku.edu.cn/","web_search_candidate"
"4144011347","仲恺农业工程学院","https://szb.zhku.edu.cn/index.aspx","https://szb.zhku.edu.cn/index.aspx","web_search_candidate"
"4144010590","深圳大学","https://www.szu.edu.cn/","https://www.szu.edu.cn/","web_search_candidate"
"4144011347","仲恺农业工程学院","https://rsc.zhku.edu.cn/","https://rsc.zhku.edu.cn/","web_search_candidate"
"4144011347","仲恺农业工程学院","https://kjc.zhku.edu.cn/?urltype=tree.TreeTempUrl&wbtreeid=0","https://kjc.zhku.edu.cn/?urltype=tree.TreeTempUrl&wbtreeid=0","web_search_candidate"
"4134010959","安徽三联学院","https://www.slu.edu.cn/main.htm","https://www.slu.edu.cn/main.htm","web_search_candidate"
"4134013613","安徽信息工程学院","https://www.aiit.edu.cn/","https://www.aiit.edu.cn/","web_search_candidate"
"4134010959","安徽三联学院","https://xsc.slu.edu.cn/","https://xsc.slu.edu.cn/","web_search_candidate"
"4134010959","安徽三联学院","https://jfzx.slu.edu.cn/","https://jfzx.slu.edu.cn/","web_search_candidate"
"4134013613","安徽信息工程学院","https://tisc.aiit.edu.cn/","https://tisc.aiit.edu.cn/","web_search_candidate"
"4134010959","安徽三联学院","https://www.slu.edu.cn/sl/index.htm","https://www.slu.edu.cn/sl/index.htm","web_search_candidate"
"4134013613","安徽信息工程学院","https://www.aiit.edu.cn/index.php","https://www.aiit.edu.cn/index.php","web_search_candidate"
"4134010959","安徽三联学院","https://rs.slu.edu.cn/","https://rs.slu.edu.cn/","web_search_candidate"
"4134013613","安徽信息工程学院","https://disclosure.aiit.edu.cn/uploads/385/file/public/202410/20241024093851_o1fy4mw0vo.pdf","https://disclosure.aiit.edu.cn/uploads/385/file/public/202410/20241024093851_o1fy4mw0vo.pdf","web_search_candidate"
"4134010959","安徽三联学院","https://www.slu.edu.cn/_upload/article/files/d8/7b/75d90f424fc69e26d84193dafd61/ae0552a6-d276-4c63-a7d1-72d202a554eb.pdf","https://www.slu.edu.cn/_upload/article/files/d8/7b/75d90f424fc69e26d84193dafd61/ae0552a6-d276-4c63-a7d1-72d202a554eb.pdf","web_search_candidate"
"4114016201","山西工程科技职业大学","https://www.sxgkd.edu.cn/","https://www.sxgkd.edu.cn/","web_search_candidate"
"4134013616","合肥经济学院","https://www.hfue.edu.cn/cn/index.html","https://www.hfue.edu.cn/cn/index.html","web_search_candidate"
"4114016201","山西工程科技职业大学","https://dzbgs.sxgkd.edu.cn/","https://dzbgs.sxgkd.edu.cn/","web_search_candidate"
"4114016201","山西工程科技职业大学","https://tw.sxgkd.edu.cn/","https://tw.sxgkd.edu.cn/","web_search_candidate"
"4114016201","山西工程科技职业大学","https://jwb.sxgkd.edu.cn/","https://jwb.sxgkd.edu.cn/","web_search_candidate"
"4114016201","山西工程科技职业大学","https://gyzcglb.sxgkd.edu.cn/","https://gyzcglb.sxgkd.edu.cn/","web_search_candidate"
"4114016201","山西工程科技职业大学","https://glxy.sxgkd.edu.cn/","https://glxy.sxgkd.edu.cn/","web_search_candidate"
"4114016201","山西工程科技职业大学","https://fzghb.sxgkd.edu.cn/","https://fzghb.sxgkd.edu.cn/","web_search_candidate"
"4114016201","山西工程科技职业大学","https://sso.sxgkd.edu.cn/sso-server/login%3Bjsessionid%3DF28D7956056822604347E1AC8C05A5C6?service=https%3A%2F%2Fsso.sxgkd.edu.cn%2Fuias%2F","https://sso.sxgkd.edu.cn/sso-server/login%3Bjsessionid%3DF28D7956056822604347E1AC8C05A5C6?service=https%3A%2F%2Fsso.sxgkd.edu.cn%2Fuias%2F","web_search_candidate"
"4114016201","山西工程科技职业大学","https://www.sxgkd.edu.cn/xxgk/xxjj.htm","https://www.sxgkd.edu.cn/xxgk/xxjj.htm","web_search_candidate"
"4114016201","山西工程科技职业大学","https://dag.sxgkd.edu.cn/","https://dag.sxgkd.edu.cn/","web_search_candidate"
"4134013616","合肥经济学院","https://www.hfue.edu.cn/px","https://www.hfue.edu.cn/px","web_search_candidate"
"4114016201","山西工程科技职业大学","https://www.sxgkd.edu.cn/__local/0/36/8B/631CB8AEA9E03F12CFAAF0B506D_2D5341BD_85415.pdf","https://www.sxgkd.edu.cn/__local/0/36/8B/631CB8AEA9E03F12CFAAF0B506D_2D5341BD_85415.pdf","web_search_candidate"
"4134013618","安徽医科大学临床医学院","https://www.aycc.edu.cn/xxgk/upload/files/2019/12/8b0777e996f294aa.pdf","https://www.aycc.edu.cn/xxgk/upload/files/2019/12/8b0777e996f294aa.pdf","web_search_candidate"
"4114013608","山西财经大学华商学院","https://heec.cahe.edu.cn/school/1020/science-project","https://heec.cahe.edu.cn/school/1020/science-project","web_search_candidate"
"4114010120","山西大同大学","https://www.sxdtdx.edu.cn/","https://www.sxdtdx.edu.cn/","web_search_candidate"
"4114014527","山西工程技术学院","https://www.sxit.edu.cn/","https://www.sxit.edu.cn/","web_search_candidate"
"4114010114","山西医科大学","https://www.sxmu.edu.cn/","https://www.sxmu.edu.cn/","web_search_candidate"
"4114010120","山西大同大学","https://zhs.sxdtdx.edu.cn/","https://zhs.sxdtdx.edu.cn/","web_search_candidate"
"4114010114","山西医科大学","https://www.sxmu.edu.cn/index.htm","https://www.sxmu.edu.cn/index.htm","web_search_candidate"
"4114010114","山西医科大学","https://www.sxmu.edu.cn/xxgk/xxzc.htm","https://www.sxmu.edu.cn/xxgk/xxzc.htm","web_search_candidate"
"4114010120","山西大同大学","https://xxgk.sxdtdx.edu.cn/","https://xxgk.sxdtdx.edu.cn/","web_search_candidate"
"4114010120","山西大同大学","https://jky.sxdtdx.edu.cn/","https://jky.sxdtdx.edu.cn/","web_search_candidate"
"4114010120","山西大同大学","https://fzghhzb.sxdtdx.edu.cn/","https://fzghhzb.sxdtdx.edu.cn/","web_search_candidate"
"4114010120","山西大同大学","https://jwc.sxdtdx.edu.cn/","https://jwc.sxdtdx.edu.cn/","web_search_candidate"
"4114010120","山西大同大学","https://rcb.sxdtdx.edu.cn/","https://rcb.sxdtdx.edu.cn/","web_search_candidate"
"4114014527","山西工程技术学院","https://www.sxit.edu.cn/__local/9/88/26/F1A1A65A24B14897C1C5EEB3076_7E99AE1A_77376.pdf?e=.pdf","https://www.sxit.edu.cn/__local/9/88/26/F1A1A65A24B14897C1C5EEB3076_7E99AE1A_77376.pdf?e=.pdf","web_search_candidate"
"4114010120","山西大同大学","https://www.sxdtdx.edu.cn/uploadfile/2/Attachment/041f7939ce.pdf","https://www.sxdtdx.edu.cn/uploadfile/2/Attachment/041f7939ce.pdf","web_search_candidate"
"4135013766","泉州信息工程学院","https://pgw.qzuie.edu.cn/","https://pgw.qzuie.edu.cn/","web_search_candidate"
"4114010123","运城学院","https://jy.ncut.edu.cn/front/zpxx.jspa?tid=10696","https://jy.ncut.edu.cn/front/zpxx.jspa?tid=10696","web_search_candidate"
"4131012044","上海第二工业大学","https://www.sspu.edu.cn/","https://www.sspu.edu.cn/","web_search_candidate"
"4131010283","上海公安学院","https://www.shpc.edu.cn/","https://www.shpc.edu.cn/","web_search_candidate"
"4131010283","上海公安学院","https://www.shpc.edu.cn/gaxy/xxgk/index.html","https://www.shpc.edu.cn/gaxy/xxgk/index.html","web_search_candidate"
"4131010283","上海公安学院","https://www.shpc.edu.cn/gaxy/xygk/index.html","https://www.shpc.edu.cn/gaxy/xygk/index.html","web_search_candidate"
"4131010283","上海公安学院","https://www.shpc.edu.cn/gaxy/zs-zszw/index.html","https://www.shpc.edu.cn/gaxy/zs-zszw/index.html","web_search_candidate"
"4131010274","上海海关学院","https://www.shcc.edu.cn/_upload/article/files/6a/8e/ef58c8034a339526ade1fb18b363/1bb03111-7335-4ddd-9374-7ab462d8defc.pdf","https://www.shcc.edu.cn/_upload/article/files/6a/8e/ef58c8034a339526ade1fb18b363/1bb03111-7335-4ddd-9374-7ab462d8defc.pdf","web_search_candidate"
"4131012914","上海兴伟学院","https://www.xingwei.edu.cn/cn/community/details%26id%3D1592","https://www.xingwei.edu.cn/cn/community/details%26id%3D1592","web_search_candidate"
"4161012713","西安外事学院","https://jiuye.xaiu.edu.cn/","https://jiuye.xaiu.edu.cn/","web_search_candidate"
"4161010728","西安音乐学院","https://www.xacom.edu.cn/main.htm","https://www.xacom.edu.cn/main.htm","web_search_candidate"
"4161012713","西安外事学院","https://sf.xaiu.edu.cn/","https://sf.xaiu.edu.cn/","web_search_candidate"
"4161010728","西安音乐学院","https://zsb.xacom.edu.cn/main.htm","https://zsb.xacom.edu.cn/main.htm","web_search_candidate"
"4161012713","西安外事学院","https://www.xaiu.edu.cn/ssjg.jsp?currentnum=142&newskeycode2=6KW%2F5a6J&searchScope=1&wbtreeid=1001","https://www.xaiu.edu.cn/ssjg.jsp?currentnum=142&newskeycode2=6KW%2F5a6J&searchScope=1&wbtreeid=1001","web_search_candidate"
"4161012713","西安外事学院","https://www.xaiu.edu.cn/zqqwjsjg.jsp?currentnum=615&searchScope=0&sitenewskeycode=&wbtreeid=1013","https://www.xaiu.edu.cn/zqqwjsjg.jsp?currentnum=615&searchScope=0&sitenewskeycode=&wbtreeid=1013","web_search_candidate"
"4161012713","西安外事学院","https://www.xaiu.edu.cn/zqqwjsjg.jsp?currentnum=1356&searchScope=0&sitenewskeycode=&wbtreeid=1027","https://www.xaiu.edu.cn/zqqwjsjg.jsp?currentnum=1356&searchScope=0&sitenewskeycode=&wbtreeid=1027","web_search_candidate"
"4161010728","西安音乐学院","https://zsxx.xacom.edu.cn/","https://zsxx.xacom.edu.cn/","web_search_candidate"
"4161010728","西安音乐学院","https://news.xacom.edu.cn/main.htm","https://news.xacom.edu.cn/main.htm","web_search_candidate"
"4161012713","西安外事学院","https://www.xaiu.edu.cn/__local/E/4C/70/A7D78FDDE025242A1DB93ACAC52_5099662A_39AB48.pdf","https://www.xaiu.edu.cn/__local/E/4C/70/A7D78FDDE025242A1DB93ACAC52_5099662A_39AB48.pdf","web_search_candidate"
"4161012713","西安外事学院","https://www.xaiu.edu.cn/__local/F/DD/F3/FEB5A9AAAC9D20341DCF18B751D_5F739A7E_6C1483.pdf","https://www.xaiu.edu.cn/__local/F/DD/F3/FEB5A9AAAC9D20341DCF18B751D_5F739A7E_6C1483.pdf","web_search_candidate"
"4161012713","西安外事学院","https://xxgk.xaiu.edu.cn/__local/F/84/97/3DFDCF70C5BE1EFE4CB12879522_24D0CB47_D742B.pdf","https://xxgk.xaiu.edu.cn/__local/F/84/97/3DFDCF70C5BE1EFE4CB12879522_24D0CB47_D742B.pdf","web_search_candidate"
"4161010828","陕西工业职业技术大学","https://www.sxpi.edu.cn/","https://www.sxpi.edu.cn/","web_search_candidate"
"4161013680","西安财经大学行知学院","https://www.xacxz.edu.cn/?wbtreeid=10715","https://www.xacxz.edu.cn/?wbtreeid=10715","web_search_candidate"
"4161011560","西安财经大学","https://www.xacxz.edu.cn/?wbtreeid=10715","https://www.xacxz.edu.cn/?wbtreeid=10715","web_search_candidate"
"4161010828","陕西工业职业技术大学","https://sgjs.sxpi.edu.cn/","https://sgjs.sxpi.edu.cn/","web_search_candidate"
"4161011560","西安财经大学","https://my.xaufe.edu.cn/","https://my.xaufe.edu.cn/","web_search_candidate"
"4161010828","陕西工业职业技术大学","https://www.sxpi.edu.cn/xxgk/xxjj.htm","https://www.sxpi.edu.cn/xxgk/xxjj.htm","web_search_candidate"
"4161013680","西安财经大学行知学院","https://zs.xacxz.edu.cn/info/1002/1712.htm","https://zs.xacxz.edu.cn/info/1002/1712.htm","web_search_candidate"
"4161011560","西安财经大学","https://zs.xacxz.edu.cn/info/1002/1712.htm","https://zs.xacxz.edu.cn/info/1002/1712.htm","web_search_candidate"
"4161010828","陕西工业职业技术大学","https://zsw.snpu.edu.cn/info/1093/6017.htm","https://zsw.snpu.edu.cn/info/1093/6017.htm","web_search_candidate"
"4161010828","陕西工业职业技术大学","https://tw.snpu.edu.cn/","https://tw.snpu.edu.cn/","web_search_candidate"
"4161013680","西安财经大学行知学院","https://glxy.xacxz.edu.cn/xygk/xyjj.htm","https://glxy.xacxz.edu.cn/xygk/xyjj.htm","web_search_candidate"
"4161011560","西安财经大学","https://glxy.xacxz.edu.cn/xygk/xyjj.htm","https://glxy.xacxz.edu.cn/xygk/xyjj.htm","web_search_candidate"
"4161013682","西安工商学院","https://www.xags.edu.cn/","https://www.xags.edu.cn/","web_search_candidate"
"4161013682","西安工商学院","https://www.xags.edu.cn/tzgg/A4812index_1.htm","https://www.xags.edu.cn/tzgg/A4812index_1.htm","web_search_candidate"
"4161010708","陕西科技大学","https://login.sust.edu.cn/cas/login","https://login.sust.edu.cn/cas/login","web_search_candidate"
"4161013682","西安工商学院","https://www.xags.edu.cn/xwdt/A4811index_40.htm","https://www.xags.edu.cn/xwdt/A4811index_40.htm","web_search_candidate"
"4145012104","柳州职业技术大学","https://www.lzpu.edu.cn/","https://www.lzpu.edu.cn/","web_search_candidate"
"4145010599","右江民族医学院","https://www.ymun.edu.cn/newxxgk/xxgk.htm","https://www.ymun.edu.cn/newxxgk/xxgk.htm","web_search_candidate"
"4145010599","右江民族医学院","https://www.ymun.edu.cn/","https://www.ymun.edu.cn/","web_search_candidate"
"4145010599","右江民族医学院","https://www.ymun.edu.cn/index.htm","https://www.ymun.edu.cn/index.htm","web_search_candidate"
"4145010599","右江民族医学院","https://www.ymun.edu.cn/info/1212/13065.htm","https://www.ymun.edu.cn/info/1212/13065.htm","web_search_candidate"
"4145012104","柳州职业技术大学","https://lzpu.edu.cn/","https://lzpu.edu.cn/","web_search_candidate"
"4145012104","柳州职业技术大学","https://lzzy.edu.cn/","https://lzzy.edu.cn/","web_search_candidate"
"4145010599","右江民族医学院","https://wlzx.ymun.edu.cn/","https://wlzx.ymun.edu.cn/","web_search_candidate"
"4145012104","柳州职业技术大学","https://www.lzzy.edu.cn/","https://www.lzzy.edu.cn/","web_search_candidate"
"4145010599","右江民族医学院","https://jyxy.ymun.edu.cn/","https://jyxy.ymun.edu.cn/","web_search_candidate"
"4145011549","南宁学院","https://unn.edu.cn/__local/8/1C/44/8B606FF4195CEE4946C1C414A86_CC098A97_5469E.pdf","https://unn.edu.cn/__local/8/1C/44/8B606FF4195CEE4946C1C414A86_CC098A97_5469E.pdf","web_search_candidate"
"4145011549","南宁学院","https://net.unn.edu.cn/__local/6/B8/A9/C5FA6DE98902CF2B062A3C52D37_41969E1F_64C70.pdf?e=.pdf","https://net.unn.edu.cn/__local/6/B8/A9/C5FA6DE98902CF2B062A3C52D37_41969E1F_64C70.pdf?e=.pdf","web_search_candidate"
"4145011548","广西财经学院","https://www.gxufe.edu.cn/www/subWebSites/zsxx/index.html","https://www.gxufe.edu.cn/www/subWebSites/zsxx/index.html","web_search_candidate"
"4145011548","广西财经学院","https://ghxxpt.gxufe.edu.cn/","https://ghxxpt.gxufe.edu.cn/","web_search_candidate"
"4145011548","广西财经学院","https://www.gxufe.edu.cn/www/subWebSites/ggxy/index.html","https://www.gxufe.edu.cn/www/subWebSites/ggxy/index.html","web_search_candidate"
"4145011548","广西财经学院","https://www.gxufe.edu.cn/www/subWebSites/zjc/","https://www.gxufe.edu.cn/www/subWebSites/zjc/","web_search_candidate"
"4145011548","广西财经学院","https://www.gxufe.edu.cn/www/subWebSites/jrybxxy/index.html","https://www.gxufe.edu.cn/www/subWebSites/jrybxxy/index.html","web_search_candidate"
"4145011548","广西财经学院","https://www.gxufe.edu.cn/www/myweb/index.html?pc=1","https://www.gxufe.edu.cn/www/myweb/index.html?pc=1","web_search_candidate"
"4145011548","广西财经学院","https://www.gxufe.edu.cn/www/subWebSites/fxy/index.html","https://www.gxufe.edu.cn/www/subWebSites/fxy/index.html","web_search_candidate"
"4145011548","广西财经学院","https://www.gxufe.edu.cn/www/subWebSites/czxy/","https://www.gxufe.edu.cn/www/subWebSites/czxy/","web_search_candidate"
"4145013640","广西民族大学相思湖学院","https://www.gxust.edu.cn/__local/5/DB/65/96AD0056B841C880F114AAAA348_1E91FCD6_26568.pdf","https://www.gxust.edu.cn/__local/5/DB/65/96AD0056B841C880F114AAAA348_1E91FCD6_26568.pdf","web_search_candidate"
"4145011548","广西财经学院","https://www.gxufe.edu.cn/wwwservice/download?client=pc&fileid=ffb9c570-a0eb-3f80-9fa9-c377ea520c7c.doc&open=true","https://www.gxufe.edu.cn/wwwservice/download?client=pc&fileid=ffb9c570-a0eb-3f80-9fa9-c377ea520c7c.doc&open=true","web_search_candidate"
