school_code,name_zh,candidate_url,evidence_url,note
4111010042,国际关系学院,https://www.uir.edu.cn/,https://www.uir.edu.cn/xxgk/xkzy/bks.htm,学校网页列出学校网址
4111011413,中国矿业大学(北京),https://www.cumtb.edu.cn/,https://www.cumtb.edu.cn/,学校官网首页
4111011414,中国石油大学(北京),https://www.cup.edu.cn/,https://www.cup.edu.cn/,学校官网首页
4111011415,中国地质大学(北京),https://www.cugb.edu.cn/,https://www.cugb.edu.cn/,学校官网首页
4112010056,天津大学,https://www.tju.edu.cn/,https://www.tju.edu.cn/,学校官网首页
4112010058,天津工业大学,https://www.tiangong.edu.cn/,https://fgc.tiangong.edu.cn/2024/0321/c434a92641/page.htm,学校章程第二条列明官网域名
4111010048,中央戏剧学院,https://www.chntheatre.edu.cn/,https://www.chntheatre.edu.cn/cn/survey.html,学校官网学院概况页
4132010315,南京中医药大学,https://www.njucm.edu.cn/,https://www.njucm.edu.cn/6782/list.htm,学校官网校风校训页
4132010319,南京师范大学,https://www.nnu.edu.cn/,https://www.nnu.edu.cn/,学校官网首页标题
4142010520,中南财经政法大学,https://www.zuel.edu.cn/,https://www.zuel.edu.cn/intro/,学校官网简介页
4146010589,海南大学,https://www.hainanu.edu.cn/,https://www.hainanu.edu.cn/zjhd/hdzc.htm,学校官网章程页
4154010694,西藏大学,https://www.xzu.edu.cn/,https://www.xzu.edu.cn/,学校官网首页标题
4165010759,石河子大学,https://www.shzu.edu.cn/,https://www.shzu.edu.cn/xxzc_13289/list.htm,学校官网章程页
4131010264,上海海洋大学,https://www.shou.edu.cn/,https://www.shou.edu.cn/,学校官网首页
4137010425,中国石油大学(华东),https://www.upc.edu.cn/,https://www.upc.edu.cn/,学校官网首页
4142010491,中国地质大学(武汉),https://www.cug.edu.cn/,https://www.cug.edu.cn/xxgk/lxwm.htm,官网联系页列出学校网址并指向武汉校区
4142013262,文华学院,https://www.hustwenhua.net/,https://www.hustwenhua.net/xxgk/xxjj/xxjs.htm,官网介绍页
4162010733,甘肃农业大学,https://www.gsau.edu.cn/,https://www.gsau.edu.cn/,官网首页列出主办部门
4153010673,云南大学,https://www.ynu.edu.cn/,https://www.ynu.edu.cn/,学校官网首页
