school_code,name_zh,url,discovery_source
4111014596,中国社会科学院大学,http://ucass.edu.cn/（,https://zh.wikipedia.org/w/index.php?title=%E5%8C%97%E4%BA%AC%E5%B8%82%E9%AB%98%E7%AD%89%E5%AD%A6%E6%A0%A1%E5%88%97%E8%A1%A8&oldid=94235255
4111010050,北京电影学院,http://www.bfa.edu.cn/（,https://zh.wikipedia.org/w/index.php?title=%E5%8C%97%E4%BA%AC%E5%B8%82%E9%AB%98%E7%AD%89%E5%AD%A6%E6%A0%A1%E5%88%97%E8%A1%A8&oldid=94235255
4111011418,北京城市学院,http://www.bcu.edu.cn/（,https://zh.wikipedia.org/w/index.php?title=%E5%8C%97%E4%BA%AC%E5%B8%82%E9%AB%98%E7%AD%89%E5%AD%A6%E6%A0%A1%E5%88%97%E8%A1%A8&oldid=94235255
4111014139,民政职业大学,https://www.bcsa.edu.cn/,https://zh.wikipedia.org/w/index.php?title=%E5%8C%97%E4%BA%AC%E5%B8%82%E9%AB%98%E7%AD%89%E5%AD%A6%E6%A0%A1%E5%88%97%E8%A1%A8&oldid=94235255
4113013075,河北美术学院,http://www.hbafa.com/,https://zh.wikipedia.org/w/index.php?title=%E6%B2%B3%E5%8C%97%E7%9C%81%E9%AB%98%E7%AD%89%E5%AD%A6%E6%A0%A1%E5%88%97%E8%A1%A8&oldid=93747985
4113013415,河北医科大学临床学院,http://lcxy.hebmu.edu.cn/,https://zh.wikipedia.org/w/index.php?title=%E6%B2%B3%E5%8C%97%E7%9C%81%E9%AB%98%E7%AD%89%E5%AD%A6%E6%A0%A1%E5%88%97%E8%A1%A8&oldid=93747985
4113013594,河北地质大学华信学院,http://www.sjzuehx.cn/,https://zh.wikipedia.org/w/index.php?title=%E6%B2%B3%E5%8C%97%E7%9C%81%E9%AB%98%E7%AD%89%E5%AD%A6%E6%A0%A1%E5%88%97%E8%A1%A8&oldid=93747985
4113010099,唐山师范学院,http://www.tstc.edu.cn,https://zh.wikipedia.org/w/index.php?title=%E6%B2%B3%E5%8C%97%E7%9C%81%E9%AB%98%E7%AD%89%E5%AD%A6%E6%A0%A1%E5%88%97%E8%A1%A8&oldid=93747985
4113013592,燕山大学里仁学院,http://stc.ysu.edu.cn/,https://zh.wikipedia.org/w/index.php?title=%E6%B2%B3%E5%8C%97%E7%9C%81%E9%AB%98%E7%AD%89%E5%AD%A6%E6%A0%A1%E5%88%97%E8%A1%A8&oldid=93747985
4113013404,河北大学工商学院,http://www.hicc.cn/,https://zh.wikipedia.org/w/index.php?title=%E6%B2%B3%E5%8C%97%E7%9C%81%E9%AB%98%E7%AD%89%E5%AD%A6%E6%A0%A1%E5%88%97%E8%A1%A8&oldid=93747985
4113010101,衡水学院,http://www.hsnc.cn,https://zh.wikipedia.org/w/index.php?title=%E6%B2%B3%E5%8C%97%E7%9C%81%E9%AB%98%E7%AD%89%E5%AD%A6%E6%A0%A1%E5%88%97%E8%A1%A8&oldid=93747985
4121010144,沈阳理工大学,http://www.sylu.edu.cn/,https://zh.wikipedia.org/w/index.php?title=%E8%BE%BD%E5%AE%81%E7%9C%81%E9%AB%98%E7%AD%89%E5%AD%A6%E6%A0%A1%E5%88%97%E8%A1%A8&oldid=82269455
4121010173,东北财经大学,http://www.dufe.edu.cn/,https://zh.wikipedia.org/w/index.php?title=%E8%BE%BD%E5%AE%81%E7%9C%81%E9%AB%98%E7%AD%89%E5%AD%A6%E6%A0%A1%E5%88%97%E8%A1%A8&oldid=82269455
4121010165,辽宁师范大学,http://www.lnnu.edu.cn/,https://zh.wikipedia.org/w/index.php?title=%E8%BE%BD%E5%AE%81%E7%9C%81%E9%AB%98%E7%AD%89%E5%AD%A6%E6%A0%A1%E5%88%97%E8%A1%A8&oldid=82269455
4121011779,辽东学院,http://www.elnu.edu.cn/,https://zh.wikipedia.org/w/index.php?title=%E8%BE%BD%E5%AE%81%E7%9C%81%E9%AB%98%E7%AD%89%E5%AD%A6%E6%A0%A1%E5%88%97%E8%A1%A8&oldid=82269455
4121014435,营口理工学院,http://www.yku.edu.cn/,https://zh.wikipedia.org/w/index.php?title=%E8%BE%BD%E5%AE%81%E7%9C%81%E9%AB%98%E7%AD%89%E5%AD%A6%E6%A0%A1%E5%88%97%E8%A1%A8&oldid=82269455
4121013900,辽宁财贸学院,http://www.lncmxy.com/,https://zh.wikipedia.org/w/index.php?title=%E8%BE%BD%E5%AE%81%E7%9C%81%E9%AB%98%E7%AD%89%E5%AD%A6%E6%A0%A1%E5%88%97%E8%A1%A8&oldid=82269455
4123010228,黑龙江中医药大学,http://www.hljucm.net/（,https://zh.wikipedia.org/w/index.php?title=%E9%BB%91%E9%BE%99%E6%B1%9F%E7%9C%81%E9%AB%98%E7%AD%89%E5%AD%A6%E6%A0%A1%E5%88%97%E8%A1%A8&oldid=93140461
4123011446,黑龙江东方学院,http://www.dfxy.net/（,https://zh.wikipedia.org/w/index.php?title=%E9%BB%91%E9%BE%99%E6%B1%9F%E7%9C%81%E9%AB%98%E7%AD%89%E5%AD%A6%E6%A0%A1%E5%88%97%E8%A1%A8&oldid=93140461
4123010234,哈尔滨学院,http://www.hrbu.edu.cn/,https://zh.wikipedia.org/w/index.php?title=%E9%BB%91%E9%BE%99%E6%B1%9F%E7%9C%81%E9%AB%98%E7%AD%89%E5%AD%A6%E6%A0%A1%E5%88%97%E8%A1%A8&oldid=93140461
4123013303,哈尔滨剑桥学院,http://www.jqu.net.cn/,https://zh.wikipedia.org/w/index.php?title=%E9%BB%91%E9%BE%99%E6%B1%9F%E7%9C%81%E9%AB%98%E7%AD%89%E5%AD%A6%E6%A0%A1%E5%88%97%E8%A1%A8&oldid=93140461
4123013296,黑龙江外国语学院,http://www.hiu.edu.cn/,https://zh.wikipedia.org/w/index.php?title=%E9%BB%91%E9%BE%99%E6%B1%9F%E7%9C%81%E9%AB%98%E7%AD%89%E5%AD%A6%E6%A0%A1%E5%88%97%E8%A1%A8&oldid=93140461
4123013304,黑龙江工程学院昆仑旅游学院,http://www.kllyxy.com/,https://zh.wikipedia.org/w/index.php?title=%E9%BB%91%E9%BE%99%E6%B1%9F%E7%9C%81%E9%AB%98%E7%AD%89%E5%AD%A6%E6%A0%A1%E5%88%97%E8%A1%A8&oldid=93140461
4123011445,黑龙江工业学院,http://www.jxdx.net/（,https://zh.wikipedia.org/w/index.php?title=%E9%BB%91%E9%BE%99%E6%B1%9F%E7%9C%81%E9%AB%98%E7%AD%89%E5%AD%A6%E6%A0%A1%E5%88%97%E8%A1%A8&oldid=93140461
4132013646,南京大学金陵学院,http://www.jlxy.nju.edu.cn/,https://zh.wikipedia.org/w/index.php?title=%E6%B1%9F%E8%8B%8F%E7%9C%81%E9%AB%98%E7%AD%89%E5%AD%A6%E6%A0%A1%E5%88%97%E8%A1%A8&oldid=83094077
4132013988,江苏师范大学科文学院,http://kwxy.xznu.edu.cn,https://zh.wikipedia.org/w/index.php?title=%E6%B1%9F%E8%8B%8F%E7%9C%81%E9%AB%98%E7%AD%89%E5%AD%A6%E6%A0%A1%E5%88%97%E8%A1%A8&oldid=83094077
4132016406,昆山杜克大学,https://dukekunshan.edu.cn/zh,https://zh.wikipedia.org/w/index.php?title=%E6%B1%9F%E8%8B%8F%E7%9C%81%E9%AB%98%E7%AD%89%E5%AD%A6%E6%A0%A1%E5%88%97%E8%A1%A8&oldid=83094077
4132012056,南通理工学院,http://www.ntit.edu.cn/,https://zh.wikipedia.org/w/index.php?title=%E6%B1%9F%E8%8B%8F%E7%9C%81%E9%AB%98%E7%AD%89%E5%AD%A6%E6%A0%A1%E5%88%97%E8%A1%A8&oldid=83094077
4132013993,南通大学杏林学院,https://xlxy.ntu.edu.cn/,https://zh.wikipedia.org/w/index.php?title=%E6%B1%9F%E8%8B%8F%E7%9C%81%E9%AB%98%E7%AD%89%E5%AD%A6%E6%A0%A1%E5%88%97%E8%A1%A8&oldid=83094077
4132011117,扬州大学,http://www.yzu.edu.cn/,https://zh.wikipedia.org/w/index.php?title=%E6%B1%9F%E8%8B%8F%E7%9C%81%E9%AB%98%E7%AD%89%E5%AD%A6%E6%A0%A1%E5%88%97%E8%A1%A8&oldid=83094077
4132013987,扬州大学广陵学院,http://glxy.yzu.edu.cn/,https://zh.wikipedia.org/w/index.php?title=%E6%B1%9F%E8%8B%8F%E7%9C%81%E9%AB%98%E7%AD%89%E5%AD%A6%E6%A0%A1%E5%88%97%E8%A1%A8&oldid=83094077
4132013906,南京师范大学中北学院,http://www.nnudy.edu.cn,https://zh.wikipedia.org/w/index.php?title=%E6%B1%9F%E8%8B%8F%E7%9C%81%E9%AB%98%E7%AD%89%E5%AD%A6%E6%A0%A1%E5%88%97%E8%A1%A8&oldid=83094077
4132013981,南京中医药大学翰林学院,http://www.hlxy.edu.cn/,https://zh.wikipedia.org/w/index.php?title=%E6%B1%9F%E8%8B%8F%E7%9C%81%E9%AB%98%E7%AD%89%E5%AD%A6%E6%A0%A1%E5%88%97%E8%A1%A8&oldid=83094077
4133010337,浙江工业大学,https://www.zjut.edu.cn/,https://zh.wikipedia.org/w/index.php?title=%E6%B5%99%E6%B1%9F%E7%9C%81%E9%AB%98%E7%AD%89%E5%AD%A6%E6%A0%A1%E5%88%97%E8%A1%A8&oldid=88710775
4133011481,浙江水利水电学院,http://www.zjweu.edu.cn,https://zh.wikipedia.org/w/index.php?title=%E6%B5%99%E6%B1%9F%E7%9C%81%E9%AB%98%E7%AD%89%E5%AD%A6%E6%A0%A1%E5%88%97%E8%A1%A8&oldid=88710775
4133011483,浙江警察学院,http://www.zjjcxy.cn/,https://zh.wikipedia.org/w/index.php?title=%E6%B5%99%E6%B1%9F%E7%9C%81%E9%AB%98%E7%AD%89%E5%AD%A6%E6%A0%A1%E5%88%97%E8%A1%A8&oldid=88710775
4133016301,宁波诺丁汉大学,https://www.nottingham.edu.cn/,https://zh.wikipedia.org/w/index.php?title=%E6%B5%99%E6%B1%9F%E7%9C%81%E9%AB%98%E7%AD%89%E5%AD%A6%E6%A0%A1%E5%88%97%E8%A1%A8&oldid=88710775
4133016207,浙江药科职业大学,https://www.zjpc.net.cn,https://zh.wikipedia.org/w/index.php?title=%E6%B5%99%E6%B1%9F%E7%9C%81%E9%AB%98%E7%AD%89%E5%AD%A6%E6%A0%A1%E5%88%97%E8%A1%A8&oldid=88710775
4133013285,浙江中医药大学滨江学院,http://www.zcmu.edu.cn/,https://zh.wikipedia.org/w/index.php?title=%E6%B5%99%E6%B1%9F%E7%9C%81%E9%AB%98%E7%AD%89%E5%AD%A6%E6%A0%A1%E5%88%97%E8%A1%A8&oldid=88710775
4133013290,浙江工商大学杭州商学院,http://www.zjhzcc.edu.cn/,https://zh.wikipedia.org/w/index.php?title=%E6%B5%99%E6%B1%9F%E7%9C%81%E9%AB%98%E7%AD%89%E5%AD%A6%E6%A0%A1%E5%88%97%E8%A1%A8&oldid=88710775
4133013275,浙江工业大学之江学院,https://www.zzjc.edu.cn/,https://zh.wikipedia.org/w/index.php?title=%E6%B5%99%E6%B1%9F%E7%9C%81%E9%AB%98%E7%AD%89%E5%AD%A6%E6%A0%A1%E5%88%97%E8%A1%A8&oldid=88710775
4133013280,浙江理工大学科技与艺术学院,http://www.ky.zstu.edu.cn/,https://zh.wikipedia.org/w/index.php?title=%E6%B5%99%E6%B1%9F%E7%9C%81%E9%AB%98%E7%AD%89%E5%AD%A6%E6%A0%A1%E5%88%97%E8%A1%A8&oldid=88710775
4134013616,合肥经济学院,http://www.hfue.edu.cn/（,https://zh.wikipedia.org/w/index.php?title=%E5%AE%89%E5%BE%BD%E7%9C%81%E9%AB%98%E7%AD%89%E5%AD%A6%E6%A0%A1%E5%88%97%E8%A1%A8&oldid=93692206
4134013614,马鞍山学院,http://icc.ahut.edu.cn/,https://zh.wikipedia.org/w/index.php?title=%E5%AE%89%E5%BE%BD%E7%9C%81%E9%AB%98%E7%AD%89%E5%AD%A6%E6%A0%A1%E5%88%97%E8%A1%A8&oldid=93692206
4134013618,安徽医科大学临床医学院,https://www.aycc.edu.cn/,https://zh.wikipedia.org/w/index.php?title=%E5%AE%89%E5%BE%BD%E7%9C%81%E9%AB%98%E7%AD%89%E5%AD%A6%E6%A0%A1%E5%88%97%E8%A1%A8&oldid=93692206
4135013766,泉州信息工程学院,http://www.qziedu.cn/,https://zh.wikipedia.org/w/index.php?title=%E7%A6%8F%E5%BB%BA%E7%9C%81%E9%AB%98%E7%AD%89%E5%AD%A6%E6%A0%A1%E5%88%97%E8%A1%A8&oldid=86809173
4135011312,龙岩学院,http://www.lyun.edu.cn/,https://zh.wikipedia.org/w/index.php?title=%E7%A6%8F%E5%BB%BA%E7%9C%81%E9%AB%98%E7%AD%89%E5%AD%A6%E6%A0%A1%E5%88%97%E8%A1%A8&oldid=86809173
4136014437,南昌师范学院,http://www.jxie.edu.cn/,https://zh.wikipedia.org/w/index.php?title=%E6%B1%9F%E8%A5%BF%E7%9C%81%E9%AB%98%E7%AD%89%E5%AD%A6%E6%A0%A1%E5%88%97%E8%A1%A8&oldid=84304247
4136011504,江西警察学院,http://www.jxga.com/,https://zh.wikipedia.org/w/index.php?title=%E6%B1%9F%E8%A5%BF%E7%9C%81%E9%AB%98%E7%AD%89%E5%AD%A6%E6%A0%A1%E5%88%97%E8%A1%A8&oldid=84304247
4136013774,豫章师范学院,http://www.yuznu.edu.cn/,https://zh.wikipedia.org/w/index.php?title=%E6%B1%9F%E8%A5%BF%E7%9C%81%E9%AB%98%E7%AD%89%E5%AD%A6%E6%A0%A1%E5%88%97%E8%A1%A8&oldid=84304247
4136012938,江西应用科技学院,http://www.jxcsedu.com/,https://zh.wikipedia.org/w/index.php?title=%E6%B1%9F%E8%A5%BF%E7%9C%81%E9%AB%98%E7%AD%89%E5%AD%A6%E6%A0%A1%E5%88%97%E8%A1%A8&oldid=84304247
4136013776,江西软件职业技术大学,http://www.jxuspt.com/,https://zh.wikipedia.org/w/index.php?title=%E6%B1%9F%E8%A5%BF%E7%9C%81%E9%AB%98%E7%AD%89%E5%AD%A6%E6%A0%A1%E5%88%97%E8%A1%A8&oldid=84304247
4136013433,南昌航空大学科技学院,http://kjxy.nchu.edu.cn/,https://zh.wikipedia.org/w/index.php?title=%E6%B1%9F%E8%A5%BF%E7%9C%81%E9%AB%98%E7%AD%89%E5%AD%A6%E6%A0%A1%E5%88%97%E8%A1%A8&oldid=84304247
4136013430,南昌大学共青学院,http://www.ndgy.cn/,https://zh.wikipedia.org/w/index.php?title=%E6%B1%9F%E8%A5%BF%E7%9C%81%E9%AB%98%E7%AD%89%E5%AD%A6%E6%A0%A1%E5%88%97%E8%A1%A8&oldid=84304247
4137014878,康复大学,https://www.uor.edu.cn/,https://zh.wikipedia.org/w/index.php?title=%E5%B1%B1%E4%B8%9C%E7%9C%81%E9%AB%98%E7%AD%89%E5%AD%A6%E6%A0%A1%E5%88%97%E8%A1%A8&oldid=92248337
4137013015,青岛恒星科技学院,http://www.hx.cn/,https://zh.wikipedia.org/w/index.php?title=%E5%B1%B1%E4%B8%9C%E7%9C%81%E9%AB%98%E7%AD%89%E5%AD%A6%E6%A0%A1%E5%88%97%E8%A1%A8&oldid=92248337
4137013378,青岛城市学院,http://www.qdc.cn/,https://zh.wikipedia.org/w/index.php?title=%E5%B1%B1%E4%B8%9C%E7%9C%81%E9%AB%98%E7%AD%89%E5%AD%A6%E6%A0%A1%E5%88%97%E8%A1%A8&oldid=92248337
4137012843,潍坊科技学院,http://www.wfkjxy.com.cn/,https://zh.wikipedia.org/w/index.php?title=%E5%B1%B1%E4%B8%9C%E7%9C%81%E9%AB%98%E7%AD%89%E5%AD%A6%E6%A0%A1%E5%88%97%E8%A1%A8&oldid=92248337
4137013624,泰山科技学院,http://taxq.sdust.edu.cn/,https://zh.wikipedia.org/w/index.php?title=%E5%B1%B1%E4%B8%9C%E7%9C%81%E9%AB%98%E7%AD%89%E5%AD%A6%E6%A0%A1%E5%88%97%E8%A1%A8&oldid=92248337
4141012949,郑州师范学院,http://www.zznu.edu.cn/,https://zh.wikipedia.org/w/index.php?title=%E6%B2%B3%E5%8D%97%E7%9C%81%E9%AB%98%E7%AD%89%E5%AD%A6%E6%A0%A1%E5%88%97%E8%A1%A8&oldid=84318560
4141011068,郑州工程技术学院,https://www.zzut.edu.cn/,https://zh.wikipedia.org/w/index.php?title=%E6%B2%B3%E5%8D%97%E7%9C%81%E9%AB%98%E7%AD%89%E5%AD%A6%E6%A0%A1%E5%88%97%E8%A1%A8&oldid=84318560
4141014654,郑州西亚斯学院,https://www.sias.edu.cn/,https://zh.wikipedia.org/w/index.php?title=%E6%B2%B3%E5%8D%97%E7%9C%81%E9%AB%98%E7%AD%89%E5%AD%A6%E6%A0%A1%E5%88%97%E8%A1%A8&oldid=84318560
4141013501,河南开封科技传媒学院,http://www.humc.edu.cn/,https://zh.wikipedia.org/w/index.php?title=%E6%B2%B3%E5%8D%97%E7%9C%81%E9%AB%98%E7%AD%89%E5%AD%A6%E6%A0%A1%E5%88%97%E8%A1%A8&oldid=84318560
4141011070,洛阳理工学院,http://www.lit.edu.cn/,https://zh.wikipedia.org/w/index.php?title=%E6%B2%B3%E5%8D%97%E7%9C%81%E9%AB%98%E7%AD%89%E5%AD%A6%E6%A0%A1%E5%88%97%E8%A1%A8&oldid=84318560
4141013503,信阳学院,http://www.hrxy.edu.cn/,https://zh.wikipedia.org/w/index.php?title=%E6%B2%B3%E5%8D%97%E7%9C%81%E9%AB%98%E7%AD%89%E5%AD%A6%E6%A0%A1%E5%88%97%E8%A1%A8&oldid=84318560
4141014879,河南体育学院,https://www.peczzu.edu.cn/,https://zh.wikipedia.org/w/index.php?title=%E6%B2%B3%E5%8D%97%E7%9C%81%E9%AB%98%E7%AD%89%E5%AD%A6%E6%A0%A1%E5%88%97%E8%A1%A8&oldid=84318560
4145011548,广西财经学院,http://www.gxufe.edu.cn/,https://zh.wikipedia.org/w/index.php?title=%E5%B9%BF%E8%A5%BF%E5%A3%AE%E6%97%8F%E8%87%AA%E6%B2%BB%E5%8C%BA%E9%AB%98%E7%AD%89%E5%AD%A6%E6%A0%A1%E5%88%97%E8%A1%A8&oldid=83920978
4145011549,南宁学院,http://www.nnxy.cn/,https://zh.wikipedia.org/w/index.php?title=%E5%B9%BF%E8%A5%BF%E5%A3%AE%E6%97%8F%E8%87%AA%E6%B2%BB%E5%8C%BA%E9%AB%98%E7%AD%89%E5%AD%A6%E6%A0%A1%E5%88%97%E8%A1%A8&oldid=83920978
4145013640,广西民族大学相思湖学院,http://xshxy.gxun.edu.cn/,https://zh.wikipedia.org/w/index.php?title=%E5%B9%BF%E8%A5%BF%E5%A3%AE%E6%97%8F%E8%87%AA%E6%B2%BB%E5%8C%BA%E9%AB%98%E7%AD%89%E5%AD%A6%E6%A0%A1%E5%88%97%E8%A1%A8&oldid=83920978
4145010599,右江民族医学院,http://www.ymcn.gx.cn/,https://zh.wikipedia.org/w/index.php?title=%E5%B9%BF%E8%A5%BF%E5%A3%AE%E6%97%8F%E8%87%AA%E6%B2%BB%E5%8C%BA%E9%AB%98%E7%AD%89%E5%AD%A6%E6%A0%A1%E5%88%97%E8%A1%A8&oldid=83920978
4145010609,百色学院,http://www.bsuc.cn/,https://zh.wikipedia.org/w/index.php?title=%E5%B9%BF%E8%A5%BF%E5%A3%AE%E6%97%8F%E8%87%AA%E6%B2%BB%E5%8C%BA%E9%AB%98%E7%AD%89%E5%AD%A6%E6%A0%A1%E5%88%97%E8%A1%A8&oldid=83920978
4154010696,西藏藏医药大学,http://www.ttmc.edu.cn/,https://zh.wikipedia.org/w/index.php?title=%E8%A5%BF%E8%97%8F%E8%87%AA%E6%B2%BB%E5%8C%BA%E9%AB%98%E7%AD%89%E5%AD%A6%E6%A0%A1%E5%88%97%E8%A1%A8&oldid=88007479
4161010708,陕西科技大学,http://www.sust.edu.cn/,https://zh.wikipedia.org/w/index.php?title=%E9%99%95%E8%A5%BF%E7%9C%81%E9%AB%98%E7%AD%89%E5%AD%A6%E6%A0%A1%E5%88%97%E8%A1%A8&oldid=94037575
4161011560,西安财经大学,http://www.xaufe.edu.cn/,https://zh.wikipedia.org/w/index.php?title=%E9%99%95%E8%A5%BF%E7%9C%81%E9%AB%98%E7%AD%89%E5%AD%A6%E6%A0%A1%E5%88%97%E8%A1%A8&oldid=94037575
4161012713,西安外事学院,http://www.xaiu.edu.cn/,https://zh.wikipedia.org/w/index.php?title=%E9%99%95%E8%A5%BF%E7%9C%81%E9%AB%98%E7%AD%89%E5%AD%A6%E6%A0%A1%E5%88%97%E8%A1%A8&oldid=94037575
4161013819,陕西警察学院,https://www.sxjgxy.edu.cn/,https://zh.wikipedia.org/w/index.php?title=%E9%99%95%E8%A5%BF%E7%9C%81%E9%AB%98%E7%AD%89%E5%AD%A6%E6%A0%A1%E5%88%97%E8%A1%A8&oldid=94037575
4161010720,陕西理工大学,http://www.snut.edu.cn/,https://zh.wikipedia.org/w/index.php?title=%E9%99%95%E8%A5%BF%E7%9C%81%E9%AB%98%E7%AD%89%E5%AD%A6%E6%A0%A1%E5%88%97%E8%A1%A8&oldid=94037575
4161013679,西安建筑科技大学华清学院,http://www.xauat-hqc.com/,https://zh.wikipedia.org/w/index.php?title=%E9%99%95%E8%A5%BF%E7%9C%81%E9%AB%98%E7%AD%89%E5%AD%A6%E6%A0%A1%E5%88%97%E8%A1%A8&oldid=94037575
4161013680,西安财经大学行知学院,http://www.xcxz.com.cn/,https://zh.wikipedia.org/w/index.php?title=%E9%99%95%E8%A5%BF%E7%9C%81%E9%AB%98%E7%AD%89%E5%AD%A6%E6%A0%A1%E5%88%97%E8%A1%A8&oldid=94037575
4161014034,长安大学兴华学院,http://xhxy.chd.edu.cn/,https://zh.wikipedia.org/w/index.php?title=%E9%99%95%E8%A5%BF%E7%9C%81%E9%AB%98%E7%AD%89%E5%AD%A6%E6%A0%A1%E5%88%97%E8%A1%A8&oldid=94037575
4161014042,西安科技大学高新学院,http://www.gx-xust.com/,https://zh.wikipedia.org/w/index.php?title=%E9%99%95%E8%A5%BF%E7%9C%81%E9%AB%98%E7%AD%89%E5%AD%A6%E6%A0%A1%E5%88%97%E8%A1%A8&oldid=94037575
4163010748,青海民族大学,http://www.qhmu.edu.cn/,https://zh.wikipedia.org/w/index.php?title=%E9%9D%92%E6%B5%B7%E7%9C%81%E9%AB%98%E7%AD%89%E5%AD%A6%E6%A0%A1%E5%88%97%E8%A1%A8&oldid=92797698
4163012973,青海职业技术大学,http://www.qhctc.edu.cn/,https://zh.wikipedia.org/w/index.php?title=%E9%9D%92%E6%B5%B7%E7%9C%81%E9%AB%98%E7%AD%89%E5%AD%A6%E6%A0%A1%E5%88%97%E8%A1%A8&oldid=92797698
