repository,commit,license,mode,matched_resource_schools,notes
xioajiumi/Chinese_Universities,e088fddc329a6f0148ca72fd3b4d0fe069f13e3a,MIT,v3字段并集/逐文件资料,556,基础导入补英文名/网站候选；字段扩展导入类型、2021排名及逐文件校徽链接，保留历史社区口径。
damitheswitch/china-universities-dataset,5eaa2a93f86ac322d53a36da9977d9a4c80f1f56,MIT,v3字段并集/逐文件资料,569,补英文名/网站候选，并导入类型、性质、授课语言、检索标识及2026排名社区记录；Pexels照片不当作校徽。
tuna/THU-Beamer-Theme,061f088d1c7e4b2d2f1f581f3745945ecbb63f25,LPPL-1.3c,社区资源入口,1,非学校官方发布。仓库只收社区入口和提取依据；未声明许可时不镜像或再分发上游文件。
CouesF/marp-theme-zju,5c5f362b78ac2c899b982af8a110172bacb4265e,not_declared,社区资源入口,1,非学校官方发布。仓库只收社区入口和提取依据；未声明许可时不镜像或再分发上游文件。
weijianwen/SJTU-logo-banner,e3e3378806ae5b6af33cfa4cb0db542efddae798,not_declared,社区资源入口,1,非学校官方发布。仓库只收社区入口和提取依据；未声明许可时不镜像或再分发上游文件。
sjtug/SJTUBeamer,72a76138446137c1090070ba0cf66cbe56b3bd80,Apache-2.0,社区资源入口,1,社区LaTeX/Beamer主题，需相应编译环境；不等同PPTX或校方发布。仅记录入口，不镜像字体、校徽或主题源码。使用前查阅上游许可。
ustctug/ustcbeamer,315cd85837074ebda261f6559bffacab6c5973ce,LPPL-1.3c,社区资源入口,1,社区LaTeX/Beamer主题，需相应编译环境；不等同PPTX或校方发布。仅记录入口，不镜像字体、校徽或主题源码。使用前查阅上游许可。
TouchFishPioneer/SEU-Beamer-Slide,a387c719a000956ea47071b30c225f7822203b94,GPL-3.0,社区资源入口,1,社区LaTeX/Beamer主题，需相应编译环境；不等同PPTX或校方发布。仅记录入口，不镜像字体、校徽或主题源码。使用前查阅上游许可。
icgw/ucas-beamer,cc75a0af0addaed81482af17055b68df47225338,MIT,社区资源入口,1,社区LaTeX/Beamer主题，需相应编译环境；不等同PPTX或校方发布。仅记录入口，不镜像字体、校徽或主题源码。使用前查阅上游许可。
FvNCCR228/SCU-Beamer-Theme,97a1f1421eec02bdeb3822d8993dc83b1a253f7e,LPPL-1.3c,社区资源入口,1,社区LaTeX/Beamer主题，需相应编译环境；不等同PPTX或校方发布。仅记录入口，不镜像字体、校徽或主题源码。使用前查阅上游许可。
inFaaa/PKU-Beamer-Theme,bdec7b9a8102a019ffdff670b3f96469ffb094ae,not_declared,社区资源入口,1,社区LaTeX/Beamer主题，需相应编译环境；不等同PPTX或校方发布。仅记录入口，不镜像字体、校徽或主题源码。使用前查阅上游许可。
liu-qilong/college-beamer,b70b18b39752ff327506b5cf012b5011a4e82bd9,CC-BY-4.0,社区资源入口,22,README列出本校主题选项；社区LaTeX/Beamer资源，非PPTX或校方发布。仓库收链接与版本，使用前查阅许可和校徽权利。
FitchCode/AllShoolData,f696fa3dd68382f2228df393fcec4e442c41e97e,not_declared,仅网址线索,0,仅链接线索，未镜像无许可数据文件；历史校名不做模糊映射。
PotoYang/UniversityCareerWebPage,0fbc54deee6a4a3aec67ffd77e41bccec898804e,MIT,MIT匹配子集,0,
lovefc/china_school_badge,04f59e07f4b809acc60493324af5ca4aa610153d,Apache-2.0,社区资源入口,294,CSS中文校名与本校全称匹配。社区校徽字体索引，LICENSE为Apache-2.0，但README另有保留作者及禁止倒卖说明。只收链接，未镜像字体或校徽；使用前核对上游条款及校徽权利。
jtchen2k/hcu,8aeab521eb07d38a273318b8123caabf332e66e4,GPL-3.0,社区资源入口,137,2022版社区校史项目；可作前身与沿革的检索起点，不等同现行官方口径。英文缩写不当作英文全名，占位描述不导入。只保存版本及入口，年份需结合校方历史起点解读。
DiamonWoo/Laosheng.top,aa2ff8054746491526a11b6fb2d9115f07386bbc,CC-BY-NC-ND-3.0,仅网址线索,0,作者大萌的2026目录。只作网址定位、记录链接事实，不镜像正文及完整目录，不将其内容重许可为CC BY。
csuvc/UniversitySipder,,not_imported,排除,0,无许可，目录主要为部门域名，不能以学校全称可靠匹配；未纳入
XanCafe/cn-universitysrv,,not_imported,排除,0,检索结果只提供名称和地区；教育部身份表已有，未导入
Magicdover/China-Universities-2026,419bdc7ce6956fc88c2b70b3979f170b6666f111,MIT,v3字段并集/逐文件资料,184,静态数据字面量解析，不执行上游JS。校徽仅逐文件链接；学科及招生数值保留社区、年份与参考口径。
HeyHuazi/SVGLOGO,142498f527ac2dd3116cc1feccb9670879839f74,MIT,v3字段并集/逐文件资料,115,读取school/_meta.yaml匹配校名，保存校徽与校名文字的具体文件及内容元数据；不镜像图形、不以代码许可替代图形授权。
CakeAL/beijing-univs-vis,9d61ae50d24885331c70fdabf796d9bcfcac6e7b,not_declared,v3字段并集/逐文件资料,45,无许可声明，仅提取官方资源链接、格式和访问条件事实；不镜像完整目录或原文。
RoboMaster/university_logos,3d645fc89869707bd7df8dba0f7e4bbcc4a60e14,not_declared,v3字段并集/逐文件资料,85,英文全名与本库唯一匹配后逐文件收录链接和元数据；版权归相应大学，没有图形再分发授权。
hewguo/gaokao2025,49145d9da9b9f36e6a419d63a5851fb053aad656,not_declared,字段结构参考,0,只读README中的高校/录取/专业/计划字段结构；没有原数据库与许可，未复制代码或原数据。
realJerryKing/university-insight,ea2eb0a4a83deb83075675f6e319ed30685b33d5,MIT,MIT匹配快照,143,完整匹配子集保留科研/生源/师资/就业原字段及年份与估算说明；社区检索别名可用于检索。未将笼统就业率、估算院士人数写入官方统计。
Hipo/university-domains-list,603e10f51b67c6553b9bca9aecc0db4c2417ed10,MIT,MIT匹配快照,271,中国399条中以已确认官网完整主机名或现有英文全名唯一匹配；保存历史英文名称/域名/国家与网址快照，不以域名关系推断更名或独立学院归属。
