school_code,name_zh,field,recorded_value,candidate_value,source,status
4144010558,中山大学,identity.name_en,SEN UNIVERSITY,Sun Yat-Sen University,https://github.com/xioajiumi/Chinese_Universities/blob/e088fddc329a6f0148ca72fd3b4d0fe069f13e3a/Chinese_Universities.json,community_difference_existing_value_preserved
4132010285,苏州大学,identity.name_en,Soochow University,Soochow University (China),https://github.com/xioajiumi/Chinese_Universities/blob/e088fddc329a6f0148ca72fd3b4d0fe069f13e3a/Chinese_Universities.json,community_difference_existing_value_preserved
4142010491,中国地质大学(武汉),identity.name_en,China University of Geosciences,China University of Geosciences (Wuhan),https://github.com/xioajiumi/Chinese_Universities/blob/e088fddc329a6f0148ca72fd3b4d0fe069f13e3a/Chinese_Universities.json,community_difference_existing_value_preserved
4132010290,中国矿业大学,identity.name_en,China University of Mining and Technology,China University of Mining and Technology - Xuzhou,https://github.com/xioajiumi/Chinese_Universities/blob/e088fddc329a6f0148ca72fd3b4d0fe069f13e3a/Chinese_Universities.json,community_difference_existing_value_preserved
4111011415,中国地质大学(北京),identity.name_en,China University of Geosciences Beijing,China University of Geosciences (Beijing),https://github.com/xioajiumi/Chinese_Universities/blob/e088fddc329a6f0148ca72fd3b4d0fe069f13e3a/Chinese_Universities.json,community_difference_existing_value_preserved
4137010445,山东师范大学,identity.name_en,Shandong Teachers’University,Shandong Normal University,https://github.com/xioajiumi/Chinese_Universities/blob/e088fddc329a6f0148ca72fd3b4d0fe069f13e3a/Chinese_Universities.json,community_difference_existing_value_preserved
4123010225,东北林业大学,identity.name_en,Northeast Forestry University,Northeast Forestry University - China,https://github.com/xioajiumi/Chinese_Universities/blob/e088fddc329a6f0148ca72fd3b4d0fe069f13e3a/Chinese_Universities.json,community_difference_existing_value_preserved
4123010224,东北农业大学,identity.name_en,Northeast Agricultural University,Northeast Agricultural University - China,https://github.com/xioajiumi/Chinese_Universities/blob/e088fddc329a6f0148ca72fd3b4d0fe069f13e3a/Chinese_Universities.json,community_difference_existing_value_preserved
4143010536,长沙理工大学,identity.name_en,Changsha University of Science&Technology,Changsha University of Science and Technology,https://github.com/xioajiumi/Chinese_Universities/blob/e088fddc329a6f0148ca72fd3b4d0fe069f13e3a/Chinese_Universities.json,community_difference_existing_value_preserved
4134010361,安徽理工大学,identity.name_en,Anhui University of Science & Technology,Anhui University of Science and Technology,https://github.com/xioajiumi/Chinese_Universities/blob/e088fddc329a6f0148ca72fd3b4d0fe069f13e3a/Chinese_Universities.json,community_difference_existing_value_preserved
4133013021,浙大城市学院,identity.name_en,Hangzhou City University,Zhejiang University City College,https://github.com/xioajiumi/Chinese_Universities/blob/e088fddc329a6f0148ca72fd3b4d0fe069f13e3a/Chinese_Universities.json,community_difference_existing_value_preserved
4150010642,重庆文理学院,identity.name_en,Chongqing University of Arts and Sciences,Chongqing University of Arts and Science,https://github.com/xioajiumi/Chinese_Universities/blob/e088fddc329a6f0148ca72fd3b4d0fe069f13e3a/Chinese_Universities.json,community_difference_existing_value_preserved
4151010622,四川轻化工大学,identity.name_en,Sichuan University of Science & Engineering,Sichuan University of Science and Engineering,https://github.com/xioajiumi/Chinese_Universities/blob/e088fddc329a6f0148ca72fd3b4d0fe069f13e3a/Chinese_Universities.json,community_difference_existing_value_preserved
4132011998,徐州工程学院,identity.name_en,XUZHOU UNIVERSITY OF TECHNOLOGY,Xuzhou Institute of Technology,https://github.com/xioajiumi/Chinese_Universities/blob/e088fddc329a6f0148ca72fd3b4d0fe069f13e3a/Chinese_Universities.json,community_difference_existing_value_preserved
4133013287,湖州学院,identity.name_en,Huzhou College,Huzhou University Qiuzhen College,https://github.com/xioajiumi/Chinese_Universities/blob/e088fddc329a6f0148ca72fd3b4d0fe069f13e3a/Chinese_Universities.json,community_difference_existing_value_preserved
4121010169,鞍山师范学院,identity.name_en,Anshan Normal University,Anshan Normal University Liaoning China,https://github.com/xioajiumi/Chinese_Universities/blob/e088fddc329a6f0148ca72fd3b4d0fe069f13e3a/Chinese_Universities.json,community_difference_existing_value_preserved
4152010670,黔南民族师范学院,identity.name_en,Qiannan Normal University for Nationalities,Qiannan Normal College for Nationalities,https://github.com/xioajiumi/Chinese_Universities/blob/e088fddc329a6f0148ca72fd3b4d0fe069f13e3a/Chinese_Universities.json,community_difference_existing_value_preserved
4133013289,温州理工学院,identity.name_en,Wenzhou University of Technology,Wenzhou University Oujiang College,https://github.com/xioajiumi/Chinese_Universities/blob/e088fddc329a6f0148ca72fd3b4d0fe069f13e3a/Chinese_Universities.json,community_difference_existing_value_preserved
4136013774,豫章师范学院,identity.name_en,Yuzhang Normal College,Yuzhang Normal University,https://github.com/xioajiumi/Chinese_Universities/blob/e088fddc329a6f0148ca72fd3b4d0fe069f13e3a/Chinese_Universities.json,community_difference_existing_value_preserved
4144010558,中山大学,identity.name_en,SEN UNIVERSITY,Sun Yat-sen University,https://github.com/damitheswitch/china-universities-dataset/blob/5eaa2a93f86ac322d53a36da9977d9a4c80f1f56/data/universities.json,community_difference_existing_value_preserved
4132010288,南京理工大学,identity.name_en,Nanjing University of Science and Technology,Nanjing University of Science & Technology,https://github.com/damitheswitch/china-universities-dataset/blob/5eaa2a93f86ac322d53a36da9977d9a4c80f1f56/data/universities.json,community_difference_existing_value_preserved
4137010445,山东师范大学,identity.name_en,Shandong Teachers’University,Shandong Normal University,https://github.com/damitheswitch/china-universities-dataset/blob/5eaa2a93f86ac322d53a36da9977d9a4c80f1f56/data/universities.json,community_difference_existing_value_preserved
4161010708,陕西科技大学,identity.name_en,Shaanxi University of Science and Technology,Shaanxi University of Science & Technology,https://github.com/damitheswitch/china-universities-dataset/blob/5eaa2a93f86ac322d53a36da9977d9a4c80f1f56/data/universities.json,community_difference_existing_value_preserved
4162010736,西北师范大学,identity.name_en,Northwest Normal University China,Northwest Normal University,https://github.com/damitheswitch/china-universities-dataset/blob/5eaa2a93f86ac322d53a36da9977d9a4c80f1f56/data/universities.json,community_difference_existing_value_preserved
4137010426,青岛科技大学,identity.name_en,Qingdao University of Science and Technology,Qingdao University of Science & Technology,https://github.com/damitheswitch/china-universities-dataset/blob/5eaa2a93f86ac322d53a36da9977d9a4c80f1f56/data/universities.json,community_difference_existing_value_preserved
4143010538,中南林业科技大学,identity.name_en,Central South University of Forestry and Technology,Central South University of Forestry & Technology,https://github.com/damitheswitch/china-universities-dataset/blob/5eaa2a93f86ac322d53a36da9977d9a4c80f1f56/data/universities.json,community_difference_existing_value_preserved
4121010148,辽宁石油化工大学,identity.name_en,Liaoning shihua University,Liaoning Petrochemical University,https://github.com/damitheswitch/china-universities-dataset/blob/5eaa2a93f86ac322d53a36da9977d9a4c80f1f56/data/universities.json,community_difference_existing_value_preserved
4131010274,上海海关学院,identity.name_en,Shanghai Customs College,Shanghai Customs University,https://github.com/damitheswitch/china-universities-dataset/blob/5eaa2a93f86ac322d53a36da9977d9a4c80f1f56/data/universities.json,community_difference_existing_value_preserved
4145010603,南宁师范大学,identity.name_en,Guangxi Teachers Education University,Nanning Normal University,https://github.com/damitheswitch/china-universities-dataset/blob/5eaa2a93f86ac322d53a36da9977d9a4c80f1f56/data/universities.json,community_difference_existing_value_preserved
4132013982,无锡学院,identity.name_en,"Nanjing University of Information Science and Technology, Binjiang College",Wuxi University,https://github.com/damitheswitch/china-universities-dataset/blob/5eaa2a93f86ac322d53a36da9977d9a4c80f1f56/data/universities.json,community_difference_existing_value_preserved
4136010408,景德镇陶瓷大学,identity.name_en,Jingdezhen Ceramic Institute,Jingdezhen Ceramic University,https://github.com/damitheswitch/china-universities-dataset/blob/5eaa2a93f86ac322d53a36da9977d9a4c80f1f56/data/universities.json,community_difference_existing_value_preserved
4132011641,江苏海洋大学,identity.name_en,Huaihai Institute of Technology,Jiangsu Ocean University,https://github.com/damitheswitch/china-universities-dataset/blob/5eaa2a93f86ac322d53a36da9977d9a4c80f1f56/data/universities.json,community_difference_existing_value_preserved
4151010622,四川轻化工大学,identity.name_en,Sichuan University of Science & Engineering,Sichuan University of Science and Engineering,https://github.com/damitheswitch/china-universities-dataset/blob/5eaa2a93f86ac322d53a36da9977d9a4c80f1f56/data/universities.json,community_difference_existing_value_preserved
4131012044,上海第二工业大学,identity.name_en,Shanghai Second Polytechnic University,Shanghai Polytechnic University,https://github.com/damitheswitch/china-universities-dataset/blob/5eaa2a93f86ac322d53a36da9977d9a4c80f1f56/data/universities.json,community_difference_existing_value_preserved
4152014223,贵州师范学院,identity.name_en,Guizhou Normal College,Guizhou Education University,https://github.com/damitheswitch/china-universities-dataset/blob/5eaa2a93f86ac322d53a36da9977d9a4c80f1f56/data/universities.json,community_difference_existing_value_preserved
4132013983,苏州城市学院,identity.name_en,Wenzheng College of Soochow University,Suzhou City University,https://github.com/damitheswitch/china-universities-dataset/blob/5eaa2a93f86ac322d53a36da9977d9a4c80f1f56/data/universities.json,community_difference_existing_value_preserved
4161011736,西安航空学院,identity.name_en,Xi'an Aeronautical University,Xihang University,https://github.com/damitheswitch/china-universities-dataset/blob/5eaa2a93f86ac322d53a36da9977d9a4c80f1f56/data/universities.json,community_difference_existing_value_preserved
4151010628,西昌学院,identity.name_en,Xichang College,Xichang University,https://github.com/damitheswitch/china-universities-dataset/blob/5eaa2a93f86ac322d53a36da9977d9a4c80f1f56/data/universities.json,community_difference_existing_value_preserved
4113010100,廊坊师范学院,identity.name_en,Langfang Teachers University,Langfang Normal University,https://github.com/damitheswitch/china-universities-dataset/blob/5eaa2a93f86ac322d53a36da9977d9a4c80f1f56/data/universities.json,community_difference_existing_value_preserved
4113010098,河北民族师范学院,identity.name_en,Hebei Normal University for Nationalities,Hebei Minzu Normal University,https://github.com/damitheswitch/china-universities-dataset/blob/5eaa2a93f86ac322d53a36da9977d9a4c80f1f56/data/universities.json,community_difference_existing_value_preserved
4151010646,阿坝师范学院,identity.name_en,Aba Teachers University,ABA TEACHERS COLLEGE,https://github.com/damitheswitch/china-universities-dataset/blob/5eaa2a93f86ac322d53a36da9977d9a4c80f1f56/data/universities.json,community_difference_existing_value_preserved
4136013432,赣东学院,identity.name_en,"East China Institute of Technology, Yangtze River College",Gandong University,https://github.com/damitheswitch/china-universities-dataset/blob/5eaa2a93f86ac322d53a36da9977d9a4c80f1f56/data/universities.json,community_difference_existing_value_preserved
4136013434,赣南科技学院,identity.name_en,"College of Applied Science, Jiangxi University of Science and Technology",Gannan University of Science and Technology,https://github.com/damitheswitch/china-universities-dataset/blob/5eaa2a93f86ac322d53a36da9977d9a4c80f1f56/data/universities.json,community_difference_existing_value_preserved
4162011561,甘肃民族师范学院,identity.name_en,Gansu Normal University for Nationalities,Gansu Minzu Normal University,https://github.com/damitheswitch/china-universities-dataset/blob/5eaa2a93f86ac322d53a36da9977d9a4c80f1f56/data/universities.json,community_difference_existing_value_preserved
4145010604,广西民族师范学院,identity.name_en,Guangxi Normal University for Nationalities,Guangxi Minzu Normal University,https://github.com/damitheswitch/china-universities-dataset/blob/5eaa2a93f86ac322d53a36da9977d9a4c80f1f56/data/universities.json,community_difference_existing_value_preserved
4145011546,广西科技师范学院,identity.name_en,Guangxi Science and Technology Normal University,Guangxi Science & Technology Normal University,https://github.com/damitheswitch/china-universities-dataset/blob/5eaa2a93f86ac322d53a36da9977d9a4c80f1f56/data/universities.json,community_difference_existing_value_preserved
4113010103,邯郸学院,identity.name_en,Handan College,Handan University,https://github.com/damitheswitch/china-universities-dataset/blob/5eaa2a93f86ac322d53a36da9977d9a4c80f1f56/data/universities.json,community_difference_existing_value_preserved
4115011631,河套学院,identity.name_en,Hetao University,Hetao college,https://github.com/damitheswitch/china-universities-dataset/blob/5eaa2a93f86ac322d53a36da9977d9a4c80f1f56/data/universities.json,community_difference_existing_value_preserved
4121011779,辽东学院,identity.name_en,Eastern Liaoning University,Liaodong University,https://github.com/damitheswitch/china-universities-dataset/blob/5eaa2a93f86ac322d53a36da9977d9a4c80f1f56/data/universities.json,community_difference_existing_value_preserved
4114010812,吕梁学院,identity.name_en,Luliang University,Lyuliang University,https://github.com/damitheswitch/china-universities-dataset/blob/5eaa2a93f86ac322d53a36da9977d9a4c80f1f56/data/universities.json,community_difference_existing_value_preserved
4152010666,兴义民族师范学院,identity.name_en,Xingyi Normal University for Nationalities,Minzu Normal University of Xingyi,https://github.com/damitheswitch/china-universities-dataset/blob/5eaa2a93f86ac322d53a36da9977d9a4c80f1f56/data/universities.json,community_difference_existing_value_preserved
4137013386,山东石油化工学院,identity.name_en,"Shengli College, China University of Petroleum",SHANDONG INSTITUTE OF PETROLEUM AND CHEMICAL TECHNOLOGY,https://github.com/damitheswitch/china-universities-dataset/blob/5eaa2a93f86ac322d53a36da9977d9a4c80f1f56/data/universities.json,community_difference_existing_value_preserved
4151011661,四川民族学院,identity.name_en,Sichuan University for Nationalities,Sichuan Minzu College,https://github.com/damitheswitch/china-universities-dataset/blob/5eaa2a93f86ac322d53a36da9977d9a4c80f1f56/data/universities.json,community_difference_existing_value_preserved
4113011033,唐山学院,identity.name_en,Tangshan College,Tangshan University,https://github.com/damitheswitch/china-universities-dataset/blob/5eaa2a93f86ac322d53a36da9977d9a4c80f1f56/data/universities.json,community_difference_existing_value_preserved
4136013774,豫章师范学院,identity.name_en,Yuzhang Normal College,Yuzhang Normal University,https://github.com/damitheswitch/china-universities-dataset/blob/5eaa2a93f86ac322d53a36da9977d9a4c80f1f56/data/universities.json,community_difference_existing_value_preserved
4141011068,郑州工程技术学院,identity.name_en,Zhengzhou Institute of Technology,Zhengzhou University of Technology,https://github.com/damitheswitch/china-universities-dataset/blob/5eaa2a93f86ac322d53a36da9977d9a4c80f1f56/data/universities.json,community_difference_existing_value_preserved
4111011415,中国地质大学(北京),identity.name_en,China University of Geosciences Beijing,China University of Geosciences (Beijing),https://github.com/damitheswitch/china-universities-dataset/blob/5eaa2a93f86ac322d53a36da9977d9a4c80f1f56/data/universities.json,community_difference_existing_value_preserved
4142010491,中国地质大学(武汉),identity.name_en,China University of Geosciences,China University of Geosciences (Wuhan),https://github.com/damitheswitch/china-universities-dataset/blob/5eaa2a93f86ac322d53a36da9977d9a4c80f1f56/data/universities.json,community_difference_existing_value_preserved
4132010285,苏州大学,identity.name_en,Soochow University,Soochow University (China),https://github.com/damitheswitch/china-universities-dataset/blob/5eaa2a93f86ac322d53a36da9977d9a4c80f1f56/data/universities.json,community_difference_existing_value_preserved
