school_code,name_zh,province,collection_status,attempted_pages,read_pages,access_gaps,explicit_candidates,checked_at,profile_path
4111010001,北京大学,北京市,researched_partial,7,7,0,1,2026-10-01,universities/北京市/4111010001/profile.yaml
4111010002,中国人民大学,北京市,researched_partial,13,10,3,8,2026-10-01,universities/北京市/4111010002/profile.yaml
4111010003,清华大学,北京市,researched_partial,12,11,1,3,2026-10-01,universities/北京市/4111010003/profile.yaml
4111010004,北京交通大学,北京市,researched_partial,11,11,0,3,2026-10-01,universities/北京市/4111010004/profile.yaml
4111010005,北京工业大学,北京市,researched_partial,11,11,0,8,2026-10-01,universities/北京市/4111010005/profile.yaml
4111010006,北京航空航天大学,北京市,researched_partial,14,14,0,2,2026-10-01,universities/北京市/4111010006/profile.yaml
4111010007,北京理工大学,北京市,researched_partial,12,11,1,6,2026-10-01,universities/北京市/4111010007/profile.yaml
4111010008,北京科技大学,北京市,researched_partial,14,13,1,6,2026-10-01,universities/北京市/4111010008/profile.yaml
4111010009,北方工业大学,北京市,researched_partial,15,15,0,6,2026-10-01,universities/北京市/4111010009/profile.yaml
4111010010,北京化工大学,北京市,researched_partial,15,15,0,3,2026-10-01,universities/北京市/4111010010/profile.yaml
4111010011,北京工商大学,北京市,researched_partial,10,8,2,0,2026-10-01,universities/北京市/4111010011/profile.yaml
4111010012,北京服装学院,北京市,researched_partial,11,11,0,6,2026-10-01,universities/北京市/4111010012/profile.yaml
4111010013,北京邮电大学,北京市,researched_partial,10,9,1,0,2026-10-01,universities/北京市/4111010013/profile.yaml
4111010015,北京印刷学院,北京市,researched_partial,12,11,1,3,2026-10-01,universities/北京市/4111010015/profile.yaml
4111010016,北京建筑大学,北京市,researched_partial,13,11,2,1,2026-10-01,universities/北京市/4111010016/profile.yaml
4111010017,北京石油化工学院,北京市,researched_partial,6,5,1,2,2026-10-01,universities/北京市/4111010017/profile.yaml
4111010018,北京电子科技学院,北京市,researched_partial,8,8,0,2,2026-10-01,universities/北京市/4111010018/profile.yaml
4111010019,中国农业大学,北京市,researched_partial,13,9,4,1,2026-10-01,universities/北京市/4111010019/profile.yaml
4111010020,北京农学院,北京市,researched_partial,7,7,0,5,2026-10-01,universities/北京市/4111010020/profile.yaml
4111010022,北京林业大学,北京市,researched_partial,10,10,0,2,2026-10-01,universities/北京市/4111010022/profile.yaml
4111010023,北京协和医学院,北京市,researched_partial,3,2,1,0,2026-10-01,universities/北京市/4111010023/profile.yaml
4111010025,首都医科大学,北京市,researched_partial,11,9,2,4,2026-10-01,universities/北京市/4111010025/profile.yaml
4111010026,北京中医药大学,北京市,researched_partial,8,7,1,4,2026-10-01,universities/北京市/4111010026/profile.yaml
4111010027,北京师范大学,北京市,researched_partial,8,8,0,3,2026-10-01,universities/北京市/4111010027/profile.yaml
4111010028,首都师范大学,北京市,researched_partial,11,11,0,0,2026-10-01,universities/北京市/4111010028/profile.yaml
4111010029,首都体育学院,北京市,researched_partial,7,5,2,1,2026-10-01,universities/北京市/4111010029/profile.yaml
4111010030,北京外国语大学,北京市,researched_partial,7,7,0,2,2026-10-01,universities/北京市/4111010030/profile.yaml
4111010031,北京第二外国语学院,北京市,access_limited,1,0,1,0,2026-10-01,universities/北京市/4111010031/profile.yaml
4111010032,北京语言大学,北京市,researched_partial,14,14,0,6,2026-10-01,universities/北京市/4111010032/profile.yaml
4111010033,中国传媒大学,北京市,researched_partial,8,8,0,1,2026-10-01,universities/北京市/4111010033/profile.yaml
4111010034,中央财经大学,北京市,researched_partial,9,9,0,7,2026-10-01,universities/北京市/4111010034/profile.yaml
4111010036,对外经济贸易大学,北京市,researched_partial,8,6,2,4,2026-10-01,universities/北京市/4111010036/profile.yaml
4111010037,北京物资学院,北京市,researched_partial,7,6,1,2,2026-10-01,universities/北京市/4111010037/profile.yaml
4111010038,首都经济贸易大学,北京市,researched_partial,10,9,1,8,2026-10-01,universities/北京市/4111010038/profile.yaml
4111010039,中国消防救援学院,北京市,needs_source,4,0,4,0,2026-10-01,universities/北京市/4111010039/profile.yaml
4111010040,外交学院,北京市,researched_partial,8,7,1,1,2026-10-01,universities/北京市/4111010040/profile.yaml
4111010041,中国人民公安大学,北京市,researched_partial,3,3,0,1,2026-10-01,universities/北京市/4111010041/profile.yaml
4111010042,国际关系学院,北京市,researched_partial,4,4,0,0,2026-10-01,universities/北京市/4111010042/profile.yaml
4111010043,北京体育大学,北京市,researched_partial,7,6,1,1,2026-10-01,universities/北京市/4111010043/profile.yaml
4111010045,中央音乐学院,北京市,researched_partial,6,6,0,0,2026-10-01,universities/北京市/4111010045/profile.yaml
4111010046,中国音乐学院,北京市,researched_partial,6,6,0,1,2026-10-01,universities/北京市/4111010046/profile.yaml
4111010047,中央美术学院,北京市,researched_partial,11,11,0,2,2026-10-01,universities/北京市/4111010047/profile.yaml
4111010048,中央戏剧学院,北京市,access_limited,1,0,1,0,2026-10-01,universities/北京市/4111010048/profile.yaml
4111010049,中国戏曲学院,北京市,researched_partial,5,4,1,2,2026-10-01,universities/北京市/4111010049/profile.yaml
4111010050,北京电影学院,北京市,researched_partial,5,2,3,0,2026-10-01,universities/北京市/4111010050/profile.yaml
4111010051,北京舞蹈学院,北京市,researched_partial,6,5,1,1,2026-10-01,universities/北京市/4111010051/profile.yaml
4111010052,中央民族大学,北京市,researched_partial,10,9,1,4,2026-10-01,universities/北京市/4111010052/profile.yaml
4111010053,中国政法大学,北京市,access_limited,1,0,1,0,2026-10-01,universities/北京市/4111010053/profile.yaml
4111010054,华北电力大学,北京市,researched_partial,13,13,0,5,2026-10-01,universities/北京市/4111010054/profile.yaml
4111011149,中华女子学院,北京市,researched_partial,12,12,0,5,2026-10-01,universities/北京市/4111011149/profile.yaml
4111011232,北京信息科技大学,北京市,researched_partial,14,12,2,3,2026-10-01,universities/北京市/4111011232/profile.yaml
4111011413,中国矿业大学(北京),北京市,researched_partial,10,8,2,3,2026-10-01,universities/北京市/4111011413/profile.yaml
4111011414,中国石油大学(北京),北京市,researched_partial,15,14,1,4,2026-10-01,universities/北京市/4111011414/profile.yaml
4111011415,中国地质大学(北京),北京市,researched_partial,14,14,0,4,2026-10-01,universities/北京市/4111011415/profile.yaml
4111011417,北京联合大学,北京市,researched_partial,4,4,0,0,2026-10-01,universities/北京市/4111011417/profile.yaml
4111011625,中国青年政治学院,北京市,researched_partial,6,6,0,0,2026-10-01,universities/北京市/4111011625/profile.yaml
4111011831,首钢工学院,北京市,researched_partial,9,9,0,2,2026-10-01,universities/北京市/4111011831/profile.yaml
4111012453,中国劳动关系学院,北京市,researched_partial,6,3,3,3,2026-10-01,universities/北京市/4111012453/profile.yaml
4111014019,北京警察学院,北京市,researched_partial,5,5,0,3,2026-10-01,universities/北京市/4111014019/profile.yaml
4111014430,中国科学院大学,北京市,researched_partial,12,12,0,0,2026-10-01,universities/北京市/4111014430/profile.yaml
4111014596,中国社会科学院大学,北京市,researched_partial,5,2,3,0,2026-10-01,universities/北京市/4111014596/profile.yaml
4112010055,南开大学,天津市,researched_partial,11,11,0,3,2026-10-01,universities/天津市/4112010055/profile.yaml
4112010056,天津大学,天津市,researched_partial,15,15,0,5,2026-10-01,universities/天津市/4112010056/profile.yaml
4112010057,天津科技大学,天津市,researched_partial,13,13,0,6,2026-10-01,universities/天津市/4112010057/profile.yaml
4112010058,天津工业大学,天津市,researched_partial,9,9,0,2,2026-10-01,universities/天津市/4112010058/profile.yaml
4112010059,中国民航大学,天津市,researched_partial,3,2,1,2,2026-10-01,universities/天津市/4112010059/profile.yaml
4112010060,天津理工大学,天津市,researched_partial,6,6,0,5,2026-10-01,universities/天津市/4112010060/profile.yaml
4112010061,天津农学院,天津市,access_limited,1,0,1,0,2026-10-01,universities/天津市/4112010061/profile.yaml
4112010062,天津医科大学,天津市,researched_partial,2,1,1,1,2026-10-01,universities/天津市/4112010062/profile.yaml
4112010063,天津中医药大学,天津市,researched_partial,8,6,2,3,2026-10-01,universities/天津市/4112010063/profile.yaml
4112010065,天津师范大学,天津市,access_limited,0,0,0,0,2026-10-01,universities/天津市/4112010065/profile.yaml
4112010066,天津职业技术师范大学,天津市,researched_partial,12,11,1,7,2026-10-01,universities/天津市/4112010066/profile.yaml
4112010068,天津外国语大学,天津市,researched_partial,7,6,1,1,2026-10-01,universities/天津市/4112010068/profile.yaml
4112010069,天津商业大学,天津市,researched_partial,10,10,0,4,2026-10-01,universities/天津市/4112010069/profile.yaml
4112010070,天津财经大学,天津市,researched_partial,5,5,0,5,2026-10-01,universities/天津市/4112010070/profile.yaml
4112010071,天津体育学院,天津市,researched_partial,8,7,1,4,2026-10-01,universities/天津市/4112010071/profile.yaml
4112010072,天津音乐学院,天津市,researched_partial,4,4,0,0,2026-10-01,universities/天津市/4112010072/profile.yaml
4112010073,天津美术学院,天津市,researched_partial,4,4,0,2,2026-10-01,universities/天津市/4112010073/profile.yaml
4112010792,天津城建大学,天津市,researched_partial,12,12,0,6,2026-10-01,universities/天津市/4112010792/profile.yaml
4112012105,天津中德应用技术大学,天津市,researched_partial,7,7,0,2,2026-10-01,universities/天津市/4112012105/profile.yaml
4112012723,天津警察学院,天津市,researched_partial,3,1,2,0,2026-10-01,universities/天津市/4112012723/profile.yaml
4113010075,河北大学,河北省,researched_partial,7,6,1,2,2026-10-01,universities/河北省/4113010075/profile.yaml
4113010076,河北工程大学,河北省,researched_partial,7,7,0,3,2026-10-01,universities/河北省/4113010076/profile.yaml
4113010077,河北地质大学,河北省,researched_partial,9,8,1,3,2026-10-01,universities/河北省/4113010077/profile.yaml
4113010080,河北工业大学,河北省,researched_partial,14,12,2,5,2026-10-01,universities/河北省/4113010080/profile.yaml
4113010081,华北理工大学,河北省,researched_partial,11,11,0,7,2026-10-01,universities/河北省/4113010081/profile.yaml
4113010082,河北科技大学,河北省,researched_partial,10,10,0,3,2026-10-01,universities/河北省/4113010082/profile.yaml
4113010084,河北建筑工程学院,河北省,access_limited,0,0,0,0,2026-10-01,universities/河北省/4113010084/profile.yaml
4113010085,河北水利电力学院,河北省,researched_partial,8,8,0,3,2026-10-01,universities/河北省/4113010085/profile.yaml
4113010086,河北农业大学,河北省,researched_partial,10,9,1,2,2026-10-01,universities/河北省/4113010086/profile.yaml
4113010089,河北医科大学,河北省,researched_partial,15,15,0,2,2026-10-01,universities/河北省/4113010089/profile.yaml
4113010092,河北北方学院,河北省,researched_partial,5,5,0,0,2026-10-01,universities/河北省/4113010092/profile.yaml
4113010093,承德医学院,河北省,researched_partial,5,4,1,1,2026-10-01,universities/河北省/4113010093/profile.yaml
4113010094,河北师范大学,河北省,researched_partial,8,8,0,5,2026-10-01,universities/河北省/4113010094/profile.yaml
4113010096,保定学院,河北省,researched_partial,5,5,0,1,2026-10-01,universities/河北省/4113010096/profile.yaml
4113010098,河北民族师范学院,河北省,researched_partial,9,9,0,1,2026-10-01,universities/河北省/4113010098/profile.yaml
4113010099,唐山师范学院,河北省,needs_source,4,0,4,0,2026-10-01,universities/河北省/4113010099/profile.yaml
4113010100,廊坊师范学院,河北省,access_limited,0,0,0,0,2026-10-01,universities/河北省/4113010100/profile.yaml
4113010101,衡水学院,河北省,needs_source,2,0,2,0,2026-10-01,universities/河北省/4113010101/profile.yaml
4113010102,石家庄学院,河北省,researched_partial,6,6,0,4,2026-10-01,universities/河北省/4113010102/profile.yaml
4113010103,邯郸学院,河北省,researched_partial,1,1,0,0,2026-10-01,universities/河北省/4113010103/profile.yaml
4113010104,邢台学院,河北省,researched_partial,9,9,0,6,2026-10-01,universities/河北省/4113010104/profile.yaml
4113010105,沧州师范学院,河北省,access_limited,1,0,1,0,2026-10-01,universities/河北省/4113010105/profile.yaml
4113010107,石家庄铁道大学,河北省,researched_partial,6,5,1,2,2026-10-01,universities/河北省/4113010107/profile.yaml
4113010216,燕山大学,河北省,researched_partial,12,11,1,4,2026-10-01,universities/河北省/4113010216/profile.yaml
4113010798,河北科技师范学院,河北省,researched_partial,10,10,0,2,2026-10-01,universities/河北省/4113010798/profile.yaml
4113011033,唐山学院,河北省,needs_source,2,0,2,0,2026-10-01,universities/河北省/4113011033/profile.yaml
4113011104,应急管理大学,河北省,researched_partial,8,6,2,0,2026-10-01,universities/河北省/4113011104/profile.yaml
4113011105,中国人民警察大学,河北省,researched_partial,5,5,0,2,2026-10-01,universities/河北省/4113011105/profile.yaml
4113011236,河北体育学院,河北省,researched_partial,14,14,0,2,2026-10-01,universities/河北省/4113011236/profile.yaml
4113011420,河北金融学院,河北省,researched_partial,14,11,3,5,2026-10-01,universities/河北省/4113011420/profile.yaml
4113011629,北华航天工业学院,河北省,access_limited,1,0,1,0,2026-10-01,universities/河北省/4113011629/profile.yaml
4113011832,河北经贸大学,河北省,researched_partial,8,8,0,2,2026-10-01,universities/河北省/4113011832/profile.yaml
4113011903,中央司法警官学院,河北省,researched_partial,3,3,0,1,2026-10-01,universities/河北省/4113011903/profile.yaml
4113013895,燕京理工学院,河北省,researched_partial,6,6,0,2,2026-10-01,universities/河北省/4113013895/profile.yaml
4113014432,河北中医药大学,河北省,researched_partial,10,10,0,6,2026-10-01,universities/河北省/4113014432/profile.yaml
4113014458,张家口学院,河北省,researched_partial,6,6,0,2,2026-10-01,universities/河北省/4113014458/profile.yaml
4213051721,河北环境工程学院,河北省,access_limited,1,0,1,0,2026-10-01,universities/河北省/4213051721/profile.yaml
4113012884,邢台医学院,河北省,researched_partial,11,11,0,5,2026-10-01,universities/河北省/4113012884/profile.yaml
4114010108,山西大学,山西省,researched_partial,7,7,0,2,2026-10-01,universities/山西省/4114010108/profile.yaml
4114010109,太原科技大学,山西省,researched_partial,9,9,0,4,2026-10-01,universities/山西省/4114010109/profile.yaml
4114010110,中北大学,山西省,researched_partial,10,10,0,2,2026-10-01,universities/山西省/4114010110/profile.yaml
4114010112,太原理工大学,山西省,researched_partial,11,11,0,6,2026-10-01,universities/山西省/4114010112/profile.yaml
4114010113,山西农业大学,山西省,researched_partial,7,7,0,2,2026-10-01,universities/山西省/4114010113/profile.yaml
4114010114,山西医科大学,山西省,needs_source,4,0,4,0,2026-10-01,universities/山西省/4114010114/profile.yaml
4114010117,长治医学院,山西省,researched_partial,10,10,0,3,2026-10-01,universities/山西省/4114010117/profile.yaml
4114010118,山西师范大学,山西省,researched_partial,3,3,0,1,2026-10-01,universities/山西省/4114010118/profile.yaml
4114010119,太原师范学院,山西省,needs_source,1,0,1,0,2026-10-01,universities/山西省/4114010119/profile.yaml
4114010120,山西大同大学,山西省,needs_source,6,0,6,0,2026-10-01,universities/山西省/4114010120/profile.yaml
4114010121,晋中学院,山西省,researched_partial,9,9,0,3,2026-10-01,universities/山西省/4114010121/profile.yaml
4114010122,长治学院,山西省,researched_partial,6,6,0,3,2026-10-01,universities/山西省/4114010122/profile.yaml
4114010123,运城学院,山西省,researched_partial,3,2,1,2,2026-10-01,universities/山西省/4114010123/profile.yaml
4114010124,忻州师范学院,山西省,researched_partial,10,10,0,4,2026-10-01,universities/山西省/4114010124/profile.yaml
4114010125,山西财经大学,山西省,researched_partial,9,6,3,3,2026-10-01,universities/山西省/4114010125/profile.yaml
4114010809,山西中医药大学,山西省,access_limited,0,0,0,0,2026-10-01,universities/山西省/4114010809/profile.yaml
4114010812,吕梁学院,山西省,researched_partial,11,7,4,2,2026-10-01,universities/山西省/4114010812/profile.yaml
4114011242,太原学院,山西省,researched_partial,8,6,2,4,2026-10-01,universities/山西省/4114011242/profile.yaml
4114012111,山西警察学院,山西省,needs_source,1,0,1,0,2026-10-01,universities/山西省/4114012111/profile.yaml
4114013534,山西工学院,山西省,needs_source,1,0,1,0,2026-10-01,universities/山西省/4114013534/profile.yaml
4114013537,山西电子科技学院,山西省,researched_partial,10,10,0,1,2026-10-01,universities/山西省/4114013537/profile.yaml
4114013597,山西科技学院,山西省,researched_partial,8,8,0,4,2026-10-01,universities/山西省/4114013597/profile.yaml
4114014101,太原工业学院,山西省,researched_partial,11,10,1,4,2026-10-01,universities/山西省/4114014101/profile.yaml
4114014434,山西传媒学院,山西省,researched_partial,9,9,0,5,2026-10-01,universities/山西省/4114014434/profile.yaml
4114014527,山西工程技术学院,山西省,needs_source,3,0,3,0,2026-10-01,universities/山西省/4114014527/profile.yaml
4214051189,山西能源学院,山西省,access_limited,0,0,0,0,2026-10-01,universities/山西省/4214051189/profile.yaml
4114014898,山西医药学院,山西省,researched_partial,5,2,3,0,2026-10-01,universities/山西省/4114014898/profile.yaml
4115010126,内蒙古大学,内蒙古自治区,researched_partial,4,4,0,0,2026-10-01,universities/内蒙古自治区/4115010126/profile.yaml
4115010127,内蒙古科技大学,内蒙古自治区,researched_partial,10,10,0,2,2026-10-01,universities/内蒙古自治区/4115010127/profile.yaml
4115010128,内蒙古工业大学,内蒙古自治区,researched_partial,12,11,1,6,2026-10-01,universities/内蒙古自治区/4115010128/profile.yaml
4115010129,内蒙古农业大学,内蒙古自治区,researched_partial,3,3,0,0,2026-10-01,universities/内蒙古自治区/4115010129/profile.yaml
4115010132,内蒙古医科大学,内蒙古自治区,researched_partial,3,1,2,0,2026-10-01,universities/内蒙古自治区/4115010132/profile.yaml
4115010135,内蒙古师范大学,内蒙古自治区,researched_partial,4,4,0,2,2026-10-01,universities/内蒙古自治区/4115010135/profile.yaml
4115010136,内蒙古民族大学,内蒙古自治区,researched_partial,9,9,0,2,2026-10-01,universities/内蒙古自治区/4115010136/profile.yaml
4115010138,赤峰大学,内蒙古自治区,researched_partial,5,3,2,0,2026-10-01,universities/内蒙古自治区/4115010138/profile.yaml
4115010139,内蒙古财经大学,内蒙古自治区,researched_partial,7,7,0,4,2026-10-01,universities/内蒙古自治区/4115010139/profile.yaml
4115010819,呼伦贝尔学院,内蒙古自治区,researched_partial,7,7,0,2,2026-10-01,universities/内蒙古自治区/4115010819/profile.yaml
4115011427,集宁师范学院,内蒙古自治区,researched_partial,10,9,1,3,2026-10-01,universities/内蒙古自治区/4115011427/profile.yaml
4115011631,河套学院,内蒙古自治区,needs_source,4,0,4,0,2026-10-01,universities/内蒙古自治区/4115011631/profile.yaml
4115011709,呼和浩特民族学院,内蒙古自治区,researched_partial,14,13,1,6,2026-10-01,universities/内蒙古自治区/4115011709/profile.yaml
4115014531,内蒙古艺术学院,内蒙古自治区,access_limited,0,0,0,0,2026-10-01,universities/内蒙古自治区/4115014531/profile.yaml
4115014532,鄂尔多斯应用技术学院,内蒙古自治区,access_limited,0,0,0,0,2026-10-01,universities/内蒙古自治区/4115014532/profile.yaml
4115012797,内蒙古警察学院,内蒙古自治区,researched_partial,8,7,1,1,2026-10-01,universities/内蒙古自治区/4115012797/profile.yaml
4121010140,辽宁大学,辽宁省,researched_partial,9,9,0,1,2026-10-01,universities/辽宁省/4121010140/profile.yaml
4121010141,大连理工大学,辽宁省,researched_partial,15,14,1,2,2026-10-01,universities/辽宁省/4121010141/profile.yaml
4121010142,沈阳工业大学,辽宁省,access_limited,1,0,1,0,2026-10-01,universities/辽宁省/4121010142/profile.yaml
4121010143,沈阳航空航天大学,辽宁省,researched_partial,6,6,0,1,2026-10-01,universities/辽宁省/4121010143/profile.yaml
4121010144,沈阳理工大学,辽宁省,needs_source,3,0,3,0,2026-10-01,universities/辽宁省/4121010144/profile.yaml
4121010145,东北大学,辽宁省,researched_partial,15,15,0,6,2026-10-01,universities/辽宁省/4121010145/profile.yaml
4121010146,辽宁科技大学,辽宁省,access_limited,0,0,0,0,2026-10-01,universities/辽宁省/4121010146/profile.yaml
4121010147,辽宁工程技术大学,辽宁省,access_limited,0,0,0,0,2026-10-01,universities/辽宁省/4121010147/profile.yaml
4121010148,辽宁石油化工大学,辽宁省,researched_partial,13,8,5,1,2026-10-01,universities/辽宁省/4121010148/profile.yaml
4121010149,沈阳化工大学,辽宁省,researched_partial,9,9,0,8,2026-10-01,universities/辽宁省/4121010149/profile.yaml
4121010150,大连交通大学,辽宁省,researched_partial,8,8,0,2,2026-10-01,universities/辽宁省/4121010150/profile.yaml
4121010151,大连海事大学,辽宁省,researched_partial,14,13,1,4,2026-10-01,universities/辽宁省/4121010151/profile.yaml
4121010152,大连工业大学,辽宁省,researched_partial,1,1,0,0,2026-10-01,universities/辽宁省/4121010152/profile.yaml
4121010153,沈阳建筑大学,辽宁省,access_limited,3,0,3,0,2026-10-01,universities/辽宁省/4121010153/profile.yaml
4121010154,辽宁工业大学,辽宁省,researched_partial,11,11,0,3,2026-10-01,universities/辽宁省/4121010154/profile.yaml
4121010157,沈阳农业大学,辽宁省,needs_source,1,0,1,0,2026-10-01,universities/辽宁省/4121010157/profile.yaml
4121010158,大连海洋大学,辽宁省,access_limited,1,0,1,0,2026-10-01,universities/辽宁省/4121010158/profile.yaml
4121010159,中国医科大学,辽宁省,researched_partial,13,13,0,6,2026-10-01,universities/辽宁省/4121010159/profile.yaml
4121010160,锦州医科大学,辽宁省,researched_partial,2,2,0,1,2026-10-01,universities/辽宁省/4121010160/profile.yaml
4121010161,大连医科大学,辽宁省,researched_partial,8,7,1,3,2026-10-01,universities/辽宁省/4121010161/profile.yaml
4121010162,辽宁中医药大学,辽宁省,researched_partial,5,4,1,2,2026-10-01,universities/辽宁省/4121010162/profile.yaml
4121010163,沈阳药科大学,辽宁省,researched_partial,7,7,0,1,2026-10-01,universities/辽宁省/4121010163/profile.yaml
4121010164,沈阳医学院,辽宁省,researched_partial,8,8,0,3,2026-10-01,universities/辽宁省/4121010164/profile.yaml
4121010165,辽宁师范大学,辽宁省,researched_partial,6,3,3,2,2026-10-01,universities/辽宁省/4121010165/profile.yaml
4121010166,沈阳师范大学,辽宁省,researched_partial,10,10,0,5,2026-10-01,universities/辽宁省/4121010166/profile.yaml
4121010167,渤海大学,辽宁省,researched_partial,1,1,0,0,2026-10-01,universities/辽宁省/4121010167/profile.yaml
4121010169,鞍山师范学院,辽宁省,researched_partial,7,6,1,4,2026-10-01,universities/辽宁省/4121010169/profile.yaml
4121010172,大连外国语大学,辽宁省,researched_partial,12,12,0,8,2026-10-01,universities/辽宁省/4121010172/profile.yaml
4121010173,东北财经大学,辽宁省,needs_source,5,0,5,0,2026-10-01,universities/辽宁省/4121010173/profile.yaml
4121010175,中国刑事警察学院,辽宁省,researched_partial,9,9,0,4,2026-10-01,universities/辽宁省/4121010175/profile.yaml
4121010176,沈阳体育学院,辽宁省,researched_partial,10,10,0,2,2026-10-01,universities/辽宁省/4121010176/profile.yaml
4121010177,沈阳音乐学院,辽宁省,researched_partial,5,4,1,1,2026-10-01,universities/辽宁省/4121010177/profile.yaml
4121010178,鲁迅美术学院,辽宁省,researched_partial,9,9,0,5,2026-10-01,universities/辽宁省/4121010178/profile.yaml
4121011035,沈阳大学,辽宁省,researched_partial,5,5,0,0,2026-10-01,universities/辽宁省/4121011035/profile.yaml
4121011258,大连大学,辽宁省,researched_partial,4,4,0,3,2026-10-01,universities/辽宁省/4121011258/profile.yaml
4121011430,辽宁科技学院,辽宁省,researched_partial,9,9,0,6,2026-10-01,universities/辽宁省/4121011430/profile.yaml
4121011432,辽宁警察学院,辽宁省,researched_partial,3,2,1,0,2026-10-01,universities/辽宁省/4121011432/profile.yaml
4121011632,沈阳工程学院,辽宁省,researched_partial,9,8,1,2,2026-10-01,universities/辽宁省/4121011632/profile.yaml
4121011779,辽东学院,辽宁省,needs_source,1,0,1,0,2026-10-01,universities/辽宁省/4121011779/profile.yaml
4121012026,大连民族大学,辽宁省,researched_partial,8,8,0,0,2026-10-01,universities/辽宁省/4121012026/profile.yaml
4121013201,沈阳工学院,辽宁省,researched_partial,6,5,1,4,2026-10-01,universities/辽宁省/4121013201/profile.yaml
4121014435,营口理工学院,辽宁省,researched_partial,2,1,1,0,2026-10-01,universities/辽宁省/4121014435/profile.yaml
4121010171,朝阳师范学院,辽宁省,researched_partial,5,4,1,2,2026-10-01,universities/辽宁省/4121010171/profile.yaml
4122010183,吉林大学,吉林省,researched_partial,15,14,1,5,2026-10-01,universities/吉林省/4122010183/profile.yaml
4122010184,延边大学,吉林省,access_limited,2,0,2,0,2026-10-01,universities/吉林省/4122010184/profile.yaml
4122010186,长春理工大学,吉林省,researched_partial,7,5,2,1,2026-10-01,universities/吉林省/4122010186/profile.yaml
4122010188,东北电力大学,吉林省,needs_source,5,0,5,0,2026-10-01,universities/吉林省/4122010188/profile.yaml
4122010190,长春工业大学,吉林省,researched_partial,9,9,0,4,2026-10-01,universities/吉林省/4122010190/profile.yaml
4122010191,吉林建筑大学,吉林省,access_limited,1,0,1,0,2026-10-01,universities/吉林省/4122010191/profile.yaml
4122010192,吉林化工大学,吉林省,needs_source,2,0,2,0,2026-10-01,universities/吉林省/4122010192/profile.yaml
4122010193,吉林农业大学,吉林省,researched_partial,13,12,1,5,2026-10-01,universities/吉林省/4122010193/profile.yaml
4122010199,长春中医药大学,吉林省,researched_partial,6,2,4,0,2026-10-01,universities/吉林省/4122010199/profile.yaml
4122010200,东北师范大学,吉林省,researched_partial,1,1,0,0,2026-10-01,universities/吉林省/4122010200/profile.yaml
4122010201,北华大学,吉林省,researched_partial,15,15,0,2,2026-10-01,universities/吉林省/4122010201/profile.yaml
4122010202,通化师范学院,吉林省,access_limited,1,0,1,0,2026-10-01,universities/吉林省/4122010202/profile.yaml
4122010203,吉林师范大学,吉林省,researched_partial,5,5,0,2,2026-10-01,universities/吉林省/4122010203/profile.yaml
4122010204,吉林工程技术师范学院,吉林省,researched_partial,7,7,0,3,2026-10-01,universities/吉林省/4122010204/profile.yaml
4122010205,长春师范大学,吉林省,needs_source,2,0,2,0,2026-10-01,universities/吉林省/4122010205/profile.yaml
4122010206,白城师范学院,吉林省,needs_source,4,0,4,0,2026-10-01,universities/吉林省/4122010206/profile.yaml
4122010207,吉林财经大学,吉林省,researched_partial,10,10,0,3,2026-10-01,universities/吉林省/4122010207/profile.yaml
4122010208,吉林体育学院,吉林省,researched_partial,6,6,0,3,2026-10-01,universities/吉林省/4122010208/profile.yaml
4122010209,吉林艺术学院,吉林省,researched_partial,7,7,0,2,2026-10-01,universities/吉林省/4122010209/profile.yaml
4122010964,吉林外国语大学,吉林省,access_limited,0,0,0,0,2026-10-01,universities/吉林省/4122010964/profile.yaml
4122011261,吉林工商学院,吉林省,researched_partial,10,10,0,4,2026-10-01,universities/吉林省/4122011261/profile.yaml
4122011437,长春工程学院,吉林省,researched_partial,10,9,1,6,2026-10-01,universities/吉林省/4122011437/profile.yaml
4122011439,吉林农业科技学院,吉林省,access_limited,1,0,1,0,2026-10-01,universities/吉林省/4122011439/profile.yaml
4122011441,吉林警察学院,吉林省,researched_partial,3,2,1,0,2026-10-01,universities/吉林省/4122011441/profile.yaml
4122011726,长春大学,吉林省,needs_source,3,0,3,0,2026-10-01,universities/吉林省/4122011726/profile.yaml
4122013706,吉林医药学院,吉林省,access_limited,1,0,1,0,2026-10-01,universities/吉林省/4122013706/profile.yaml
4123010212,黑龙江大学,黑龙江省,researched_partial,14,14,0,3,2026-10-01,universities/黑龙江省/4123010212/profile.yaml
4123010213,哈尔滨工业大学,黑龙江省,researched_partial,8,8,0,5,2026-10-01,universities/黑龙江省/4123010213/profile.yaml
4123010214,哈尔滨理工大学,黑龙江省,researched_partial,10,10,0,4,2026-10-01,universities/黑龙江省/4123010214/profile.yaml
4123010217,哈尔滨工程大学,黑龙江省,researched_partial,8,8,0,3,2026-10-01,universities/黑龙江省/4123010217/profile.yaml
4123010219,黑龙江科技大学,黑龙江省,researched_partial,16,16,0,3,2026-10-01,universities/黑龙江省/4123010219/profile.yaml
4123010220,东北石油大学,黑龙江省,researched_partial,6,6,0,1,2026-10-01,universities/黑龙江省/4123010220/profile.yaml
4123010222,佳木斯大学,黑龙江省,access_limited,1,0,1,0,2026-10-01,universities/黑龙江省/4123010222/profile.yaml
4123010223,黑龙江八一农垦大学,黑龙江省,access_limited,1,0,1,0,2026-10-01,universities/黑龙江省/4123010223/profile.yaml
4123010224,东北农业大学,黑龙江省,researched_partial,13,13,0,3,2026-10-01,universities/黑龙江省/4123010224/profile.yaml
4123010225,东北林业大学,黑龙江省,researched_partial,13,13,0,2,2026-10-01,universities/黑龙江省/4123010225/profile.yaml
4123010226,哈尔滨医科大学,黑龙江省,researched_partial,10,10,0,2,2026-10-01,universities/黑龙江省/4123010226/profile.yaml
4123010228,黑龙江中医药大学,黑龙江省,needs_source,5,0,5,0,2026-10-01,universities/黑龙江省/4123010228/profile.yaml
4123010229,牡丹江医科大学,黑龙江省,needs_source,2,0,2,0,2026-10-01,universities/黑龙江省/4123010229/profile.yaml
4123010231,哈尔滨师范大学,黑龙江省,researched_partial,8,8,0,7,2026-10-01,universities/黑龙江省/4123010231/profile.yaml
4123010232,齐齐哈尔大学,黑龙江省,researched_partial,7,7,0,2,2026-10-01,universities/黑龙江省/4123010232/profile.yaml
4123010233,牡丹江师范学院,黑龙江省,access_limited,1,0,1,0,2026-10-01,universities/黑龙江省/4123010233/profile.yaml
4123010234,哈尔滨学院,黑龙江省,researched_partial,7,6,1,1,2026-10-01,universities/黑龙江省/4123010234/profile.yaml
4123010235,大庆师范学院,黑龙江省,researched_partial,7,6,1,6,2026-10-01,universities/黑龙江省/4123010235/profile.yaml
4123010236,绥化学院,黑龙江省,researched_partial,6,6,0,1,2026-10-01,universities/黑龙江省/4123010236/profile.yaml
4123010240,哈尔滨商业大学,黑龙江省,needs_source,5,0,5,0,2026-10-01,universities/黑龙江省/4123010240/profile.yaml
4123010242,哈尔滨体育学院,黑龙江省,researched_partial,12,12,0,0,2026-10-01,universities/黑龙江省/4123010242/profile.yaml
4123010245,哈尔滨金融学院,黑龙江省,researched_partial,4,1,3,0,2026-10-01,universities/黑龙江省/4123010245/profile.yaml
4123011230,齐齐哈尔医学院,黑龙江省,researched_partial,8,6,2,0,2026-10-01,universities/黑龙江省/4123011230/profile.yaml
4123011445,黑龙江工业学院,黑龙江省,needs_source,2,0,2,0,2026-10-01,universities/黑龙江省/4123011445/profile.yaml
4123011802,黑龙江工程学院,黑龙江省,researched_partial,7,7,0,3,2026-10-01,universities/黑龙江省/4123011802/profile.yaml
4123013744,黑河学院,黑龙江省,researched_partial,7,7,0,5,2026-10-01,universities/黑龙江省/4123013744/profile.yaml
4123014560,哈尔滨音乐学院,黑龙江省,researched_partial,9,7,2,0,2026-10-01,universities/黑龙江省/4123014560/profile.yaml
4131010246,复旦大学,上海市,researched_partial,8,8,0,2,2026-10-01,universities/上海市/4131010246/profile.yaml
4131010247,同济大学,上海市,researched_partial,9,8,1,3,2026-10-01,universities/上海市/4131010247/profile.yaml
4131010248,上海交通大学,上海市,researched_partial,5,5,0,0,2026-10-01,universities/上海市/4131010248/profile.yaml
4131010251,华东理工大学,上海市,researched_partial,15,15,0,4,2026-10-01,universities/上海市/4131010251/profile.yaml
4131010252,上海理工大学,上海市,researched_partial,11,11,0,5,2026-10-01,universities/上海市/4131010252/profile.yaml
4131010254,上海海事大学,上海市,researched_partial,8,8,0,1,2026-10-01,universities/上海市/4131010254/profile.yaml
4131010255,东华大学,上海市,researched_partial,15,15,0,9,2026-10-01,universities/上海市/4131010255/profile.yaml
4131010256,上海电力大学,上海市,researched_partial,12,12,0,4,2026-10-01,universities/上海市/4131010256/profile.yaml
4131010259,上海应用技术大学,上海市,access_limited,0,0,0,0,2026-10-01,universities/上海市/4131010259/profile.yaml
4131010262,上海健康医学院,上海市,researched_partial,8,7,1,0,2026-10-01,universities/上海市/4131010262/profile.yaml
4131010264,上海海洋大学,上海市,researched_partial,12,12,0,4,2026-10-01,universities/上海市/4131010264/profile.yaml
4131010268,上海中医药大学,上海市,researched_partial,7,7,0,4,2026-10-01,universities/上海市/4131010268/profile.yaml
4131010269,华东师范大学,上海市,researched_partial,12,12,0,4,2026-10-01,universities/上海市/4131010269/profile.yaml
4131010270,上海师范大学,上海市,researched_partial,12,12,0,4,2026-10-01,universities/上海市/4131010270/profile.yaml
4131010271,上海外国语大学,上海市,researched_partial,9,9,0,6,2026-10-01,universities/上海市/4131010271/profile.yaml
4131010272,上海财经大学,上海市,researched_partial,14,14,0,7,2026-10-01,universities/上海市/4131010272/profile.yaml
4131010273,上海对外经贸大学,上海市,researched_partial,8,8,0,2,2026-10-01,universities/上海市/4131010273/profile.yaml
4131010274,上海海关学院,上海市,researched_partial,3,2,1,3,2026-10-01,universities/上海市/4131010274/profile.yaml
4131010276,华东政法大学,上海市,researched_partial,15,15,0,6,2026-10-01,universities/上海市/4131010276/profile.yaml
4131010277,上海体育大学,上海市,access_limited,1,0,1,0,2026-10-01,universities/上海市/4131010277/profile.yaml
4131010278,上海音乐学院,上海市,researched_partial,8,8,0,0,2026-10-01,universities/上海市/4131010278/profile.yaml
4131010279,上海戏剧学院,上海市,researched_partial,11,11,0,3,2026-10-01,universities/上海市/4131010279/profile.yaml
4131010280,上海大学,上海市,researched_partial,9,8,1,1,2026-10-01,universities/上海市/4131010280/profile.yaml
4131010283,上海公安学院,上海市,researched_partial,7,5,2,3,2026-10-01,universities/上海市/4131010283/profile.yaml
4131010856,上海工程技术大学,上海市,researched_partial,14,14,0,8,2026-10-01,universities/上海市/4131010856/profile.yaml
4131011047,上海立信会计金融学院,上海市,researched_partial,12,5,7,0,2026-10-01,universities/上海市/4131011047/profile.yaml
4131011458,上海电机学院,上海市,researched_partial,11,10,1,6,2026-10-01,universities/上海市/4131011458/profile.yaml
4131011835,上海政法学院,上海市,researched_partial,8,7,1,4,2026-10-01,universities/上海市/4131011835/profile.yaml
4131012044,上海第二工业大学,上海市,researched_partial,4,2,2,1,2026-10-01,universities/上海市/4131012044/profile.yaml
4131012050,上海商学院,上海市,researched_partial,5,4,1,1,2026-10-01,universities/上海市/4131012050/profile.yaml
4131014423,上海科技大学,上海市,researched_partial,4,4,0,1,2026-10-01,universities/上海市/4131014423/profile.yaml
4131016404,上海纽约大学,上海市,access_limited,2,0,2,0,2026-10-01,universities/上海市/4131016404/profile.yaml
4132010284,南京大学,江苏省,researched_partial,6,6,0,0,2026-10-01,universities/江苏省/4132010284/profile.yaml
4132010285,苏州大学,江苏省,researched_partial,8,8,0,1,2026-10-01,universities/江苏省/4132010285/profile.yaml
4132010286,东南大学,江苏省,researched_partial,14,11,3,2,2026-10-01,universities/江苏省/4132010286/profile.yaml
4132010287,南京航空航天大学,江苏省,researched_partial,6,4,2,0,2026-10-01,universities/江苏省/4132010287/profile.yaml
4132010288,南京理工大学,江苏省,needs_source,1,0,1,0,2026-10-01,universities/江苏省/4132010288/profile.yaml
4132010289,江苏科技大学,江苏省,researched_partial,15,15,0,9,2026-10-01,universities/江苏省/4132010289/profile.yaml
4132010290,中国矿业大学,江苏省,researched_partial,9,8,1,3,2026-10-01,universities/江苏省/4132010290/profile.yaml
4132010291,南京工业大学,江苏省,researched_partial,6,6,0,2,2026-10-01,universities/江苏省/4132010291/profile.yaml
4132010292,常州大学,江苏省,researched_partial,15,15,0,4,2026-10-01,universities/江苏省/4132010292/profile.yaml
4132010293,南京邮电大学,江苏省,access_limited,1,0,1,0,2026-10-01,universities/江苏省/4132010293/profile.yaml
4132010294,河海大学,江苏省,researched_partial,9,9,0,4,2026-10-01,universities/江苏省/4132010294/profile.yaml
4132010295,江南大学,江苏省,researched_partial,15,15,0,7,2026-10-01,universities/江苏省/4132010295/profile.yaml
4132010298,南京林业大学,江苏省,researched_partial,13,12,1,3,2026-10-01,universities/江苏省/4132010298/profile.yaml
4132010299,江苏大学,江苏省,researched_partial,8,8,0,2,2026-10-01,universities/江苏省/4132010299/profile.yaml
4132010300,南京信息工程大学,江苏省,researched_partial,11,9,2,5,2026-10-01,universities/江苏省/4132010300/profile.yaml
4132010304,南通大学,江苏省,researched_partial,11,11,0,4,2026-10-01,universities/江苏省/4132010304/profile.yaml
4132010305,盐城工学院,江苏省,researched_partial,13,13,0,4,2026-10-01,universities/江苏省/4132010305/profile.yaml
4132010307,南京农业大学,江苏省,researched_partial,10,10,0,3,2026-10-01,universities/江苏省/4132010307/profile.yaml
4132010312,南京医科大学,江苏省,researched_partial,5,5,0,1,2026-10-01,universities/江苏省/4132010312/profile.yaml
4132010313,徐州医科大学,江苏省,researched_partial,6,6,0,2,2026-10-01,universities/江苏省/4132010313/profile.yaml
4132010315,南京中医药大学,江苏省,researched_partial,12,12,0,5,2026-10-01,universities/江苏省/4132010315/profile.yaml
4132010316,中国药科大学,江苏省,researched_partial,8,8,0,2,2026-10-01,universities/江苏省/4132010316/profile.yaml
4132010319,南京师范大学,江苏省,researched_partial,8,6,2,2,2026-10-01,universities/江苏省/4132010319/profile.yaml
4132010320,江苏师范大学,江苏省,researched_partial,12,12,0,3,2026-10-01,universities/江苏省/4132010320/profile.yaml
4132010323,淮阴师范学院,江苏省,researched_partial,9,9,0,1,2026-10-01,universities/江苏省/4132010323/profile.yaml
4132010324,盐城师范学院,江苏省,researched_partial,4,4,0,1,2026-10-01,universities/江苏省/4132010324/profile.yaml
4132010327,南京财经大学,江苏省,researched_partial,8,7,1,1,2026-10-01,universities/江苏省/4132010327/profile.yaml
4132010329,江苏警官学院,江苏省,access_limited,1,0,1,0,2026-10-01,universities/江苏省/4132010329/profile.yaml
4132010330,南京体育学院,江苏省,researched_partial,12,12,0,4,2026-10-01,universities/江苏省/4132010330/profile.yaml
4132010331,南京艺术学院,江苏省,researched_partial,8,8,0,0,2026-10-01,universities/江苏省/4132010331/profile.yaml
4132010332,苏州科技大学,江苏省,researched_partial,4,4,0,1,2026-10-01,universities/江苏省/4132010332/profile.yaml
4132010333,苏州工学院,江苏省,researched_partial,11,10,1,4,2026-10-01,universities/江苏省/4132010333/profile.yaml
4132011049,淮安大学,江苏省,researched_partial,1,1,0,0,2026-10-01,universities/江苏省/4132011049/profile.yaml
4132011055,常州工学院,江苏省,researched_partial,15,15,0,4,2026-10-01,universities/江苏省/4132011055/profile.yaml
4132011117,扬州大学,江苏省,researched_partial,4,2,2,2,2026-10-01,universities/江苏省/4132011117/profile.yaml
4132011122,三江学院,江苏省,needs_source,2,0,2,0,2026-10-01,universities/江苏省/4132011122/profile.yaml
4132011276,南京工程学院,江苏省,researched_partial,10,8,2,1,2026-10-01,universities/江苏省/4132011276/profile.yaml
4132011287,南京审计大学,江苏省,researched_partial,7,7,0,4,2026-10-01,universities/江苏省/4132011287/profile.yaml
4132011460,南京晓庄学院,江苏省,researched_partial,14,14,0,7,2026-10-01,universities/江苏省/4132011460/profile.yaml
4132011463,江苏理工学院,江苏省,researched_partial,7,7,0,4,2026-10-01,universities/江苏省/4132011463/profile.yaml
4132011641,江苏海洋大学,江苏省,researched_partial,7,7,0,1,2026-10-01,universities/江苏省/4132011641/profile.yaml
4132011998,徐州工程学院,江苏省,researched_partial,10,10,0,3,2026-10-01,universities/江苏省/4132011998/profile.yaml
4132012048,南京特殊教育师范学院,江苏省,researched_partial,9,9,0,3,2026-10-01,universities/江苏省/4132012048/profile.yaml
4132012213,南京警察学院,江苏省,researched_partial,3,2,1,0,2026-10-01,universities/江苏省/4132012213/profile.yaml
4132012917,泰州学院,江苏省,researched_partial,7,7,0,4,2026-10-01,universities/江苏省/4132012917/profile.yaml
4132013573,金陵科技学院,江苏省,researched_partial,10,10,0,4,2026-10-01,universities/江苏省/4132013573/profile.yaml
4132013982,无锡学院,江苏省,researched_partial,8,7,1,1,2026-10-01,universities/江苏省/4132013982/profile.yaml
4132013983,苏州城市学院,江苏省,researched_partial,7,7,0,0,2026-10-01,universities/江苏省/4132013983/profile.yaml
4132014160,宿迁学院,江苏省,researched_partial,7,7,0,1,2026-10-01,universities/江苏省/4132014160/profile.yaml
4132014436,江苏第二师范学院,江苏省,researched_partial,5,5,0,2,2026-10-01,universities/江苏省/4132014436/profile.yaml
4132016403,西交利物浦大学,江苏省,researched_partial,7,6,1,1,2026-10-01,universities/江苏省/4132016403/profile.yaml
4132016406,昆山杜克大学,江苏省,researched_partial,8,7,1,1,2026-10-01,universities/江苏省/4132016406/profile.yaml
4132011585,连云港师范学院,江苏省,researched_partial,6,5,1,1,2026-10-01,universities/江苏省/4132011585/profile.yaml
4133010335,浙江大学,浙江省,researched_partial,2,1,1,0,2026-10-01,universities/浙江省/4133010335/profile.yaml
4133010336,杭州电子科技大学,浙江省,researched_partial,8,8,0,5,2026-10-01,universities/浙江省/4133010336/profile.yaml
4133010337,浙江工业大学,浙江省,researched_partial,5,3,2,1,2026-10-01,universities/浙江省/4133010337/profile.yaml
4133010338,浙江理工大学,浙江省,researched_partial,12,8,4,1,2026-10-01,universities/浙江省/4133010338/profile.yaml
4133010340,浙江海洋大学,浙江省,researched_partial,15,12,3,5,2026-10-01,universities/浙江省/4133010340/profile.yaml
4133010341,浙江农林大学,浙江省,researched_partial,11,11,0,3,2026-10-01,universities/浙江省/4133010341/profile.yaml
4133010343,温州医科大学,浙江省,researched_partial,8,8,0,4,2026-10-01,universities/浙江省/4133010343/profile.yaml
4133010344,浙江中医药大学,浙江省,researched_partial,6,6,0,7,2026-10-01,universities/浙江省/4133010344/profile.yaml
4133010345,浙江师范大学,浙江省,researched_partial,10,10,0,2,2026-10-01,universities/浙江省/4133010345/profile.yaml
4133010346,杭州师范大学,浙江省,access_limited,3,0,3,0,2026-10-01,universities/浙江省/4133010346/profile.yaml
4133010347,湖州师范大学,浙江省,needs_source,5,0,5,0,2026-10-01,universities/浙江省/4133010347/profile.yaml
4133010349,绍兴大学,浙江省,researched_partial,7,7,0,2,2026-10-01,universities/浙江省/4133010349/profile.yaml
4133010350,台州学院,浙江省,researched_partial,11,10,1,2,2026-10-01,universities/浙江省/4133010350/profile.yaml
4133010351,温州大学,浙江省,researched_partial,13,13,0,3,2026-10-01,universities/浙江省/4133010351/profile.yaml
4133010352,丽水学院,浙江省,researched_partial,12,10,2,4,2026-10-01,universities/浙江省/4133010352/profile.yaml
4133010353,浙江工商大学,浙江省,researched_partial,1,1,0,0,2026-10-01,universities/浙江省/4133010353/profile.yaml
4133010354,嘉兴大学,浙江省,researched_partial,15,15,0,5,2026-10-01,universities/浙江省/4133010354/profile.yaml
4133010355,中国美术学院,浙江省,access_limited,1,0,1,0,2026-10-01,universities/浙江省/4133010355/profile.yaml
4133010356,中国计量大学,浙江省,needs_source,4,0,4,0,2026-10-01,universities/浙江省/4133010356/profile.yaml
4133010876,浙江万里学院,浙江省,researched_partial,9,9,0,3,2026-10-01,universities/浙江省/4133010876/profile.yaml
4133011057,浙江科技大学,浙江省,researched_partial,15,15,0,2,2026-10-01,universities/浙江省/4133011057/profile.yaml
4133011058,宁波工程学院,浙江省,researched_partial,14,14,0,6,2026-10-01,universities/浙江省/4133011058/profile.yaml
4133011481,浙江水利水电学院,浙江省,needs_source,2,0,2,0,2026-10-01,universities/浙江省/4133011481/profile.yaml
4133011482,浙江财经大学,浙江省,researched_partial,10,10,0,4,2026-10-01,universities/浙江省/4133011482/profile.yaml
4133011483,浙江警察学院,浙江省,needs_source,3,0,3,0,2026-10-01,universities/浙江省/4133011483/profile.yaml
4133011488,衢州学院,浙江省,researched_partial,7,6,1,0,2026-10-01,universities/浙江省/4133011488/profile.yaml
4133011646,宁波大学,浙江省,access_limited,3,0,3,0,2026-10-01,universities/浙江省/4133011646/profile.yaml
4133011647,浙江传媒学院,浙江省,researched_partial,12,11,1,6,2026-10-01,universities/浙江省/4133011647/profile.yaml
4133013021,浙大城市学院,浙江省,researched_partial,8,6,2,3,2026-10-01,universities/浙江省/4133013021/profile.yaml
4133013022,浙大宁波理工学院,浙江省,access_limited,1,0,1,0,2026-10-01,universities/浙江省/4133013022/profile.yaml
4133013023,杭州医学院,浙江省,researched_partial,10,10,0,4,2026-10-01,universities/浙江省/4133013023/profile.yaml
4133013287,湖州学院,浙江省,researched_partial,11,11,0,6,2026-10-01,universities/浙江省/4133013287/profile.yaml
4133013288,绍兴理工学院,浙江省,needs_source,4,0,4,0,2026-10-01,universities/浙江省/4133013288/profile.yaml
4133013289,温州理工学院,浙江省,researched_partial,5,5,0,3,2026-10-01,universities/浙江省/4133013289/profile.yaml
4133013291,嘉兴南湖学院,浙江省,researched_partial,8,7,1,2,2026-10-01,universities/浙江省/4133013291/profile.yaml
4133013637,温州商学院,浙江省,researched_partial,7,7,0,1,2026-10-01,universities/浙江省/4133013637/profile.yaml
4133014275,浙江外国语学院,浙江省,researched_partial,13,11,2,7,2026-10-01,universities/浙江省/4133014275/profile.yaml
4133014535,浙江音乐学院,浙江省,researched_partial,3,3,0,1,2026-10-01,universities/浙江省/4133014535/profile.yaml
4133014626,西湖大学,浙江省,needs_source,1,0,1,0,2026-10-01,universities/浙江省/4133014626/profile.yaml
4133016301,宁波诺丁汉大学,浙江省,needs_source,6,0,6,0,2026-10-01,universities/浙江省/4133016301/profile.yaml
4133016405,温州肯恩大学,浙江省,researched_partial,3,2,1,0,2026-10-01,universities/浙江省/4133016405/profile.yaml
4133014943,宁波东方理工大学,浙江省,researched_partial,9,8,1,1,2026-10-01,universities/浙江省/4133014943/profile.yaml
4134010357,安徽大学,安徽省,researched_partial,9,9,0,5,2026-10-01,universities/安徽省/4134010357/profile.yaml
4134010358,中国科学技术大学,安徽省,researched_partial,5,5,0,0,2026-10-01,universities/安徽省/4134010358/profile.yaml
4134010359,合肥工业大学,安徽省,researched_partial,8,8,0,5,2026-10-01,universities/安徽省/4134010359/profile.yaml
4134010360,安徽工业大学,安徽省,researched_partial,14,14,0,7,2026-10-01,universities/安徽省/4134010360/profile.yaml
4134010361,安徽理工大学,安徽省,researched_partial,9,9,0,8,2026-10-01,universities/安徽省/4134010361/profile.yaml
4134010363,安徽工程大学,安徽省,researched_partial,15,15,0,7,2026-10-01,universities/安徽省/4134010363/profile.yaml
4134010364,安徽农业大学,安徽省,researched_partial,7,7,0,3,2026-10-01,universities/安徽省/4134010364/profile.yaml
4134010366,安徽医科大学,安徽省,needs_source,4,0,4,0,2026-10-01,universities/安徽省/4134010366/profile.yaml
4134010367,蚌埠医科大学,安徽省,access_limited,2,0,2,0,2026-10-01,universities/安徽省/4134010367/profile.yaml
4134010368,皖南医科大学,安徽省,researched_partial,6,6,0,1,2026-10-01,universities/安徽省/4134010368/profile.yaml
4134010369,安徽中医药大学,安徽省,researched_partial,12,12,0,7,2026-10-01,universities/安徽省/4134010369/profile.yaml
4134010370,安徽师范大学,安徽省,researched_partial,14,13,1,5,2026-10-01,universities/安徽省/4134010370/profile.yaml
4134010371,阜阳师范大学,安徽省,researched_partial,12,12,0,2,2026-10-01,universities/安徽省/4134010371/profile.yaml
4134010372,安庆师范大学,安徽省,researched_partial,10,10,0,2,2026-10-01,universities/安徽省/4134010372/profile.yaml
4134010373,淮北师范大学,安徽省,researched_partial,8,8,0,4,2026-10-01,universities/安徽省/4134010373/profile.yaml
4134010375,黄山学院,安徽省,researched_partial,8,8,0,0,2026-10-01,universities/安徽省/4134010375/profile.yaml
4134010376,皖西学院,安徽省,researched_partial,10,10,0,5,2026-10-01,universities/安徽省/4134010376/profile.yaml
4134010377,滁州学院,安徽省,researched_partial,4,1,3,0,2026-10-01,universities/安徽省/4134010377/profile.yaml
4134010378,安徽财经大学,安徽省,researched_partial,13,13,0,2,2026-10-01,universities/安徽省/4134010378/profile.yaml
4134010379,宿州学院,安徽省,researched_partial,7,6,1,3,2026-10-01,universities/安徽省/4134010379/profile.yaml
4134010380,巢湖学院,安徽省,researched_partial,9,8,1,0,2026-10-01,universities/安徽省/4134010380/profile.yaml
4134010381,淮南师范学院,安徽省,researched_partial,8,8,0,2,2026-10-01,universities/安徽省/4134010381/profile.yaml
4134010383,铜陵学院,安徽省,researched_partial,3,2,1,0,2026-10-01,universities/安徽省/4134010383/profile.yaml
4134010878,安徽建筑大学,安徽省,researched_partial,9,9,0,3,2026-10-01,universities/安徽省/4134010878/profile.yaml
4134010879,安徽科技工程大学,安徽省,researched_partial,8,8,0,2,2026-10-01,universities/安徽省/4134010879/profile.yaml
4134011059,合肥大学,安徽省,researched_partial,11,11,0,3,2026-10-01,universities/安徽省/4134011059/profile.yaml
4134011305,蚌埠学院,安徽省,researched_partial,7,5,2,2,2026-10-01,universities/安徽省/4134011305/profile.yaml
4134011306,池州学院,安徽省,researched_partial,7,6,1,4,2026-10-01,universities/安徽省/4134011306/profile.yaml
4134012926,亳州学院,安徽省,researched_partial,11,10,1,2,2026-10-01,universities/安徽省/4134012926/profile.yaml
4134013612,合肥理工学院,安徽省,researched_partial,9,9,0,3,2026-10-01,universities/安徽省/4134013612/profile.yaml
4134013614,马鞍山学院,安徽省,researched_partial,2,1,1,1,2026-10-01,universities/安徽省/4134013614/profile.yaml
4134013617,芜湖学院,安徽省,researched_partial,5,5,0,0,2026-10-01,universities/安徽省/4134013617/profile.yaml
4134014098,合肥师范学院,安徽省,researched_partial,13,13,0,2,2026-10-01,universities/安徽省/4134014098/profile.yaml
4134014203,皖江工学院,安徽省,researched_partial,6,6,0,0,2026-10-01,universities/安徽省/4134014203/profile.yaml
4134014682,安徽艺术学院,安徽省,researched_partial,7,7,0,4,2026-10-01,universities/安徽省/4134014682/profile.yaml
4134014840,安徽公安学院,安徽省,needs_source,1,0,1,0,2026-10-01,universities/安徽省/4134014840/profile.yaml
4134012925,安徽第二医学院,安徽省,researched_partial,14,13,1,6,2026-10-01,universities/安徽省/4134012925/profile.yaml
4135010384,厦门大学,福建省,researched_partial,9,8,1,5,2026-10-01,universities/福建省/4135010384/profile.yaml
4135010385,华侨大学,福建省,researched_partial,8,6,2,1,2026-10-01,universities/福建省/4135010385/profile.yaml
4135010386,福州大学,福建省,researched_partial,12,12,0,7,2026-10-01,universities/福建省/4135010386/profile.yaml
4135010388,福建理工大学,福建省,researched_partial,14,13,1,2,2026-10-01,universities/福建省/4135010388/profile.yaml
4135010389,福建农林大学,福建省,researched_partial,14,14,0,5,2026-10-01,universities/福建省/4135010389/profile.yaml
4135010390,集美大学,福建省,researched_partial,1,1,0,0,2026-10-01,universities/福建省/4135010390/profile.yaml
4135010392,福建医科大学,福建省,researched_partial,12,12,0,8,2026-10-01,universities/福建省/4135010392/profile.yaml
4135010393,福建中医药大学,福建省,researched_partial,9,9,0,6,2026-10-01,universities/福建省/4135010393/profile.yaml
4135010394,福建师范大学,福建省,researched_partial,11,11,0,2,2026-10-01,universities/福建省/4135010394/profile.yaml
4135010395,闽江大学,福建省,researched_partial,8,3,5,0,2026-10-01,universities/福建省/4135010395/profile.yaml
4135010397,武夷学院,福建省,researched_partial,13,13,0,3,2026-10-01,universities/福建省/4135010397/profile.yaml
4135010398,宁德师范学院,福建省,researched_partial,3,3,0,1,2026-10-01,universities/福建省/4135010398/profile.yaml
4135010399,泉州师范学院,福建省,researched_partial,9,9,0,4,2026-10-01,universities/福建省/4135010399/profile.yaml
4135010402,闽南师范大学,福建省,researched_partial,13,13,0,7,2026-10-01,universities/福建省/4135010402/profile.yaml
4135011062,厦门理工学院,福建省,researched_partial,6,6,0,2,2026-10-01,universities/福建省/4135011062/profile.yaml
4135011311,三明学院,福建省,researched_partial,14,14,0,3,2026-10-01,universities/福建省/4135011311/profile.yaml
4135011312,龙岩学院,福建省,researched_partial,3,2,1,1,2026-10-01,universities/福建省/4135011312/profile.yaml
4135011313,福建商学院,福建省,researched_partial,13,11,2,2,2026-10-01,universities/福建省/4135011313/profile.yaml
4135011495,福建警察学院,福建省,researched_partial,11,8,3,0,2026-10-01,universities/福建省/4135011495/profile.yaml
4135011498,莆田学院,福建省,researched_partial,6,6,0,6,2026-10-01,universities/福建省/4135011498/profile.yaml
4135011784,仰恩大学,福建省,access_limited,2,0,2,0,2026-10-01,universities/福建省/4135011784/profile.yaml
4135012631,厦门医学院,福建省,researched_partial,11,11,0,5,2026-10-01,universities/福建省/4135012631/profile.yaml
4135013115,厦门工学院,福建省,access_limited,2,0,2,0,2026-10-01,universities/福建省/4135013115/profile.yaml
4135013468,阳光学院,福建省,researched_partial,15,15,0,5,2026-10-01,universities/福建省/4135013468/profile.yaml
4135013763,福建江夏学院,福建省,researched_partial,6,4,2,1,2026-10-01,universities/福建省/4135013763/profile.yaml
4135014683,福建技术师范学院,福建省,researched_partial,11,11,0,7,2026-10-01,universities/福建省/4135014683/profile.yaml
4135014896,福建福耀科技大学,福建省,researched_partial,4,3,1,0,2026-10-01,universities/福建省/4135014896/profile.yaml
4136010403,南昌大学,江西省,researched_partial,9,8,1,4,2026-10-01,universities/江西省/4136010403/profile.yaml
4136010404,华东交通大学,江西省,researched_partial,5,4,1,0,2026-10-01,universities/江西省/4136010404/profile.yaml
4136010405,东华理工大学,江西省,researched_partial,11,10,1,0,2026-10-01,universities/江西省/4136010405/profile.yaml
4136010406,南昌航空大学,江西省,researched_partial,8,8,0,3,2026-10-01,universities/江西省/4136010406/profile.yaml
4136010407,江西理工大学,江西省,researched_partial,8,8,0,8,2026-10-01,universities/江西省/4136010407/profile.yaml
4136010408,景德镇陶瓷大学,江西省,access_limited,1,0,1,0,2026-10-01,universities/江西省/4136010408/profile.yaml
4136010410,江西农业大学,江西省,researched_partial,6,6,0,1,2026-10-01,universities/江西省/4136010410/profile.yaml
4136010412,江西中医药大学,江西省,researched_partial,9,8,1,3,2026-10-01,universities/江西省/4136010412/profile.yaml
4136010413,赣南医科大学,江西省,researched_partial,5,4,1,4,2026-10-01,universities/江西省/4136010413/profile.yaml
4136010414,江西师范大学,江西省,researched_partial,11,11,0,3,2026-10-01,universities/江西省/4136010414/profile.yaml
4136010416,上饶师范学院,江西省,needs_source,1,0,1,0,2026-10-01,universities/江西省/4136010416/profile.yaml
4136010417,宜春学院,江西省,researched_partial,10,10,0,5,2026-10-01,universities/江西省/4136010417/profile.yaml
4136010418,赣南师范大学,江西省,researched_partial,6,6,0,6,2026-10-01,universities/江西省/4136010418/profile.yaml
4136010419,井冈山大学,江西省,researched_partial,15,14,1,3,2026-10-01,universities/江西省/4136010419/profile.yaml
4136010421,江西财经大学,江西省,needs_source,5,0,5,0,2026-10-01,universities/江西省/4136010421/profile.yaml
4136010894,景德镇学院,江西省,researched_partial,7,5,2,1,2026-10-01,universities/江西省/4136010894/profile.yaml
4136010895,萍乡学院,江西省,researched_partial,11,11,0,3,2026-10-01,universities/江西省/4136010895/profile.yaml
4136011318,江西科技师范大学,江西省,researched_partial,5,4,1,1,2026-10-01,universities/江西省/4136011318/profile.yaml
4136011319,江西水利电力大学,江西省,needs_source,7,0,7,0,2026-10-01,universities/江西省/4136011319/profile.yaml
4136011504,江西警察学院,江西省,researched_partial,3,1,2,0,2026-10-01,universities/江西省/4136011504/profile.yaml
4136011508,新余学院,江西省,researched_partial,13,11,2,5,2026-10-01,universities/江西省/4136011508/profile.yaml
4136011843,九江学院,江西省,researched_partial,11,10,1,3,2026-10-01,universities/江西省/4136011843/profile.yaml
4136013421,南昌工学院,江西省,researched_partial,4,4,0,0,2026-10-01,universities/江西省/4136013421/profile.yaml
4136013432,赣东学院,江西省,researched_partial,10,10,0,5,2026-10-01,universities/江西省/4136013432/profile.yaml
4136013434,赣南科技学院,江西省,researched_partial,4,4,0,1,2026-10-01,universities/江西省/4136013434/profile.yaml
4136013437,南昌医学院,江西省,researched_partial,10,10,0,4,2026-10-01,universities/江西省/4136013437/profile.yaml
4136013774,豫章师范学院,江西省,needs_source,5,0,5,0,2026-10-01,universities/江西省/4136013774/profile.yaml
4136014437,南昌师范学院,江西省,needs_source,1,0,1,0,2026-10-01,universities/江西省/4136014437/profile.yaml
4136014839,江西飞行学院,江西省,researched_partial,4,4,0,1,2026-10-01,universities/江西省/4136014839/profile.yaml
4136013775,抚州医药学院,江西省,researched_partial,3,1,2,0,2026-10-01,universities/江西省/4136013775/profile.yaml
4137010422,山东大学,山东省,researched_partial,8,8,0,0,2026-10-01,universities/山东省/4137010422/profile.yaml
4137010423,中国海洋大学,山东省,researched_partial,15,15,0,5,2026-10-01,universities/山东省/4137010423/profile.yaml
4137010424,山东科技大学,山东省,researched_partial,13,13,0,4,2026-10-01,universities/山东省/4137010424/profile.yaml
4137010425,中国石油大学(华东),山东省,researched_partial,9,9,0,2,2026-10-01,universities/山东省/4137010425/profile.yaml
4137010426,青岛科技大学,山东省,researched_partial,14,13,1,0,2026-10-01,universities/山东省/4137010426/profile.yaml
4137010427,济南大学,山东省,researched_partial,8,8,0,2,2026-10-01,universities/山东省/4137010427/profile.yaml
4137010429,青岛理工大学,山东省,needs_source,5,0,5,0,2026-10-01,universities/山东省/4137010429/profile.yaml
4137010430,山东建筑大学,山东省,researched_partial,7,7,0,2,2026-10-01,universities/山东省/4137010430/profile.yaml
4137010431,齐鲁工业大学,山东省,researched_partial,14,14,0,0,2026-10-01,universities/山东省/4137010431/profile.yaml
4137010433,山东理工大学,山东省,researched_partial,13,13,0,6,2026-10-01,universities/山东省/4137010433/profile.yaml
4137010434,山东农业大学,山东省,researched_partial,10,8,2,2,2026-10-01,universities/山东省/4137010434/profile.yaml
4137010435,青岛农业大学,山东省,researched_partial,15,15,0,5,2026-10-01,universities/山东省/4137010435/profile.yaml
4137010438,山东第二医科大学,山东省,researched_partial,8,8,0,2,2026-10-01,universities/山东省/4137010438/profile.yaml
4137010439,山东第一医科大学,山东省,researched_partial,14,13,1,3,2026-10-01,universities/山东省/4137010439/profile.yaml
4137010440,山东医药大学,山东省,researched_partial,13,13,0,4,2026-10-01,universities/山东省/4137010440/profile.yaml
4137010441,山东中医药大学,山东省,researched_partial,3,3,0,1,2026-10-01,universities/山东省/4137010441/profile.yaml
4137010443,济宁医学院,山东省,researched_partial,4,4,0,2,2026-10-01,universities/山东省/4137010443/profile.yaml
4137010445,山东师范大学,山东省,researched_partial,9,9,0,4,2026-10-01,universities/山东省/4137010445/profile.yaml
4137010446,曲阜师范大学,山东省,researched_partial,8,7,1,2,2026-10-01,universities/山东省/4137010446/profile.yaml
4137010447,聊城大学,山东省,researched_partial,8,7,1,4,2026-10-01,universities/山东省/4137010447/profile.yaml
4137010448,德州学院,山东省,researched_partial,7,7,0,2,2026-10-01,universities/山东省/4137010448/profile.yaml
4137010449,山东航空学院,山东省,researched_partial,8,6,2,3,2026-10-01,universities/山东省/4137010449/profile.yaml
4137010451,鲁东大学,山东省,researched_partial,8,8,0,4,2026-10-01,universities/山东省/4137010451/profile.yaml
4137010452,临沂大学,山东省,researched_partial,11,11,0,6,2026-10-01,universities/山东省/4137010452/profile.yaml
4137010453,泰山学院,山东省,researched_partial,7,6,1,1,2026-10-01,universities/山东省/4137010453/profile.yaml
4137010454,济宁学院,山东省,researched_partial,14,13,1,4,2026-10-01,universities/山东省/4137010454/profile.yaml
4137010455,菏泽学院,山东省,researched_partial,10,10,0,3,2026-10-01,universities/山东省/4137010455/profile.yaml
4137010456,山东财经大学,山东省,researched_partial,8,7,1,1,2026-10-01,universities/山东省/4137010456/profile.yaml
4137010457,山东体育学院,山东省,researched_partial,7,7,0,1,2026-10-01,universities/山东省/4137010457/profile.yaml
4137010458,山东艺术学院,山东省,researched_partial,7,7,0,4,2026-10-01,universities/山东省/4137010458/profile.yaml
4137010904,枣庄学院,山东省,researched_partial,10,10,0,5,2026-10-01,universities/山东省/4137010904/profile.yaml
4137010908,山东工艺美术学院,山东省,researched_partial,6,6,0,2,2026-10-01,universities/山东省/4137010908/profile.yaml
4137011065,青岛大学,山东省,researched_partial,9,8,1,7,2026-10-01,universities/山东省/4137011065/profile.yaml
4137011066,烟台大学,山东省,researched_partial,3,3,0,3,2026-10-01,universities/山东省/4137011066/profile.yaml
4137011067,潍坊学院,山东省,researched_partial,4,4,0,2,2026-10-01,universities/山东省/4137011067/profile.yaml
4137011324,山东警察学院,山东省,researched_partial,6,5,1,0,2026-10-01,universities/山东省/4137011324/profile.yaml
4137011510,山东交通学院,山东省,researched_partial,9,9,0,7,2026-10-01,universities/山东省/4137011510/profile.yaml
4137011688,山东工商学院,山东省,researched_partial,7,7,0,2,2026-10-01,universities/山东省/4137011688/profile.yaml
4137012331,山东女子学院,山东省,researched_partial,11,10,1,5,2026-10-01,universities/山东省/4137012331/profile.yaml
4137013386,山东石油化工学院,山东省,researched_partial,6,6,0,2,2026-10-01,universities/山东省/4137013386/profile.yaml
4137013995,青岛工学院,山东省,researched_partial,7,7,0,1,2026-10-01,universities/山东省/4137013995/profile.yaml
4137014100,山东政法学院,山东省,researched_partial,5,5,0,0,2026-10-01,universities/山东省/4137014100/profile.yaml
4137014276,齐鲁师范学院,山东省,researched_partial,10,10,0,3,2026-10-01,universities/山东省/4137014276/profile.yaml
4137014277,山东青年政治学院,山东省,researched_partial,6,6,0,2,2026-10-01,universities/山东省/4137014277/profile.yaml
4137014438,山东管理学院,山东省,researched_partial,7,7,0,2,2026-10-01,universities/山东省/4137014438/profile.yaml
4137014439,山东农业工程学院,山东省,researched_partial,6,6,0,2,2026-10-01,universities/山东省/4137014439/profile.yaml
4137014878,康复大学,山东省,needs_source,4,0,4,0,2026-10-01,universities/山东省/4137014878/profile.yaml
4137014979,临沂工学院,山东省,needs_source,0,0,0,0,2026-10-01,universities/山东省/4137014979/profile.yaml
4141010078,华北水利水电大学,河南省,researched_partial,6,6,0,2,2026-10-01,universities/河南省/4141010078/profile.yaml
4141010459,郑州大学,河南省,researched_partial,6,6,0,1,2026-10-01,universities/河南省/4141010459/profile.yaml
4141010460,河南理工大学,河南省,researched_partial,8,8,0,5,2026-10-01,universities/河南省/4141010460/profile.yaml
4141010462,郑州轻工业大学,河南省,researched_partial,12,12,0,6,2026-10-01,universities/河南省/4141010462/profile.yaml
4141010463,河南工业大学,河南省,researched_partial,10,10,0,2,2026-10-01,universities/河南省/4141010463/profile.yaml
4141010464,河南科技大学,河南省,researched_partial,7,6,1,1,2026-10-01,universities/河南省/4141010464/profile.yaml
4141010465,中原工学院,河南省,researched_partial,10,9,1,2,2026-10-01,universities/河南省/4141010465/profile.yaml
4141010466,河南农业大学,河南省,researched_partial,7,7,0,0,2026-10-01,universities/河南省/4141010466/profile.yaml
4141010467,河南科技学院,河南省,researched_partial,15,14,1,6,2026-10-01,universities/河南省/4141010467/profile.yaml
4141010469,河南牧业经济学院,河南省,access_limited,0,0,0,0,2026-10-01,universities/河南省/4141010469/profile.yaml
4141010471,河南中医药大学,河南省,researched_partial,6,6,0,2,2026-10-01,universities/河南省/4141010471/profile.yaml
4141010472,河南医药大学,河南省,researched_partial,12,12,0,1,2026-10-01,universities/河南省/4141010472/profile.yaml
4141010475,河南大学,河南省,researched_partial,9,9,0,4,2026-10-01,universities/河南省/4141010475/profile.yaml
4141010476,河南师范大学,河南省,researched_partial,10,9,1,2,2026-10-01,universities/河南省/4141010476/profile.yaml
4141010477,信阳师范大学,河南省,researched_partial,5,5,0,6,2026-10-01,universities/河南省/4141010477/profile.yaml
4141010478,周口师范学院,河南省,researched_partial,8,8,0,4,2026-10-01,universities/河南省/4141010478/profile.yaml
4141010479,安阳师范学院,河南省,researched_partial,7,6,1,3,2026-10-01,universities/河南省/4141010479/profile.yaml
4141010480,许昌学院,河南省,researched_partial,14,14,0,5,2026-10-01,universities/河南省/4141010480/profile.yaml
4141010481,南阳师范学院,河南省,researched_partial,7,7,0,1,2026-10-01,universities/河南省/4141010481/profile.yaml
4141010482,洛阳师范学院,河南省,researched_partial,8,8,0,2,2026-10-01,universities/河南省/4141010482/profile.yaml
4141010483,商丘师范学院,河南省,researched_partial,10,8,2,2,2026-10-01,universities/河南省/4141010483/profile.yaml
4141010484,河南财经政法大学,河南省,researched_partial,12,11,1,5,2026-10-01,universities/河南省/4141010484/profile.yaml
4141010485,郑州航空工业管理学院,河南省,researched_partial,4,3,1,3,2026-10-01,universities/河南省/4141010485/profile.yaml
4141010918,黄淮学院,河南省,researched_partial,4,2,2,0,2026-10-01,universities/河南省/4141010918/profile.yaml
4141010919,平顶山学院,河南省,researched_partial,5,5,0,5,2026-10-01,universities/河南省/4141010919/profile.yaml
4141011068,郑州工程技术学院,河南省,needs_source,1,0,1,0,2026-10-01,universities/河南省/4141011068/profile.yaml
4141011070,洛阳理工学院,河南省,needs_source,6,0,6,0,2026-10-01,universities/河南省/4141011070/profile.yaml
4141011071,新乡学院,河南省,researched_partial,13,13,0,7,2026-10-01,universities/河南省/4141011071/profile.yaml
4141011326,信阳农林学院,河南省,researched_partial,6,6,0,2,2026-10-01,universities/河南省/4141011326/profile.yaml
4141011329,河南工学院,河南省,researched_partial,4,4,0,1,2026-10-01,universities/河南省/4141011329/profile.yaml
4141011330,安阳工学院,河南省,researched_partial,7,6,1,3,2026-10-01,universities/河南省/4141011330/profile.yaml
4141011517,河南工程学院,河南省,researched_partial,8,8,0,0,2026-10-01,universities/河南省/4141011517/profile.yaml
4141011652,河南财政金融学院,河南省,researched_partial,5,4,1,0,2026-10-01,universities/河南省/4141011652/profile.yaml
4141011653,南阳理工学院,河南省,researched_partial,11,11,0,6,2026-10-01,universities/河南省/4141011653/profile.yaml
4141011765,河南城建学院,河南省,researched_partial,8,7,1,4,2026-10-01,universities/河南省/4141011765/profile.yaml
4141011788,河南警察学院,河南省,needs_source,3,0,3,0,2026-10-01,universities/河南省/4141011788/profile.yaml
4141012735,郑州警察学院,河南省,researched_partial,3,2,1,0,2026-10-01,universities/河南省/4141012735/profile.yaml
4141012949,郑州师范学院,河南省,needs_source,6,0,6,0,2026-10-01,universities/河南省/4141012949/profile.yaml
4141013500,商丘工学院,河南省,researched_partial,7,7,0,4,2026-10-01,universities/河南省/4141013500/profile.yaml
4141013503,信阳学院,河南省,researched_partial,5,3,2,3,2026-10-01,universities/河南省/4141013503/profile.yaml
4141013504,安阳学院,河南省,researched_partial,5,5,0,2,2026-10-01,universities/河南省/4141013504/profile.yaml
4141013505,豫北医学院,河南省,researched_partial,8,8,0,2,2026-10-01,universities/河南省/4141013505/profile.yaml
4141014003,商丘学院,河南省,researched_partial,7,6,1,1,2026-10-01,universities/河南省/4141014003/profile.yaml
4141014040,郑州商学院,河南省,researched_partial,5,5,0,4,2026-10-01,universities/河南省/4141014040/profile.yaml
4141014879,河南体育学院,河南省,needs_source,1,0,1,0,2026-10-01,universities/河南省/4141014879/profile.yaml
4141014949,河南信息科技学院,河南省,researched_partial,3,2,1,0,2026-10-01,universities/河南省/4141014949/profile.yaml
4141014982,河南应用工程学院,河南省,researched_partial,7,7,0,3,2026-10-01,universities/河南省/4141014982/profile.yaml
4141014981,河南国医学院,河南省,researched_partial,10,10,0,6,2026-10-01,universities/河南省/4141014981/profile.yaml
4141014980,河南能源化工学院,河南省,researched_partial,2,2,0,0,2026-10-01,universities/河南省/4141014980/profile.yaml
4142010486,武汉大学,湖北省,researched_partial,4,4,0,2,2026-10-01,universities/湖北省/4142010486/profile.yaml
4142010487,华中科技大学,湖北省,researched_partial,15,14,1,2,2026-10-01,universities/湖北省/4142010487/profile.yaml
4142010488,武汉科技大学,湖北省,researched_partial,15,14,1,5,2026-10-01,universities/湖北省/4142010488/profile.yaml
4142010489,长江大学,湖北省,researched_partial,15,15,0,2,2026-10-01,universities/湖北省/4142010489/profile.yaml
4142010490,武汉工程大学,湖北省,researched_partial,8,8,0,2,2026-10-01,universities/湖北省/4142010490/profile.yaml
4142010491,中国地质大学(武汉),湖北省,researched_partial,6,6,0,1,2026-10-01,universities/湖北省/4142010491/profile.yaml
4142010495,武汉纺织大学,湖北省,researched_partial,12,12,0,4,2026-10-01,universities/湖北省/4142010495/profile.yaml
4142010496,武汉轻工大学,湖北省,researched_partial,12,7,5,5,2026-10-01,universities/湖北省/4142010496/profile.yaml
4142010497,武汉理工大学,湖北省,researched_partial,12,9,3,0,2026-10-01,universities/湖北省/4142010497/profile.yaml
4142010500,湖北工业大学,湖北省,researched_partial,8,7,1,6,2026-10-01,universities/湖北省/4142010500/profile.yaml
4142010504,华中农业大学,湖北省,access_limited,3,0,3,0,2026-10-01,universities/湖北省/4142010504/profile.yaml
4142010507,湖北中医药大学,湖北省,researched_partial,8,7,1,5,2026-10-01,universities/湖北省/4142010507/profile.yaml
4142010511,华中师范大学,湖北省,researched_partial,4,4,0,1,2026-10-01,universities/湖北省/4142010511/profile.yaml
4142010512,湖北大学,湖北省,researched_partial,9,8,1,1,2026-10-01,universities/湖北省/4142010512/profile.yaml
4142010513,湖北师范大学,湖北省,researched_partial,11,11,0,1,2026-10-01,universities/湖北省/4142010513/profile.yaml
4142010514,黄冈师范学院,湖北省,researched_partial,3,2,1,0,2026-10-01,universities/湖北省/4142010514/profile.yaml
4142010517,湖北民族大学,湖北省,researched_partial,15,15,0,6,2026-10-01,universities/湖北省/4142010517/profile.yaml
4142010518,汉江师范学院,湖北省,researched_partial,12,12,0,4,2026-10-01,universities/湖北省/4142010518/profile.yaml
4142010519,湖北文理学院,湖北省,researched_partial,7,7,0,2,2026-10-01,universities/湖北省/4142010519/profile.yaml
4142010520,中南财经政法大学,湖北省,researched_partial,9,9,0,8,2026-10-01,universities/湖北省/4142010520/profile.yaml
4142010522,武汉体育学院,湖北省,researched_partial,6,5,1,1,2026-10-01,universities/湖北省/4142010522/profile.yaml
4142010523,湖北美术学院,湖北省,researched_partial,10,10,0,3,2026-10-01,universities/湖北省/4142010523/profile.yaml
4142010524,中南民族大学,湖北省,researched_partial,9,9,0,5,2026-10-01,universities/湖北省/4142010524/profile.yaml
4142010525,湖北汽车工业学院,湖北省,researched_partial,12,12,0,6,2026-10-01,universities/湖北省/4142010525/profile.yaml
4142010528,湖北工程学院,湖北省,researched_partial,6,2,4,3,2026-10-01,universities/湖北省/4142010528/profile.yaml
4142010920,湖北理工学院,湖北省,researched_partial,10,10,0,6,2026-10-01,universities/湖北省/4142010920/profile.yaml
4142010927,湖北科技学院,湖北省,researched_partial,6,6,0,2,2026-10-01,universities/湖北省/4142010927/profile.yaml
4142010929,湖北医药学院,湖北省,researched_partial,14,14,0,1,2026-10-01,universities/湖北省/4142010929/profile.yaml
4142011072,江汉大学,湖北省,researched_partial,15,15,0,6,2026-10-01,universities/湖北省/4142011072/profile.yaml
4142011075,三峡大学,湖北省,researched_partial,5,5,0,0,2026-10-01,universities/湖北省/4142011075/profile.yaml
4142011332,湖北警官学院,湖北省,researched_partial,2,1,1,0,2026-10-01,universities/湖北省/4142011332/profile.yaml
4142011336,荆楚理工学院,湖北省,researched_partial,8,8,0,2,2026-10-01,universities/湖北省/4142011336/profile.yaml
4142011524,武汉音乐学院,湖北省,researched_partial,3,2,1,1,2026-10-01,universities/湖北省/4142011524/profile.yaml
4142011600,湖北经济学院,湖北省,researched_partial,13,13,0,3,2026-10-01,universities/湖北省/4142011600/profile.yaml
4142011654,武汉商学院,湖北省,researched_partial,8,8,0,2,2026-10-01,universities/湖北省/4142011654/profile.yaml
4142011800,汉口学院,湖北省,researched_partial,6,6,0,2,2026-10-01,universities/湖北省/4142011800/profile.yaml
4142013241,武昌工学院,湖北省,needs_source,1,0,1,0,2026-10-01,universities/湖北省/4142013241/profile.yaml
4142013245,荆州学院,湖北省,researched_partial,7,7,0,1,2026-10-01,universities/湖北省/4142013245/profile.yaml
4142013262,文华学院,湖北省,researched_partial,5,2,3,0,2026-10-01,universities/湖北省/4142013262/profile.yaml
4142013634,武汉学院,湖北省,access_limited,2,0,2,0,2026-10-01,universities/湖北省/4142013634/profile.yaml
4142014099,湖北第二师范学院,湖北省,researched_partial,11,11,0,3,2026-10-01,universities/湖北省/4142014099/profile.yaml
4142014950,网络空间安全学院,湖北省,researched_partial,7,6,1,0,2026-10-01,universities/湖北省/4142014950/profile.yaml
4143010530,湘潭大学,湖南省,researched_partial,14,12,2,7,2026-10-01,universities/湖南省/4143010530/profile.yaml
4143010531,吉首大学,湖南省,researched_partial,6,6,0,4,2026-10-01,universities/湖南省/4143010531/profile.yaml
4143010532,湖南大学,湖南省,researched_partial,12,12,0,3,2026-10-01,universities/湖南省/4143010532/profile.yaml
4143010533,中南大学,湖南省,researched_partial,14,14,0,3,2026-10-01,universities/湖南省/4143010533/profile.yaml
4143010534,湖南科技大学,湖南省,researched_partial,11,8,3,2,2026-10-01,universities/湖南省/4143010534/profile.yaml
4143010536,长沙理工大学,湖南省,researched_partial,15,13,2,4,2026-10-01,universities/湖南省/4143010536/profile.yaml
4143010537,湖南农业大学,湖南省,researched_partial,10,8,2,0,2026-10-01,universities/湖南省/4143010537/profile.yaml
4143010538,中南林业科技大学,湖南省,researched_partial,12,12,0,5,2026-10-01,universities/湖南省/4143010538/profile.yaml
4143010541,湖南中医药大学,湖南省,researched_partial,6,4,2,2,2026-10-01,universities/湖南省/4143010541/profile.yaml
4143010542,湖南师范大学,湖南省,researched_partial,13,13,0,4,2026-10-01,universities/湖南省/4143010542/profile.yaml
4143010543,湖南理工大学,湖南省,researched_partial,14,13,1,6,2026-10-01,universities/湖南省/4143010543/profile.yaml
4143010545,湘南学院,湖南省,researched_partial,11,8,3,1,2026-10-01,universities/湖南省/4143010545/profile.yaml
4143010546,衡阳师范学院,湖南省,researched_partial,15,15,0,11,2026-10-01,universities/湖南省/4143010546/profile.yaml
4143010547,邵阳学院,湖南省,researched_partial,11,9,2,7,2026-10-01,universities/湖南省/4143010547/profile.yaml
4143010548,怀化学院,湖南省,researched_partial,13,13,0,5,2026-10-01,universities/湖南省/4143010548/profile.yaml
4143010549,湖南文理学院,湖南省,researched_partial,13,13,0,5,2026-10-01,universities/湖南省/4143010549/profile.yaml
4143010551,湖南科技学院,湖南省,researched_partial,5,4,1,1,2026-10-01,universities/湖南省/4143010551/profile.yaml
4143010553,湖南人文科技学院,湖南省,researched_partial,9,9,0,9,2026-10-01,universities/湖南省/4143010553/profile.yaml
4143010554,湖南工商大学,湖南省,researched_partial,6,4,2,0,2026-10-01,universities/湖南省/4143010554/profile.yaml
4143010555,南华大学,湖南省,researched_partial,13,12,1,2,2026-10-01,universities/湖南省/4143010555/profile.yaml
4143010823,长沙医学院,湖南省,researched_partial,8,7,1,2,2026-10-01,universities/湖南省/4143010823/profile.yaml
4143011077,长沙学院,湖南省,researched_partial,11,11,0,4,2026-10-01,universities/湖南省/4143011077/profile.yaml
4143011342,湖南工程学院,湖南省,researched_partial,5,4,1,1,2026-10-01,universities/湖南省/4143011342/profile.yaml
4143011527,湖南城市学院,湖南省,researched_partial,7,7,0,3,2026-10-01,universities/湖南省/4143011527/profile.yaml
4143011528,湖南工学院,湖南省,researched_partial,9,9,0,2,2026-10-01,universities/湖南省/4143011528/profile.yaml
4143011532,湖南财政经济学院,湖南省,researched_partial,5,5,0,1,2026-10-01,universities/湖南省/4143011532/profile.yaml
4143011534,湖南警察学院,湖南省,access_limited,1,0,1,0,2026-10-01,universities/湖南省/4143011534/profile.yaml
4143011535,湖南工业大学,湖南省,researched_partial,13,13,0,2,2026-10-01,universities/湖南省/4143011535/profile.yaml
4143011538,湖南女子学院,湖南省,needs_source,5,0,5,0,2026-10-01,universities/湖南省/4143011538/profile.yaml
4143012034,湖南第一师范学院,湖南省,researched_partial,12,11,1,2,2026-10-01,universities/湖南省/4143012034/profile.yaml
4143012214,湖南医药学院,湖南省,researched_partial,4,1,3,0,2026-10-01,universities/湖南省/4143012214/profile.yaml
4143012652,长沙工业学院,湖南省,researched_partial,7,6,1,0,2026-10-01,universities/湖南省/4143012652/profile.yaml
4143012657,常德学院,湖南省,researched_partial,11,11,0,8,2026-10-01,universities/湖南省/4143012657/profile.yaml
4143012658,岳阳学院,湖南省,researched_partial,6,5,1,1,2026-10-01,universities/湖南省/4143012658/profile.yaml
4143012662,张家界学院,湖南省,researched_partial,5,5,0,0,2026-10-01,universities/湖南省/4143012662/profile.yaml
4143013806,长沙师范学院,湖南省,researched_partial,10,10,0,5,2026-10-01,universities/湖南省/4143013806/profile.yaml
4144010558,中山大学,广东省,researched_partial,7,5,2,5,2026-10-01,universities/广东省/4144010558/profile.yaml
4144010559,暨南大学,广东省,researched_partial,9,9,0,2,2026-10-01,universities/广东省/4144010559/profile.yaml
4144010560,汕头大学,广东省,researched_partial,1,1,0,0,2026-10-01,universities/广东省/4144010560/profile.yaml
4144010561,华南理工大学,广东省,access_limited,1,0,1,0,2026-10-01,universities/广东省/4144010561/profile.yaml
4144010564,华南农业大学,广东省,researched_partial,15,15,0,5,2026-10-01,universities/广东省/4144010564/profile.yaml
4144010566,广东海洋大学,广东省,researched_partial,12,10,2,5,2026-10-01,universities/广东省/4144010566/profile.yaml
4144010570,广州医科大学,广东省,researched_partial,7,7,0,1,2026-10-01,universities/广东省/4144010570/profile.yaml
4144010571,广东医科大学,广东省,researched_partial,8,8,0,7,2026-10-01,universities/广东省/4144010571/profile.yaml
4144010572,广州中医药大学,广东省,researched_partial,6,6,0,3,2026-10-01,universities/广东省/4144010572/profile.yaml
4144010573,广东药科大学,广东省,researched_partial,8,8,0,5,2026-10-01,universities/广东省/4144010573/profile.yaml
4144010574,华南师范大学,广东省,researched_partial,14,13,1,6,2026-10-01,universities/广东省/4144010574/profile.yaml
4144010576,韶关学院,广东省,researched_partial,8,8,0,3,2026-10-01,universities/广东省/4144010576/profile.yaml
4144010577,惠州学院,广东省,researched_partial,9,9,0,5,2026-10-01,universities/广东省/4144010577/profile.yaml
4144010578,韩山师范学院,广东省,researched_partial,2,1,1,0,2026-10-01,universities/广东省/4144010578/profile.yaml
4144010579,岭南师范学院,广东省,researched_partial,11,11,0,5,2026-10-01,universities/广东省/4144010579/profile.yaml
4144010580,肇庆学院,广东省,researched_partial,11,11,0,4,2026-10-01,universities/广东省/4144010580/profile.yaml
4144010582,嘉应学院,广东省,needs_source,5,0,5,0,2026-10-01,universities/广东省/4144010582/profile.yaml
4144010585,广州体育学院,广东省,researched_partial,2,2,0,0,2026-10-01,universities/广东省/4144010585/profile.yaml
4144010586,广州美术学院,广东省,researched_partial,12,12,0,4,2026-10-01,universities/广东省/4144010586/profile.yaml
4144010587,星海音乐学院,广东省,researched_partial,6,5,1,1,2026-10-01,universities/广东省/4144010587/profile.yaml
4144010588,广东技术师范大学,广东省,researched_partial,9,9,0,8,2026-10-01,universities/广东省/4144010588/profile.yaml
4144010590,深圳大学,广东省,needs_source,4,0,4,0,2026-10-01,universities/广东省/4144010590/profile.yaml
4144010592,广东财经大学,广东省,researched_partial,6,6,0,3,2026-10-01,universities/广东省/4144010592/profile.yaml
4144011078,广州大学,广东省,researched_partial,12,11,1,1,2026-10-01,universities/广东省/4144011078/profile.yaml
4144011106,广州航海学院,广东省,researched_partial,11,11,0,5,2026-10-01,universities/广东省/4144011106/profile.yaml
4144011110,广东警官学院,广东省,needs_source,3,0,3,0,2026-10-01,universities/广东省/4144011110/profile.yaml
4144011347,仲恺农业工程学院,广东省,researched_partial,5,1,4,0,2026-10-01,universities/广东省/4144011347/profile.yaml
4144011349,五邑大学,广东省,researched_partial,8,8,0,2,2026-10-01,universities/广东省/4144011349/profile.yaml
4144011540,广东金融学院,广东省,researched_partial,2,2,0,0,2026-10-01,universities/广东省/4144011540/profile.yaml
4144011656,广东石油化工学院,广东省,researched_partial,10,8,2,2,2026-10-01,universities/广东省/4144011656/profile.yaml
4144011819,东莞理工学院,广东省,researched_partial,12,12,0,6,2026-10-01,universities/广东省/4144011819/profile.yaml
4144011845,广东工业大学,广东省,researched_partial,11,11,0,2,2026-10-01,universities/广东省/4144011845/profile.yaml
4144011846,广东外语外贸大学,广东省,researched_partial,9,8,1,7,2026-10-01,universities/广东省/4144011846/profile.yaml
4144011847,佛山大学,广东省,needs_source,2,0,2,0,2026-10-01,universities/广东省/4144011847/profile.yaml
4144012121,南方医科大学,广东省,researched_partial,10,10,0,4,2026-10-01,universities/广东省/4144012121/profile.yaml
4144013667,广州商学院,广东省,researched_partial,5,4,1,3,2026-10-01,universities/广东省/4144013667/profile.yaml
4144014278,广东第二师范学院,广东省,researched_partial,11,11,0,3,2026-10-01,universities/广东省/4144014278/profile.yaml
4144014325,南方科技大学,广东省,researched_partial,4,4,0,2,2026-10-01,universities/广东省/4144014325/profile.yaml
4144014655,深圳技术大学,广东省,researched_partial,5,5,0,0,2026-10-01,universities/广东省/4144014655/profile.yaml
4144016401,北师香港浸会大学,广东省,researched_partial,7,7,0,1,2026-10-01,universities/广东省/4144016401/profile.yaml
4144016412,香港科技大学(广州),广东省,researched_partial,1,1,0,0,2026-10-01,universities/广东省/4144016412/profile.yaml
4144016407,香港中文大学(深圳),广东省,researched_partial,2,2,0,0,2026-10-01,universities/广东省/4144016407/profile.yaml
4144016409,深圳北理莫斯科大学,广东省,researched_partial,8,7,1,0,2026-10-01,universities/广东省/4144016409/profile.yaml
4144016410,广东以色列理工学院,广东省,researched_partial,5,5,0,0,2026-10-01,universities/广东省/4144016410/profile.yaml
4144014851,香港城市大学(东莞),广东省,researched_partial,4,4,0,0,2026-10-01,universities/广东省/4144014851/profile.yaml
4144014880,深圳理工大学,广东省,researched_partial,6,6,0,0,2026-10-01,universities/广东省/4144014880/profile.yaml
4144013810,肇庆医学院,广东省,researched_partial,9,9,0,13,2026-10-01,universities/广东省/4144013810/profile.yaml
4144014942,大湾区大学,广东省,researched_partial,5,5,0,0,2026-10-01,universities/广东省/4144014942/profile.yaml
4145010593,广西大学,广西壮族自治区,researched_partial,9,8,1,3,2026-10-01,universities/广西壮族自治区/4145010593/profile.yaml
4145010594,广西科技大学,广西壮族自治区,researched_partial,16,13,3,6,2026-10-01,universities/广西壮族自治区/4145010594/profile.yaml
4145010595,桂林电子科技大学,广西壮族自治区,researched_partial,14,13,1,4,2026-10-01,universities/广西壮族自治区/4145010595/profile.yaml
4145010596,桂林理工大学,广西壮族自治区,researched_partial,10,8,2,2,2026-10-01,universities/广西壮族自治区/4145010596/profile.yaml
4145010598,广西医科大学,广西壮族自治区,researched_partial,10,10,0,9,2026-10-01,universities/广西壮族自治区/4145010598/profile.yaml
4145010599,右江民族医学院,广西壮族自治区,needs_source,4,0,4,0,2026-10-01,universities/广西壮族自治区/4145010599/profile.yaml
4145010600,广西中医药大学,广西壮族自治区,researched_partial,13,13,0,0,2026-10-01,universities/广西壮族自治区/4145010600/profile.yaml
4145010601,桂林医科大学,广西壮族自治区,researched_partial,11,9,2,5,2026-10-01,universities/广西壮族自治区/4145010601/profile.yaml
4145010602,广西师范大学,广西壮族自治区,researched_partial,15,15,0,4,2026-10-01,universities/广西壮族自治区/4145010602/profile.yaml
4145010603,南宁师范大学,广西壮族自治区,researched_partial,15,14,1,2,2026-10-01,universities/广西壮族自治区/4145010603/profile.yaml
4145010604,广西民族师范学院,广西壮族自治区,researched_partial,7,7,0,1,2026-10-01,universities/广西壮族自治区/4145010604/profile.yaml
4145010605,河池学院,广西壮族自治区,researched_partial,14,12,2,5,2026-10-01,universities/广西壮族自治区/4145010605/profile.yaml
4145010606,玉林师范学院,广西壮族自治区,researched_partial,9,9,0,8,2026-10-01,universities/广西壮族自治区/4145010606/profile.yaml
4145010607,广西艺术学院,广西壮族自治区,researched_partial,7,7,0,2,2026-10-01,universities/广西壮族自治区/4145010607/profile.yaml
4145010608,广西民族大学,广西壮族自治区,researched_partial,13,11,2,5,2026-10-01,universities/广西壮族自治区/4145010608/profile.yaml
4145010609,百色学院,广西壮族自治区,researched_partial,3,1,2,0,2026-10-01,universities/广西壮族自治区/4145010609/profile.yaml
4145011354,梧州学院,广西壮族自治区,researched_partial,8,8,0,5,2026-10-01,universities/广西壮族自治区/4145011354/profile.yaml
4145011546,广西科技师范学院,广西壮族自治区,researched_partial,8,7,1,3,2026-10-01,universities/广西壮族自治区/4145011546/profile.yaml
4145011548,广西财经学院,广西壮族自治区,researched_partial,3,2,1,0,2026-10-01,universities/广西壮族自治区/4145011548/profile.yaml
4145011549,南宁学院,广西壮族自治区,researched_partial,5,2,3,0,2026-10-01,universities/广西壮族自治区/4145011549/profile.yaml
4145011607,北部湾大学,广西壮族自治区,researched_partial,10,10,0,2,2026-10-01,universities/广西壮族自治区/4145011607/profile.yaml
4145011825,桂林航天工业学院,广西壮族自治区,researched_partial,7,7,0,4,2026-10-01,universities/广西壮族自治区/4145011825/profile.yaml
4145011837,桂林旅游学院,广西壮族自治区,researched_partial,3,2,1,0,2026-10-01,universities/广西壮族自治区/4145011837/profile.yaml
4145011838,贺州学院,广西壮族自治区,researched_partial,12,12,0,3,2026-10-01,universities/广西壮族自治区/4145011838/profile.yaml
4145013520,广西警察学院,广西壮族自治区,researched_partial,11,11,0,3,2026-10-01,universities/广西壮族自治区/4145013520/profile.yaml
4145013639,柳州工学院,广西壮族自治区,researched_partial,10,10,0,8,2026-10-01,universities/广西壮族自治区/4145013639/profile.yaml
4145013641,桂林学院,广西壮族自治区,researched_partial,11,11,0,2,2026-10-01,universities/广西壮族自治区/4145013641/profile.yaml
4145013890,广西工业学院,广西壮族自治区,needs_source,2,0,2,0,2026-10-01,universities/广西壮族自治区/4145013890/profile.yaml
4145014684,广西职业师范学院,广西壮族自治区,researched_partial,12,10,2,2,2026-10-01,universities/广西壮族自治区/4145014684/profile.yaml
4145011671,桂林师范学院,广西壮族自治区,researched_partial,9,7,2,2,2026-10-01,universities/广西壮族自治区/4145011671/profile.yaml
4146010589,海南大学,海南省,researched_partial,13,13,0,11,2026-10-01,universities/海南省/4146010589/profile.yaml
4146011100,海南热带海洋学院,海南省,researched_partial,13,12,1,5,2026-10-01,universities/海南省/4146011100/profile.yaml
4146011658,海南师范大学,海南省,researched_partial,12,12,0,0,2026-10-01,universities/海南省/4146011658/profile.yaml
4146011810,海南医科大学,海南省,researched_partial,9,8,1,0,2026-10-01,universities/海南省/4146011810/profile.yaml
4146013811,琼台师范学院,海南省,researched_partial,4,4,0,2,2026-10-01,universities/海南省/4146013811/profile.yaml
4146013892,三亚学院,海南省,researched_partial,8,8,0,1,2026-10-01,universities/海南省/4146013892/profile.yaml
4146014829,海南比勒费尔德应用科学大学,海南省,researched_partial,6,4,2,0,2026-10-01,universities/海南省/4146014829/profile.yaml
4146014944,海南警察学院,海南省,researched_partial,4,4,0,1,2026-10-01,universities/海南省/4146014944/profile.yaml
4146014948,海南洛桑旅游大学,海南省,researched_partial,2,2,0,1,2026-10-01,universities/海南省/4146014948/profile.yaml
4150010611,重庆大学,重庆市,researched_partial,7,6,1,3,2026-10-01,universities/重庆市/4150010611/profile.yaml
4150010617,重庆邮电大学,重庆市,researched_partial,6,1,5,0,2026-10-01,universities/重庆市/4150010617/profile.yaml
4150010618,重庆交通大学,重庆市,researched_partial,12,10,2,1,2026-10-01,universities/重庆市/4150010618/profile.yaml
4150010631,重庆医科大学,重庆市,researched_partial,4,2,2,0,2026-10-01,universities/重庆市/4150010631/profile.yaml
4150010635,西南大学,重庆市,researched_partial,13,13,0,6,2026-10-01,universities/重庆市/4150010635/profile.yaml
4150010637,重庆师范大学,重庆市,researched_partial,9,7,2,5,2026-10-01,universities/重庆市/4150010637/profile.yaml
4150010642,重庆文理学院,重庆市,researched_partial,10,9,1,3,2026-10-01,universities/重庆市/4150010642/profile.yaml
4150010643,重庆三峡科技大学,重庆市,researched_partial,6,4,2,2,2026-10-01,universities/重庆市/4150010643/profile.yaml
4150010647,长江师范学院,重庆市,researched_partial,7,7,0,1,2026-10-01,universities/重庆市/4150010647/profile.yaml
4150010650,四川外国语大学,重庆市,researched_partial,8,8,0,3,2026-10-01,universities/重庆市/4150010650/profile.yaml
4150010652,西南政法大学,重庆市,researched_partial,5,1,4,1,2026-10-01,universities/重庆市/4150010652/profile.yaml
4150010655,四川美术学院,重庆市,researched_partial,8,7,1,3,2026-10-01,universities/重庆市/4150010655/profile.yaml
4150011551,重庆科技大学,重庆市,researched_partial,6,6,0,0,2026-10-01,universities/重庆市/4150011551/profile.yaml
4150011660,重庆理工大学,重庆市,researched_partial,3,1,2,0,2026-10-01,universities/重庆市/4150011660/profile.yaml
4150011799,重庆工商大学,重庆市,researched_partial,12,12,0,3,2026-10-01,universities/重庆市/4150011799/profile.yaml
4150012757,重庆警察学院,重庆市,needs_source,2,0,2,0,2026-10-01,universities/重庆市/4150012757/profile.yaml
4150014388,重庆第二师范学院,重庆市,researched_partial,7,7,0,3,2026-10-01,universities/重庆市/4150014388/profile.yaml
4150014830,重庆中医药学院,重庆市,researched_partial,9,9,0,3,2026-10-01,universities/重庆市/4150014830/profile.yaml
4151010610,四川大学,四川省,researched_partial,6,6,0,3,2026-10-01,universities/四川省/4151010610/profile.yaml
4151010613,西南交通大学,四川省,researched_partial,9,8,1,1,2026-10-01,universities/四川省/4151010613/profile.yaml
4151010614,电子科技大学,四川省,researched_partial,14,11,3,3,2026-10-01,universities/四川省/4151010614/profile.yaml
4151010615,西南石油大学,四川省,researched_partial,12,12,0,5,2026-10-01,universities/四川省/4151010615/profile.yaml
4151010616,成都理工大学,四川省,access_limited,2,0,2,0,2026-10-01,universities/四川省/4151010616/profile.yaml
4151010619,西南科技大学,四川省,researched_partial,5,3,2,0,2026-10-01,universities/四川省/4151010619/profile.yaml
4151010621,成都信息工程大学,四川省,researched_partial,12,11,1,2,2026-10-01,universities/四川省/4151010621/profile.yaml
4151010622,四川轻化工大学,四川省,researched_partial,12,12,0,6,2026-10-01,universities/四川省/4151010622/profile.yaml
4151010623,西华大学,四川省,researched_partial,6,3,3,0,2026-10-01,universities/四川省/4151010623/profile.yaml
4151010624,中国民用航空飞行学院,四川省,researched_partial,15,13,2,4,2026-10-01,universities/四川省/4151010624/profile.yaml
4151010626,四川农业大学,四川省,researched_partial,8,8,0,3,2026-10-01,universities/四川省/4151010626/profile.yaml
4151010628,西昌学院,四川省,needs_source,4,0,4,0,2026-10-01,universities/四川省/4151010628/profile.yaml
4151010632,西南医科大学,四川省,researched_partial,14,13,1,6,2026-10-01,universities/四川省/4151010632/profile.yaml
4151010633,成都中医药大学,四川省,researched_partial,8,6,2,2,2026-10-01,universities/四川省/4151010633/profile.yaml
4151010634,川北医学院,四川省,needs_source,2,0,2,0,2026-10-01,universities/四川省/4151010634/profile.yaml
4151010636,四川师范大学,四川省,researched_partial,11,11,0,2,2026-10-01,universities/四川省/4151010636/profile.yaml
4151010638,西华师范大学,四川省,researched_partial,14,14,0,1,2026-10-01,universities/四川省/4151010638/profile.yaml
4151010639,绵阳师范学院,四川省,researched_partial,7,7,0,1,2026-10-01,universities/四川省/4151010639/profile.yaml
4151010640,内江师范学院,四川省,researched_partial,8,8,0,1,2026-10-01,universities/四川省/4151010640/profile.yaml
4151010641,宜宾学院,四川省,researched_partial,8,5,3,1,2026-10-01,universities/四川省/4151010641/profile.yaml
4151010644,四川文理学院,四川省,researched_partial,13,13,0,4,2026-10-01,universities/四川省/4151010644/profile.yaml
4151010646,阿坝师范学院,四川省,researched_partial,6,6,0,1,2026-10-01,universities/四川省/4151010646/profile.yaml
4151010649,乐山师范学院,四川省,researched_partial,7,6,1,1,2026-10-01,universities/四川省/4151010649/profile.yaml
4151010651,西南财经大学,四川省,researched_partial,15,15,0,3,2026-10-01,universities/四川省/4151010651/profile.yaml
4151010653,成都体育学院,四川省,researched_partial,3,2,1,1,2026-10-01,universities/四川省/4151010653/profile.yaml
4151010654,四川音乐学院,四川省,researched_partial,10,9,1,4,2026-10-01,universities/四川省/4151010654/profile.yaml
4151010656,西南民族大学,四川省,researched_partial,3,2,1,3,2026-10-01,universities/四川省/4151010656/profile.yaml
4151011079,成都大学,四川省,researched_partial,9,9,0,8,2026-10-01,universities/四川省/4151011079/profile.yaml
4151011116,成都工业学院,四川省,researched_partial,3,2,1,1,2026-10-01,universities/四川省/4151011116/profile.yaml
4151011360,攀枝花学院,四川省,researched_partial,10,10,0,4,2026-10-01,universities/四川省/4151011360/profile.yaml
4151011552,四川旅游学院,四川省,researched_partial,12,12,0,2,2026-10-01,universities/四川省/4151011552/profile.yaml
4151011661,四川民族学院,四川省,researched_partial,3,2,1,0,2026-10-01,universities/四川省/4151011661/profile.yaml
4151012212,四川警察学院,四川省,researched_partial,8,8,0,1,2026-10-01,universities/四川省/4151012212/profile.yaml
4151013705,成都医学院,四川省,researched_partial,6,6,0,0,2026-10-01,universities/四川省/4151013705/profile.yaml
4151014389,成都师范学院,四川省,researched_partial,6,1,5,0,2026-10-01,universities/四川省/4151014389/profile.yaml
4111012802,吉利学院,四川省,needs_source,3,0,3,0,2026-10-01,universities/四川省/4111012802/profile.yaml
4151014984,广安理工学院,四川省,researched_partial,7,7,0,2,2026-10-01,universities/四川省/4151014984/profile.yaml
4151014985,成都美术学院,四川省,needs_source,4,0,4,0,2026-10-01,universities/四川省/4151014985/profile.yaml
4152010657,贵州大学,贵州省,researched_partial,15,15,0,6,2026-10-01,universities/贵州省/4152010657/profile.yaml
4152010660,贵州医科大学,贵州省,researched_partial,8,8,0,10,2026-10-01,universities/贵州省/4152010660/profile.yaml
4152010661,遵义医科大学,贵州省,researched_partial,9,8,1,3,2026-10-01,universities/贵州省/4152010661/profile.yaml
4152010662,贵州中医药大学,贵州省,researched_partial,12,12,0,7,2026-10-01,universities/贵州省/4152010662/profile.yaml
4152010663,贵州师范大学,贵州省,researched_partial,9,9,0,4,2026-10-01,universities/贵州省/4152010663/profile.yaml
4152010664,遵义师范学院,贵州省,needs_source,1,0,1,0,2026-10-01,universities/贵州省/4152010664/profile.yaml
4152010665,铜仁学院,贵州省,access_limited,3,0,3,0,2026-10-01,universities/贵州省/4152010665/profile.yaml
4152010666,兴义民族师范学院,贵州省,needs_source,2,0,2,0,2026-10-01,universities/贵州省/4152010666/profile.yaml
4152010667,安顺学院,贵州省,researched_partial,12,12,0,1,2026-10-01,universities/贵州省/4152010667/profile.yaml
4152010668,贵州工程应用技术学院,贵州省,researched_partial,14,13,1,6,2026-10-01,universities/贵州省/4152010668/profile.yaml
4152010669,凯里学院,贵州省,researched_partial,12,12,0,2,2026-10-01,universities/贵州省/4152010669/profile.yaml
4152010670,黔南民族师范学院,贵州省,researched_partial,8,8,0,7,2026-10-01,universities/贵州省/4152010670/profile.yaml
4152010671,贵州财经大学,贵州省,access_limited,1,0,1,0,2026-10-01,universities/贵州省/4152010671/profile.yaml
4152010672,贵州民族大学,贵州省,researched_partial,8,7,1,3,2026-10-01,universities/贵州省/4152010672/profile.yaml
4152010976,贵阳学院,贵州省,researched_partial,8,7,1,0,2026-10-01,universities/贵州省/4152010976/profile.yaml
4152010977,六盘水师范学院,贵州省,researched_partial,13,13,0,1,2026-10-01,universities/贵州省/4152010977/profile.yaml
4152011731,贵州商学院,贵州省,researched_partial,11,11,0,3,2026-10-01,universities/贵州省/4152011731/profile.yaml
4152012107,贵州警察学院,贵州省,researched_partial,1,1,0,0,2026-10-01,universities/贵州省/4152012107/profile.yaml
4152014223,贵州师范学院,贵州省,researched_partial,10,10,0,1,2026-10-01,universities/贵州省/4152014223/profile.yaml
4152014440,贵州理工学院,贵州省,researched_partial,12,11,1,6,2026-10-01,universities/贵州省/4152014440/profile.yaml
4152014625,茅台学院,贵州省,researched_partial,10,9,1,4,2026-10-01,universities/贵州省/4152014625/profile.yaml
4153010673,云南大学,云南省,researched_partial,8,8,0,3,2026-10-01,universities/云南省/4153010673/profile.yaml
4153010674,昆明理工大学,云南省,researched_partial,12,12,0,2,2026-10-01,universities/云南省/4153010674/profile.yaml
4153010676,云南农业大学,云南省,access_limited,2,0,2,0,2026-10-01,universities/云南省/4153010676/profile.yaml
4153010677,西南林业大学,云南省,researched_partial,1,1,0,0,2026-10-01,universities/云南省/4153010677/profile.yaml
4153010678,昆明医科大学,云南省,researched_partial,10,9,1,3,2026-10-01,universities/云南省/4153010678/profile.yaml
4153010679,大理大学,云南省,researched_partial,7,5,2,1,2026-10-01,universities/云南省/4153010679/profile.yaml
4153010680,云南中医药大学,云南省,researched_partial,7,6,1,2,2026-10-01,universities/云南省/4153010680/profile.yaml
4153010681,云南师范大学,云南省,researched_partial,13,13,0,5,2026-10-01,universities/云南省/4153010681/profile.yaml
4153010683,昭通学院,云南省,researched_partial,11,11,0,4,2026-10-01,universities/云南省/4153010683/profile.yaml
4153010684,曲靖师范学院,云南省,researched_partial,5,5,0,0,2026-10-01,universities/云南省/4153010684/profile.yaml
4153010685,普洱学院,云南省,needs_source,5,0,5,0,2026-10-01,universities/云南省/4153010685/profile.yaml
4153010686,保山学院,云南省,researched_partial,7,7,0,2,2026-10-01,universities/云南省/4153010686/profile.yaml
4153010687,红河学院,云南省,researched_partial,10,10,0,3,2026-10-01,universities/云南省/4153010687/profile.yaml
4153010689,云南财经大学,云南省,researched_partial,6,6,0,2,2026-10-01,universities/云南省/4153010689/profile.yaml
4153010690,云南艺术学院,云南省,researched_partial,5,5,0,2,2026-10-01,universities/云南省/4153010690/profile.yaml
4153010691,云南民族大学,云南省,researched_partial,4,4,0,1,2026-10-01,universities/云南省/4153010691/profile.yaml
4153011390,玉溪师范学院,云南省,researched_partial,5,5,0,2,2026-10-01,universities/云南省/4153011390/profile.yaml
4153011391,楚雄师范学院,云南省,researched_partial,14,14,0,9,2026-10-01,universities/云南省/4153011391/profile.yaml
4153011392,云南警官学院,云南省,researched_partial,3,3,0,1,2026-10-01,universities/云南省/4153011392/profile.yaml
4153011393,昆明学院,云南省,researched_partial,10,8,2,5,2026-10-01,universities/云南省/4153011393/profile.yaml
4153011556,文山学院,云南省,researched_partial,7,7,0,3,2026-10-01,universities/云南省/4153011556/profile.yaml
4153013326,滇池学院,云南省,researched_partial,3,3,0,0,2026-10-01,universities/云南省/4153013326/profile.yaml
4153014092,滇西科技师范学院,云南省,access_limited,3,0,3,0,2026-10-01,universities/云南省/4153014092/profile.yaml
4153014623,滇西应用技术大学,云南省,needs_source,2,0,2,0,2026-10-01,universities/云南省/4153014623/profile.yaml
4153014015,丽江师范学院,云南省,researched_partial,8,7,1,0,2026-10-01,universities/云南省/4153014015/profile.yaml
4153014016,德宏师范学院,云南省,needs_source,2,0,2,0,2026-10-01,universities/云南省/4153014016/profile.yaml
4153014012,曲靖健康医学院,云南省,researched_partial,4,2,2,0,2026-10-01,universities/云南省/4153014012/profile.yaml
4154010693,西藏农牧大学,西藏自治区,researched_partial,12,12,0,6,2026-10-01,universities/西藏自治区/4154010693/profile.yaml
4154010694,西藏大学,西藏自治区,access_limited,1,0,1,0,2026-10-01,universities/西藏自治区/4154010694/profile.yaml
4154010695,西藏民族大学,西藏自治区,researched_partial,8,7,1,2,2026-10-01,universities/西藏自治区/4154010695/profile.yaml
4154010696,西藏藏医药大学,西藏自治区,needs_source,4,0,4,0,2026-10-01,universities/西藏自治区/4154010696/profile.yaml
4154012481,拉萨师范学院,西藏自治区,researched_partial,5,2,3,0,2026-10-01,universities/西藏自治区/4154012481/profile.yaml
4161010697,西北大学,陕西省,researched_partial,13,13,0,3,2026-10-01,universities/陕西省/4161010697/profile.yaml
4161010698,西安交通大学,陕西省,researched_partial,13,13,0,2,2026-10-01,universities/陕西省/4161010698/profile.yaml
4161010699,西北工业大学,陕西省,researched_partial,13,13,0,3,2026-10-01,universities/陕西省/4161010699/profile.yaml
4161010700,西安理工大学,陕西省,researched_partial,11,11,0,2,2026-10-01,universities/陕西省/4161010700/profile.yaml
4161010701,西安电子科技大学,陕西省,researched_partial,13,13,0,5,2026-10-01,universities/陕西省/4161010701/profile.yaml
4161010702,西安工业大学,陕西省,researched_partial,8,8,0,5,2026-10-01,universities/陕西省/4161010702/profile.yaml
4161010703,西安建筑科技大学,陕西省,researched_partial,11,9,2,5,2026-10-01,universities/陕西省/4161010703/profile.yaml
4161010704,西安科技大学,陕西省,researched_partial,9,9,0,5,2026-10-01,universities/陕西省/4161010704/profile.yaml
4161010705,西安石油大学,陕西省,researched_partial,13,13,0,10,2026-10-01,universities/陕西省/4161010705/profile.yaml
4161010708,陕西科技大学,陕西省,needs_source,1,0,1,0,2026-10-01,universities/陕西省/4161010708/profile.yaml
4161010709,西安工程大学,陕西省,researched_partial,7,7,0,3,2026-10-01,universities/陕西省/4161010709/profile.yaml
4161010710,长安大学,陕西省,researched_partial,5,2,3,0,2026-10-01,universities/陕西省/4161010710/profile.yaml
4161010712,西北农林科技大学,陕西省,researched_partial,10,9,1,3,2026-10-01,universities/陕西省/4161010712/profile.yaml
4161010716,陕西中医药大学,陕西省,researched_partial,12,6,6,3,2026-10-01,universities/陕西省/4161010716/profile.yaml
4161010718,陕西师范大学,陕西省,researched_partial,11,11,0,5,2026-10-01,universities/陕西省/4161010718/profile.yaml
4161010719,延安大学,陕西省,researched_partial,13,10,3,3,2026-10-01,universities/陕西省/4161010719/profile.yaml
4161010720,陕西理工大学,陕西省,needs_source,1,0,1,0,2026-10-01,universities/陕西省/4161010720/profile.yaml
4161010721,宝鸡文理学院,陕西省,researched_partial,4,4,0,1,2026-10-01,universities/陕西省/4161010721/profile.yaml
4161010722,咸阳师范学院,陕西省,researched_partial,11,11,0,2,2026-10-01,universities/陕西省/4161010722/profile.yaml
4161010723,渭南师范学院,陕西省,researched_partial,11,9,2,3,2026-10-01,universities/陕西省/4161010723/profile.yaml
4161010724,西安外国语大学,陕西省,researched_partial,10,10,0,2,2026-10-01,universities/陕西省/4161010724/profile.yaml
4161010726,西北政法大学,陕西省,researched_partial,15,15,0,5,2026-10-01,universities/陕西省/4161010726/profile.yaml
4161010727,西安体育学院,陕西省,researched_partial,3,3,0,2,2026-10-01,universities/陕西省/4161010727/profile.yaml
4161010728,西安音乐学院,陕西省,needs_source,4,0,4,0,2026-10-01,universities/陕西省/4161010728/profile.yaml
4161010729,西安美术学院,陕西省,access_limited,1,0,1,0,2026-10-01,universities/陕西省/4161010729/profile.yaml
4161011080,西安文理学院,陕西省,researched_partial,15,15,0,2,2026-10-01,universities/陕西省/4161011080/profile.yaml
4161011395,榆林大学,陕西省,researched_partial,11,11,0,1,2026-10-01,universities/陕西省/4161011395/profile.yaml
4161011396,商洛学院,陕西省,researched_partial,7,7,0,5,2026-10-01,universities/陕西省/4161011396/profile.yaml
4161011397,安康学院,陕西省,researched_partial,12,12,0,2,2026-10-01,universities/陕西省/4161011397/profile.yaml
4161011560,西安财经大学,陕西省,researched_partial,3,1,2,0,2026-10-01,universities/陕西省/4161011560/profile.yaml
4161011664,西安邮电大学,陕西省,researched_partial,9,9,0,1,2026-10-01,universities/陕西省/4161011664/profile.yaml
4161011736,西安航空学院,陕西省,researched_partial,8,7,1,2,2026-10-01,universities/陕西省/4161011736/profile.yaml
4161011840,西安医学院,陕西省,researched_partial,13,12,1,3,2026-10-01,universities/陕西省/4161011840/profile.yaml
4161012715,西京学院,陕西省,researched_partial,7,5,2,4,2026-10-01,universities/陕西省/4161012715/profile.yaml
4161014390,陕西学前师范学院,陕西省,researched_partial,11,9,2,1,2026-10-01,universities/陕西省/4161014390/profile.yaml
4161013819,陕西警察学院,陕西省,researched_partial,2,1,1,0,2026-10-01,universities/陕西省/4161013819/profile.yaml
4161014945,西安戏剧学院,陕西省,researched_partial,7,7,0,0,2026-10-01,universities/陕西省/4161014945/profile.yaml
4162010730,兰州大学,甘肃省,researched_partial,3,3,0,0,2026-10-01,universities/甘肃省/4162010730/profile.yaml
4162010731,兰州理工大学,甘肃省,researched_partial,10,9,1,3,2026-10-01,universities/甘肃省/4162010731/profile.yaml
4162010732,兰州交通大学,甘肃省,researched_partial,6,2,4,0,2026-10-01,universities/甘肃省/4162010732/profile.yaml
4162010733,甘肃农业大学,甘肃省,researched_partial,18,18,0,5,2026-10-01,universities/甘肃省/4162010733/profile.yaml
4162010735,甘肃中医药大学,甘肃省,researched_partial,4,4,0,0,2026-10-01,universities/甘肃省/4162010735/profile.yaml
4162010736,西北师范大学,甘肃省,needs_source,4,0,4,0,2026-10-01,universities/甘肃省/4162010736/profile.yaml
4162010737,兰州城市学院,甘肃省,researched_partial,6,4,2,1,2026-10-01,universities/甘肃省/4162010737/profile.yaml
4162010738,陇东学院,甘肃省,researched_partial,3,1,2,0,2026-10-01,universities/甘肃省/4162010738/profile.yaml
4162010739,天水师范大学,甘肃省,researched_partial,8,8,0,3,2026-10-01,universities/甘肃省/4162010739/profile.yaml
4162010740,河西学院,甘肃省,researched_partial,11,10,1,1,2026-10-01,universities/甘肃省/4162010740/profile.yaml
4162010741,兰州财经大学,甘肃省,researched_partial,10,10,0,1,2026-10-01,universities/甘肃省/4162010741/profile.yaml
4162010742,西北民族大学,甘肃省,researched_partial,6,6,0,3,2026-10-01,universities/甘肃省/4162010742/profile.yaml
4162011406,甘肃政法大学,甘肃省,needs_source,2,0,2,0,2026-10-01,universities/甘肃省/4162011406/profile.yaml
4162011561,甘肃民族师范学院,甘肃省,needs_source,2,0,2,0,2026-10-01,universities/甘肃省/4162011561/profile.yaml
4162011562,兰州文理学院,甘肃省,needs_source,4,0,4,0,2026-10-01,universities/甘肃省/4162011562/profile.yaml
4162011805,甘肃医学院,甘肃省,researched_partial,5,5,0,2,2026-10-01,universities/甘肃省/4162011805/profile.yaml
4162011807,兰州工业学院,甘肃省,researched_partial,15,14,1,6,2026-10-01,universities/甘肃省/4162011807/profile.yaml
4162011806,陇南师范学院,甘肃省,researched_partial,11,10,1,4,2026-10-01,universities/甘肃省/4162011806/profile.yaml
4162012834,甘肃警察学院,甘肃省,researched_partial,4,4,0,2,2026-10-01,universities/甘肃省/4162012834/profile.yaml
4163010743,青海大学,青海省,researched_partial,14,14,0,6,2026-10-01,universities/青海省/4163010743/profile.yaml
4163010746,青海师范大学,青海省,researched_partial,9,9,0,5,2026-10-01,universities/青海省/4163010746/profile.yaml
4163010748,青海民族大学,青海省,researched_partial,3,2,1,1,2026-10-01,universities/青海省/4163010748/profile.yaml
4163014881,青海理工学院,青海省,access_limited,1,0,1,0,2026-10-01,universities/青海省/4163014881/profile.yaml
4164010749,宁夏大学,宁夏回族自治区,researched_partial,9,8,1,2,2026-10-01,universities/宁夏回族自治区/4164010749/profile.yaml
4164010752,宁夏医科大学,宁夏回族自治区,researched_partial,10,10,0,2,2026-10-01,universities/宁夏回族自治区/4164010752/profile.yaml
4164010753,宁夏师范大学,宁夏回族自治区,researched_partial,6,4,2,2,2026-10-01,universities/宁夏回族自治区/4164010753/profile.yaml
4164011407,北方民族大学,宁夏回族自治区,researched_partial,5,4,1,3,2026-10-01,universities/宁夏回族自治区/4164011407/profile.yaml
4165010755,新疆大学,新疆维吾尔自治区,researched_partial,8,8,0,1,2026-10-01,universities/新疆维吾尔自治区/4165010755/profile.yaml
4165010757,塔里木大学,新疆维吾尔自治区,researched_partial,8,8,0,3,2026-10-01,universities/新疆维吾尔自治区/4165010757/profile.yaml
4165010758,新疆农业大学,新疆维吾尔自治区,researched_partial,12,12,0,2,2026-10-01,universities/新疆维吾尔自治区/4165010758/profile.yaml
4165010759,石河子大学,新疆维吾尔自治区,researched_partial,11,11,0,3,2026-10-01,universities/新疆维吾尔自治区/4165010759/profile.yaml
4165010760,新疆医科大学,新疆维吾尔自治区,researched_partial,9,9,0,1,2026-10-01,universities/新疆维吾尔自治区/4165010760/profile.yaml
4165010762,新疆师范大学,新疆维吾尔自治区,researched_partial,7,7,0,5,2026-10-01,universities/新疆维吾尔自治区/4165010762/profile.yaml
4165010763,喀什大学,新疆维吾尔自治区,needs_source,5,0,5,0,2026-10-01,universities/新疆维吾尔自治区/4165010763/profile.yaml
4165010764,伊犁师范大学,新疆维吾尔自治区,researched_partial,7,7,0,1,2026-10-01,universities/新疆维吾尔自治区/4165010764/profile.yaml
4165010766,新疆财经大学,新疆维吾尔自治区,researched_partial,7,6,1,4,2026-10-01,universities/新疆维吾尔自治区/4165010766/profile.yaml
4165010768,新疆艺术学院,新疆维吾尔自治区,researched_partial,8,7,1,4,2026-10-01,universities/新疆维吾尔自治区/4165010768/profile.yaml
4165010994,新疆工程学院,新疆维吾尔自治区,researched_partial,5,5,0,1,2026-10-01,universities/新疆维吾尔自治区/4165010994/profile.yaml
4165010997,昌吉学院,新疆维吾尔自治区,researched_partial,5,5,0,2,2026-10-01,universities/新疆维吾尔自治区/4165010997/profile.yaml
4165012734,新疆警察学院,新疆维吾尔自治区,researched_partial,4,3,1,0,2026-10-01,universities/新疆维吾尔自治区/4165012734/profile.yaml
4165013558,新疆理工学院,新疆维吾尔自治区,access_limited,1,0,1,0,2026-10-01,universities/新疆维吾尔自治区/4165013558/profile.yaml
4165013560,新疆第二医学院,新疆维吾尔自治区,researched_partial,9,8,1,8,2026-10-01,universities/新疆维吾尔自治区/4165013560/profile.yaml
4165013561,新疆科技学院,新疆维吾尔自治区,researched_partial,15,15,0,18,2026-10-01,universities/新疆维吾尔自治区/4165013561/profile.yaml
4165013628,新疆政法学院,新疆维吾尔自治区,needs_source,3,0,3,0,2026-10-01,universities/新疆维吾尔自治区/4165013628/profile.yaml
4165010765,新疆和田学院,新疆维吾尔自治区,researched_partial,6,5,1,0,2026-10-01,universities/新疆维吾尔自治区/4165010765/profile.yaml
4165014897,新疆工业学院,新疆维吾尔自治区,researched_partial,7,6,1,0,2026-10-01,universities/新疆维吾尔自治区/4165014897/profile.yaml
