school_code,name_zh,source_url,page_title,status,color_space,value,context,checked_at,error_type
4131010246,复旦大学,https://www.fudan.edu.cn/bsxt/list.htm,标识系统,no_pattern,,,,2026-09-30,
4131010247,同济大学,https://www.tongji.edu.cn/xxgk1/xxbs1.htm,学校标识-同济大学,no_pattern,,,,2026-09-30,
4131010248,上海交通大学,https://vi.sjtu.edu.cn/,上海交通大学视觉形象识别系统,no_pattern,,,,2026-09-30,
4131010251,华东理工大学,https://xiaoban.ecust.edu.cn/10389/list.htm,学校标识,no_pattern,,,,2026-09-30,
4131010255,东华大学,https://www.dhu.edu.cn/bsxt/list.htm,标识系统,no_pattern,,,,2026-09-30,
4131010269,华东师范大学,https://www.ecnu.edu.cn/wzcd/xxgk/xxbs.htm,学校标识-华东师范大学,no_pattern,,,,2026-09-30,
4111010001,北京大学,https://www.pku.edu.cn/IdentificationSystem.html,北京大学,no_pattern,,,,2026-09-30,
4111010002,中国人民大学,https://www.ruc.edu.cn/xuexiaobiaozhi1924747550510977025.html,中国人民大学-学校标识,no_pattern,,,,2026-09-30,
4111010004,北京交通大学,https://www.bjtu.edu.cn/xxgk/xxbz/index.htm,北京交通大学,candidate,RGB,#003690,SITY” 校 名 北京交通大学校名中文标准字体选用的是“毛体”，英文标准字体为英文Roma字体修饰规范而成。 标准色 北京交通大学标准色为蓝色（C100 M85 Y0 K5 / R0 G54 B144），称“交大蓝”。 常用下载 校徽及校名-AI 格式 校徽及校名-PNG格式 校徽与校名组合-AI格式 校徽与校名组合-,2026-09-30,
4111010007,北京理工大学,https://www.bit.edu.cn/gbxxgk/dqgz_sjb/vixx/index.htm,北京理工大学视觉形象识别系统,no_pattern,,,,2026-09-30,
4111010008,北京科技大学,https://vi.ustb.edu.cn/,北京科技大学视觉形象识别系统,no_pattern,,,,2026-09-30,
4111010010,北京化工大学,https://www.buct.edu.cn/xywh_11378/list.htm,校园文化,no_pattern,,,,2026-09-30,
4111010022,北京林业大学,http://vi.bjfu.edu.cn/,北京林业大学视觉形象识别系统,no_pattern,,,,2026-09-30,
4111010023,北京协和医学院,https://www.pumc.edu.cn/yxgk/yxhyxg/index.htm,,no_pattern,,,,2026-09-30,
4111010028,首都师范大学,https://www.cnu.edu.cn/xxgk/xxbz/index.htm,首都师范大学,no_pattern,,,,2026-09-30,
4111010034,中央财经大学,https://www.cufe.edu.cn/xxgk/xxbs.htm,学校标识-中央财经大学,no_pattern,,,,2026-09-30,
4111010036,对外经济贸易大学,https://www.uibe.edu.cn/xywh/index.htm,,no_pattern,,,,2026-09-30,
4111010047,中央美术学院,https://www.cafa.edu.cn/sp/campus/,校园文化-中央美术学院,no_pattern,,,,2026-09-30,
4111010052,中央民族大学,https://www.muc.edu.cn/xywh.htm,校园文化-中央民族大学,no_pattern,,,,2026-09-30,
4111011413,中国矿业大学(北京),https://www.cumtb.edu.cn/xxgk/xxbs/xh.htm,校徽-中国矿业大学（北京）,no_pattern,,,,2026-09-30,
4111011414,中国石油大学(北京),https://www.cup.edu.cn/culture/,中国石油大学（北京）校园文化专题网站,no_pattern,,,,2026-09-30,
4111011415,中国地质大学(北京),https://bm.cugb.edu.cn/vis/,中国地质大学(北京)大学视觉形象识别系统,no_pattern,,,,2026-09-30,
4122010183,吉林大学,https://www.jlu.edu.cn/xxgk/xxbs.htm,学校标识-吉林大学,no_pattern,,,,2026-09-30,
4151010613,西南交通大学,http://news.swjtu.edu.cn/info/7851/201196.htm,闫学东、王平赴峨眉校区看望第二学士学位学生并慰问沈志云院士-西南交通大学新闻网,no_pattern,,,,2026-09-30,
4151010633,成都中医药大学,https://www.cdutcm.edu.cn/xxgk/xxbs.htm,学校标识-成都中医药大学,no_pattern,,,,2026-09-30,
4151010651,西南财经大学,http://www.swufe.edu.cn/xywh.htm,校园文化-西南财经大学,no_pattern,,,,2026-09-30,
4112010056,天津大学,https://www.tju.edu.cn/xywh.htm,校园文化-天津大学,no_pattern,,,,2026-09-30,
4112010063,天津中医药大学,https://www.tjutcm.edu.cn/tzgk/xxbs.htm,学校标识-天津中医药大学官网,no_pattern,,,,2026-09-30,
4164010749,宁夏大学,https://www.nxu.edu.cn/info/1591/35782.htm,宁夏日报客户端：宁夏大学引导青年学子扣好人生第一粒扣子-宁夏大学,no_pattern,,,,2026-09-30,
4134010357,安徽大学,http://www.ahu.edu.cn/149/list.htm,学校标识,no_pattern,,,,2026-09-30,
4137010422,山东大学,https://www.sdu.edu.cn/,山东大学 SHANDONG UNIVERSITY,no_pattern,,,,2026-09-30,
4137010423,中国海洋大学,https://news.ouc.edu.cn/15268/list.htm,中国海洋大学形象识别系统,no_pattern,,,,2026-09-30,
4114010108,山西大学,https://www.sxu.edu.cn/xxgk/xxbs/index.html,山西大学学校标识,no_pattern,,,,2026-09-30,
4114010112,太原理工大学,https://www.tyut.edu.cn/xxgk1/xxbs.htm,学校标识-太原理工大学,no_pattern,,,,2026-09-30,
4144010558,中山大学,http://home3.sysu.edu.cn/sysuvi/,,robots_disallowed,,,,2026-09-30,
4144010564,华南农业大学,https://www.scau.edu.cn/xxbs_17923/list.htm,学校标识,no_pattern,,,,2026-09-30,
4144010574,华南师范大学,http://news.scnu.edu.cn/t/9,华南师范大学新闻网,no_pattern,,,,2026-09-30,
4144014325,南方科技大学,https://sustech.edu.cn/zh/school_logo.html,学校标识 - 南方科技大学,no_pattern,,,,2026-09-30,
4145010593,广西大学,https://www.gxu.edu.cn/xdgl1/xxbs1.htm,学校标识-广西大学,no_pattern,,,,2026-09-30,
4132010285,苏州大学,http://www.suda.edu.cn/commonality_service/xywh.jsp,==欢迎访问苏州大学网站==,no_pattern,,,,2026-09-30,
4132010286,东南大学,https://www.seu.edu.cn/bsxtwxw/list.htm,标识系统 - 东南大学,no_pattern,,,,2026-09-30,
4132010287,南京航空航天大学,http://newsweb.nuaa.edu.cn/2025/0304/c737a368777/page.htm,,fetch_error,,,,2026-09-30,HTTPError
4132010290,中国矿业大学,https://www.cumt.edu.cn/xxgk/xywh/xyjs.htm,校园精神-中国矿业大学,no_pattern,,,,2026-09-30,
4132010294,河海大学,https://www.hhu.edu.cn/23385/list.htm#xy1,校园文化,no_pattern,,,,2026-09-30,
4132010295,江南大学,https://www.jiangnan.edu.cn/xxgk/xxbs1.htm,学校标识-江南大学主页,no_pattern,,,,2026-09-30,
4132010298,南京林业大学,https://www.njfu.edu.cn/,南京林业大学,no_pattern,,,,2026-09-30,
4132010307,南京农业大学,https://www.njau.edu.cn/1040/list.htm,学校标识,no_pattern,,,,2026-09-30,
4132010316,中国药科大学,http://tw.cpu.edu.cn/,团委,no_pattern,,,,2026-09-30,
4113010080,河北工业大学,https://www.hebut.edu.cn/gdgk/xxbz/index.htm,河北工业大学,no_pattern,,,,2026-09-30,
4142010487,华中科技大学,http://vi.hust.edu.cn/,华科大-标识系统,no_pattern,,,,2026-09-30,
4142010497,武汉理工大学,https://www.whut.edu.cn/xiaoyuanwenhua/,,no_pattern,,,,2026-09-30,
4143010530,湘潭大学,https://www.xtu.edu.cn/xysh/xywh.htm,校园文化-湘潭大学,no_pattern,,,,2026-09-30,
4143010532,湖南大学,https://www.hnu.edu.cn/hdgk/xywh.htm,校园文化-湖南大学,no_pattern,,,,2026-09-30,
4143010533,中南大学,https://www.csu.edu.cn/zjzn/xxbs/xm.htm,校名-中南大学,no_pattern,,,,2026-09-30,
4143010542,湖南师范大学,https://www.hunnu.edu.cn/xxgk1/xxbs1.htm,学校标识-湖南师范大学,candidate,RGB,#C8161E,一流的环境、一流的师资，培养一流的教育人才，成果丰硕，美誉远传，令人赞叹，使人叫好。 标准色 湖南师范大学标识标准色为“麓山枫红”，色值为： C20 M100 Y100 K0 ； R200 G22 B30 ； PANTONE P49-8C ； WEB ： C8161D. 师大视频 师大校报 官方微博 官方微信 已有 人访问,2026-09-30,
4135010384,厦门大学,https://www.xmu.edu.cn/sdgl/xxbs.htm,学校标识-厦门大学,no_pattern,,,,2026-09-30,
4121010151,大连海事大学,https://hdwh.dlmu.edu.cn/index.jsp,大连海事大学文化网,no_pattern,,,,2026-09-30,
4150010635,西南大学,http://www.swu.edu.cn/xxgk/xxbs.htm,学校标识-西南大学,no_pattern,,,,2026-09-30,
4161010697,西北大学,http://www.nwu.edu.cn/xxgk/xxbs.htm,学校标识-西北大学,no_pattern,,,,2026-09-30,
4161010698,西安交通大学,http://vi.xjtu.edu.cn/,视觉形象识别系统,no_pattern,,,,2026-09-30,
4161010699,西北工业大学,https://news.nwpu.edu.cn/xcb/index/xxsbxt.htm,形象识别系统-视窗-西北工业大学新闻网,no_pattern,,,,2026-09-30,
4163010743,青海大学,https://www.qhu.edu.cn/xysh/xywh/index.htm,校园文化-青海大学,no_pattern,,,,2026-09-30,
4123010224,东北农业大学,https://www.neau.edu.cn/dddd/rwct.htm,人文传统-东北农业大学,no_pattern,,,,2026-09-30,
4123010225,东北林业大学,https://culture.nefu.edu.cn/,东北林业大学校园文化,no_pattern,,,,2026-09-30,
4131010256,上海电力大学,https://www.shiep.edu.cn/vi/list.htm,VI设计规范,no_pattern,,,,2026-09-30,
4131010270,上海师范大学,https://www.shnu.edu.cn/30332/list.htm,校名,no_pattern,,,,2026-09-30,
4131010276,华东政法大学,https://www.ecupl.edu.cn/614/list.htm,学校标识,no_pattern,,,,2026-09-30,
4131010279,上海戏剧学院,https://www.sta.edu.cn/1541/list.htm,教工之家,no_pattern,,,,2026-09-30,
4131010856,上海工程技术大学,https://www.sues.edu.cn/xxbs/list.htm,学校标识,no_pattern,,,,2026-09-30,
4131011458,上海电机学院,https://www.sdju.edu.cn/xxbs/list.htm,学校标识,no_pattern,,,,2026-09-30,
4153010674,昆明理工大学,https://www.kmust.edu.cn/info/1020/17379.htm,校园风光-昆明理工大学,no_pattern,,,,2026-09-30,
4153010681,云南师范大学,https://www.ynnu.edu.cn/xywh/xx.htm,校训-云南师范大学,no_pattern,,,,2026-09-30,
4153010687,红河学院,https://www.uoh.edu.cn/xqzl/xxbs.htm,,fetch_error,,,,2026-09-30,URLError
4153010690,云南艺术学院,https://www.ynart.edu.cn/xxgk/xxbs.htm,学校标识-云南艺术学院,no_pattern,,,,2026-09-30,
4153011391,楚雄师范学院,https://www.cxtc.edu.cn/xxgk/xxbs.htm,学校标识-欢迎访问楚雄师范学院官网,no_pattern,,,,2026-09-30,
4153011393,昆明学院,https://new.kmu.edu.cn/content.jsp?urltype=news.NewsContentUrl&wbtreeid=1032&wbnewsid=7086,校园标识-昆明学院--昆明学院官方网站,no_pattern,,,,2026-09-30,
4153011556,文山学院,https://www.wsu.edu.cn/index/xywh.htm,校园文化-文山学院,no_pattern,,,,2026-09-30,
4153014092,滇西科技师范学院,https://www.wynu.edu.cn/xxgg/xxbs.htm,,fetch_error,,,,2026-09-30,URLError
4115010127,内蒙古科技大学,https://www.imust.edu.cn/xywh.htm,校园文化-内蒙古科技大学,no_pattern,,,,2026-09-30,
4115010128,内蒙古工业大学,https://www.imut.edu.cn/,内蒙古工业大学,no_pattern,,,,2026-09-30,
4115010819,呼伦贝尔学院,https://www.hlbec.edu.cn/,呼伦贝尔学院,no_pattern,,,,2026-09-30,
4115011427,集宁师范学院,https://www.jnnu.edu.cn/xxjj/xxbs.htm,学校标识-集宁师范学院,no_pattern,,,,2026-09-30,
4115011709,呼和浩特民族学院,https://www.imnc.edu.cn/xxgk2/xywh/xxbs1.htm,学校标识-呼和浩特民族学院,no_pattern,,,,2026-09-30,
4111010015,北京印刷学院,https://www.bigc.edu.cn/xxgk19/xxbz19/index.htm,学校标识_北京印刷学院,no_pattern,,,,2026-09-30,
4111010017,北京石油化工学院,https://www.bipt.edu.cn/xxgk/xxbz/index.htm,北京石油化工学院,no_pattern,,,,2026-09-30,
4111010025,首都医科大学,https://www.ccmu.edu.cn/xxgk/xxbz/index.htm,学校标识-首都医科大学,no_pattern,,,,2026-09-30,
4111010029,首都体育学院,https://www.cupes.edu.cn/xywh/index.htm,,no_pattern,,,,2026-09-30,
4111010037,北京物资学院,http://www.bwu.edu.cn/xxgk/xxbs.htm,学校标识-北京物资学院,no_pattern,,,,2026-09-30,
4111010038,首都经济贸易大学,https://www.cueb.edu.cn/xxgk/xywh/index.htm,,no_pattern,,,,2026-09-30,
4111011149,中华女子学院,https://www.cwu.edu.cn/xywh1.htm,校园文化-中华女子学院,no_pattern,,,,2026-09-30,
4111011232,北京信息科技大学,https://www.bistu.edu.cn/dxwh/xxbz/index.html,,no_pattern,,,,2026-09-30,
4111011417,北京联合大学,https://www.buu.edu.cn/art/2026/5/28/art_38511_829822.html,第四届校园文化周来啦,no_pattern,,,,2026-09-30,
4111011625,中国青年政治学院,https://www.cyu.edu.cn/xwzx/xywh/,中央团校（中国青年政治学院）,no_pattern,,,,2026-09-30,
4111011831,首钢工学院,https://www.sgit.edu.cn/xygk/xywh.htm,校园文化-首钢工学院,no_pattern,,,,2026-09-30,
4122010186,长春理工大学,https://www.cust.edu.cn/xywh2026/index.htm,,no_pattern,,,,2026-09-30,
4122010193,吉林农业大学,https://www.jlau.edu.cn/xxgk/xxbs.htm,学校标识-吉林农业大学,no_pattern,,,,2026-09-30,
4151010622,四川轻化工大学,https://www.suse.edu.cn/xxbs/list.htm,学校标识,no_pattern,,,,2026-09-30,
4151010624,中国民用航空飞行学院,https://vi.cafuc.edu.cn,视觉形象识别系统-中国民用航空飞行学院,no_pattern,,,,2026-09-30,
4151010632,西南医科大学,https://www.swmu.edu.cn/xywh/xx.htm,校训-西南医科大学,no_pattern,,,,2026-09-30,
4151010644,四川文理学院,https://www.sasu.edu.cn/xywh1.htm,校园文化-四川文理学院欢迎您！,no_pattern,,,,2026-09-30,
4151011360,攀枝花学院,https://www.pzhu.edu.cn/xywh/ygpd.htm,阳光攀大-攀枝花学院官网,no_pattern,,,,2026-09-30,
4151011552,四川旅游学院,https://www.sctu.edu.cn/xywh1/xxbs.htm,学校标识-四川旅游学院,no_pattern,,,,2026-09-30,
4151012212,四川警察学院,https://www.scpolicec.edu.cn/xxgk1/xxbs.htm,学校标识-四川警察学院,no_pattern,,,,2026-09-30,
4151014389,成都师范学院,https://www.cdnu.edu.cn/xywh/sscsewm_csxxblx.htm,,fetch_error,,,,2026-09-30,RemoteDisconnected
4112010069,天津商业大学,https://www.tjcu.edu.cn/index/xywh/bxln.htm,办学理念-天津商业大学,no_pattern,,,,2026-09-30,
4112010072,天津音乐学院,https://www.tjcm.edu.cn/xywh/xgdt.htm,学工动态-天津音乐学院,no_pattern,,,,2026-09-30,
4112010792,天津城建大学,https://www.tcu.edu.cn/xywh.htm,校园文化-天津城建大学,no_pattern,,,,2026-09-30,
4112012105,天津中德应用技术大学,https://www.tsguas.edu.cn/xxgk/xywh.htm,,fetch_error,,,,2026-09-30,timeout
4164010752,宁夏医科大学,http://www.nxmu.edu.cn/tw/,宁夏医科大学团委,no_pattern,,,,2026-09-30,
4134010363,安徽工程大学,https://www.ahpu.edu.cn/11286/list.htm,学校标识,no_pattern,,,,2026-09-30,
4134010368,皖南医科大学,http://whw.wnmc.edu.cn/,皖南医科大学文化网,no_pattern,,,,2026-09-30,
4134010369,安徽中医药大学,https://www.ahtcm.edu.cn/xxgk/xxbs/xm.htm,校名-安徽中医药大学,no_pattern,,,,2026-09-30,
4134010378,安徽财经大学,https://aufevis.aufe.edu.cn/,安徽财经大学视觉形象识别系统,no_pattern,,,,2026-09-30,
4134010379,宿州学院,https://www.ahszu.edu.cn/xygk/xxbs.htm,学校标识-宿州学院欢迎您！ -- 校训：友善 博学 务实 奋进,no_pattern,,,,2026-09-30,
4134010878,安徽建筑大学,https://www.ahjzu.edu.cn/2025/1029/c14638a258526/page.htm,【镜头下的安建大】“趣·冬”文化艺术节系列活动之“冬韵建大，光影逐梦”摄影摄像评选活动圆满落幕,no_pattern,,,,2026-09-30,
4134010879,安徽科技工程大学,https://www.ahstu.edu.cn/xxgk1/xxbs.htm,学校标识-安徽科技工程大学,no_pattern,,,,2026-09-30,
4134011059,合肥大学,https://www.hfuu.edu.cn/4164/list.htm,学校标识,no_pattern,,,,2026-09-30,
4134011306,池州学院,https://www.czu.edu.cn/xxgk/xxbs.htm,学校标识-池州学院,no_pattern,,,,2026-09-30,
4134012925,安徽第二医学院,https://www.ahyz.edu.cn/xywh/yzjs.htm,医专精神-安徽第二医学院,no_pattern,,,,2026-09-30,
4134013612,合肥理工学院,https://www.hfit.edu.cn/19/list.htm,学校标识,no_pattern,,,,2026-09-30,
4134014098,合肥师范学院,https://www.hfnu.edu.cn/xywh/xx.htm,校训-合肥师范学院,no_pattern,,,,2026-09-30,
4137010426,青岛科技大学,https://www.qust.edu.cn/xywh.htm,校园文化-青岛科技大学,no_pattern,,,,2026-09-30,
4137010427,济南大学,https://www.ujn.edu.cn/info/1632/346703.htm,民谣赴夏 声动济大｜大冰的小屋·百城百校音乐会济南大学站落幕-济南大学,no_pattern,,,,2026-09-30,
4137010431,齐鲁工业大学,https://www.qlu.edu.cn/5170/list.htm,校园文化,no_pattern,,,,2026-09-30,
4137010438,山东第二医科大学,https://www.sdsmu.edu.cn/4229/list.htm,学校标识,no_pattern,,,,2026-09-30,
4137010439,山东第一医科大学,https://vi.sdfmu.edu.cn/,视觉形象识别系统,no_pattern,,,,2026-09-30,
4137010440,山东医药大学,https://www.sdmpu.edu.cn/1779/list.htm,学校标识,no_pattern,,,,2026-09-30,
4137010445,山东师范大学,http://www.sdnu.edu.cn/overview/logo.htm,学校标识-山东师范大学,no_pattern,,,,2026-09-30,
4137010446,曲阜师范大学,https://www.qfnu.edu.cn/ljxx/xxbs.htm,学校标识-曲阜师范大学,no_pattern,,,,2026-09-30,
4137010448,德州学院,https://www.dzu.edu.cn/xywh.htm,校园文化-德州学院,no_pattern,,,,2026-09-30,
4137010453,泰山学院,https://www.tsu.edu.cn/8337/list.htm,学校标识,no_pattern,,,,2026-09-30,
4137010455,菏泽学院,https://www.hezeu.edu.cn/xxkk/bsxt.htm,标识系统-菏泽学院,no_pattern,,,,2026-09-30,
4137010458,山东艺术学院,https://www.sdca.edu.cn/sygk/xxbs.htm,学校标识-山东艺术学院SHANDONG UNIVERSITY OF ARTS,no_pattern,,,,2026-09-30,
4137011510,山东交通学院,https://www.sdjtu.edu.cn/xygk/xxbs.htm,学校标识-山东交通学院,no_pattern,,,,2026-09-30,
4137012331,山东女子学院,https://www.sdwu.edu.cn/xxgk/xxbs.htm,学校标识-山东女子学院,no_pattern,,,,2026-09-30,
4137013386,山东石油化工学院,https://www.sdipct.edu.cn/xxgk/xywh.htm,校园文化-山东石油化工学院,no_pattern,,,,2026-09-30,
4137014276,齐鲁师范学院,https://www.qlnu.edu.cn/info/1511/225669.htm,图书馆开展“墨香伴书香，笔尖悟经典”硬笔书法比赛-齐鲁师范学院︱Qilu Normal University,no_pattern,,,,2026-09-30,
4137014438,山东管理学院,https://www.sdmu.edu.cn/xygk/xxbs.htm,学校标识-山东管理学院,no_pattern,,,,2026-09-30,
4114010109,太原科技大学,https://www.tyust.edu.cn/xxgk/xxbsjxg.htm,学校标识及校歌-太原科技大学主站,no_pattern,,,,2026-09-30,
4114010110,中北大学,https://www.nuc.edu.cn/xxgk/xxbs.htm,学校标识-中北大学,no_pattern,,,,2026-09-30,
4114013537,山西电子科技学院,https://www.sxdzkj.edu.cn/xxgk1/xxbs.htm,学校标识-山西电子科技学院【官网】,no_pattern,,,,2026-09-30,
4114013597,山西科技学院,https://www.sxist.edu.cn/xygk/xxbs.htm,学校标识-山西科技学院,no_pattern,,,,2026-09-30,
4114014101,太原工业学院,https://www.tit.edu.cn/index/xywh.htm,校园文化-太原工业学院,no_pattern,,,,2026-09-30,
4114014434,山西传媒学院,https://www.cusx.edu.cn/xxgk/xxbs.htm,学校标识-山西传媒学院,no_pattern,,,,2026-09-30,
4144010566,广东海洋大学,https://www.gdou.edu.cn/xxgk/xxbs.htm,学校标识-广东海洋大学,no_pattern,,,,2026-09-30,
4144010577,惠州学院,https://www.hzu.edu.cn/554/list.htm,学校标识,no_pattern,,,,2026-09-30,
4144010580,肇庆学院,https://www.zqu.edu.cn/xxgk/xybsxt.htm,校园标识系统-肇庆学院,no_pattern,,,,2026-09-30,
4144011656,广东石油化工学院,https://www.gdupt.edu.cn/xysh/xxsjxxsbxt.htm,学校视觉形象识别系统-广东石油化工学院,no_pattern,,,,2026-09-30,
4144011819,东莞理工学院,https://www.dgut.edu.cn/xwzx/xywh.htm,校园文化-东莞理工学院,no_pattern,,,,2026-09-30,
4144012121,南方医科大学,https://www.smu.edu.cn/xygk/xxbs.htm,学校标识-南方医科大学,no_pattern,,,,2026-09-30,
4144014880,深圳理工大学,https://www.suat-sz.edu.cn/xxgk/xywh.htm,校园文化-深圳理工大学,no_pattern,,,,2026-09-30,
4144014942,大湾区大学,https://www.gbu.edu.cn/about_us.html#bsxt,走进湾大-大湾区大学,no_pattern,,,,2026-09-30,
4145010595,桂林电子科技大学,https://www.guet.edu.cn/xxsb/list.htm,形象识别,no_pattern,,,,2026-09-30,
4145010596,桂林理工大学,https://www.glut.edu.cn/xxgk/xxbs.htm,学校标识-欢迎访问桂林理工大学,no_pattern,,,,2026-09-30,
4145010598,广西医科大学,https://www.gxmu.edu.cn/zjyd/xxbs/,广西医科大学（Guangxi Medical University）,no_pattern,,,,2026-09-30,
4145010600,广西中医药大学,https://www.gxtcmu.edu.cn/xywh,校园文化_广西中医药大学,no_pattern,,,,2026-09-30,
4145010602,广西师范大学,https://www.gxnu.edu.cn/1374/list.htm,学校视觉形象识别系统,no_pattern,,,,2026-09-30,
4145010603,南宁师范大学,https://www.nnnu.edu.cn/xxgk/xxbs.htm,学校标识-南宁师范大学,no_pattern,,,,2026-09-30,
4145010607,广西艺术学院,https://www.gxau.edu.cn/xygk/xxbs,学校标识_学校概况_广西艺术学院,no_pattern,,,,2026-09-30,
4145011354,梧州学院,https://www.gxuwz.edu.cn#s5,梧州学院,no_pattern,,,,2026-09-30,
4145011607,北部湾大学,https://www.bbgu.edu.cn/xxgk/xxbs.htm,学校标识-北部湾大学,no_pattern,,,,2026-09-30,
4145011671,桂林师范学院,https://www.glnc.edu.cn/,桂林师范学院官网,no_pattern,,,,2026-09-30,
4165010762,新疆师范大学,https://www.xjnu.edu.cn/xxgk/xxbs.htm,学校标识-新疆师范大学,no_pattern,,,,2026-09-30,
4165013560,新疆第二医学院,https://www.xjsmc.edu.cn/xygk/xxbs.htm,学校标识-新疆第二医学院,no_pattern,,,,2026-09-30,
4132010289,江苏科技大学,https://www.just.edu.cn/11990/list.htm,校标校训,no_pattern,,,,2026-09-30,
4132010291,南京工业大学,https://www.njtech.edu.cn,南京工业大学,no_pattern,,,,2026-09-30,
4132010292,常州大学,https://www.cczu.edu.cn/xywh/list.htm,标识系统,no_pattern,,,,2026-09-30,
4132010299,江苏大学,https://www.ujs.edu.cn/xxgk/xxbs.htm,学校标识-江苏大学欢迎您！,no_pattern,,,,2026-09-30,
4132010313,徐州医科大学,https://www.xzhmu.edu.cn/xqzl/xxbs.htm,学校标识-徐州医科大学,no_pattern,,,,2026-09-30,
4132010320,江苏师范大学,http://www.jsnu.edu.cn/83/list.htm,学校标识,no_pattern,,,,2026-09-30,
4132010324,盐城师范学院,https://www.yctu.edu.cn/5639/list.htm,标识系统,no_pattern,,,,2026-09-30,
4132010332,苏州科技大学,https://www.usts.edu.cn/xywh/,苏州科技大学校园文化精品名录库,no_pattern,,,,2026-09-30,
4132011276,南京工程学院,https://www.njit.edu.cn/xywh/sjxxsbxt.htm,视觉形象识别系统-南京工程学院,no_pattern,,,,2026-09-30,
4132011460,南京晓庄学院,https://www.njxzc.edu.cn/xxbs/list.htm,,fetch_error,,,,2026-09-30,timeout
4132012917,泰州学院,https://tuanwei.tzu.edu.cn/gzdt/list.htm,工作动态,no_pattern,,,,2026-09-30,
4132013573,金陵科技学院,https://www.jit.edu.cn/xxgk/xywh/xyfj.htm,校园风景-金陵科技学院,no_pattern,,,,2026-09-30,
4132014436,江苏第二师范学院,https://www.jssnu.edu.cn/4453/list.htm,学校标识,no_pattern,,,,2026-09-30,
4132016403,西交利物浦大学,https://www.xjtlu.edu.cn/zh/about/overview/xjtlu-identity,学校标识 - Xi'an Jiaotong-Liverpool University,candidate,RGB,#000042,"显自身特色。 标准色 西浦蓝 西浦紫 CMYK: 100, 90, 0, 70 CMYK: 27, 80, 0, 0 Pantone: 2766 C Pantone: 252 C RGB: 0, 0, 66 RGB: 206, 87, 193 HEX: #010544 HEX: #CE57C1 品牌标识规范手册 点击下载 《",2026-09-30,
4132016403,西交利物浦大学,https://www.xjtlu.edu.cn/zh/about/overview/xjtlu-identity,学校标识 - Xi'an Jiaotong-Liverpool University,candidate,RGB,#CE57C1," 西浦紫 CMYK: 100, 90, 0, 70 CMYK: 27, 80, 0, 0 Pantone: 2766 C Pantone: 252 C RGB: 0, 0, 66 RGB: 206, 87, 193 HEX: #010544 HEX: #CE57C1 品牌标识规范手册 点击下载 《西交利物浦大学视觉形象识别系统规范手",2026-09-30,
4132016403,西交利物浦大学,https://www.xjtlu.edu.cn/zh/about/overview/xjtlu-identity,学校标识 - Xi'an Jiaotong-Liverpool University,candidate,HEX,#010544,", 0, 70 CMYK: 27, 80, 0, 0 Pantone: 2766 C Pantone: 252 C RGB: 0, 0, 66 RGB: 206, 87, 193 HEX: #010544 HEX: #CE57C1 品牌标识规范手册 点击下载 《西交利物浦大学视觉形象识别系统规范手册》 ，了解更多品牌标识关",2026-09-30,
4132016403,西交利物浦大学,https://www.xjtlu.edu.cn/zh/about/overview/xjtlu-identity,学校标识 - Xi'an Jiaotong-Liverpool University,candidate,HEX,#CE57C1," 27, 80, 0, 0 Pantone: 2766 C Pantone: 252 C RGB: 0, 0, 66 RGB: 206, 87, 193 HEX: #010544 HEX: #CE57C1 品牌标识规范手册 点击下载 《西交利物浦大学视觉形象识别系统规范手册》 ，了解更多品牌标识关联资源及使用规范。（需使用",2026-09-30,
4136010406,南昌航空大学,https://www.nchu.edu.cn/xxgk/xxbs,学校标识_学校概况_南昌航空大学,no_pattern,,,,2026-09-30,
4136010410,江西农业大学,https://www.jxau.edu.cn/xqzl/xxbs.htm,学校标识-江西农业大学,no_pattern,,,,2026-09-30,
4136010412,江西中医药大学,https://www.jxutcm.edu.cn/info/1063/1371.htm,形象识别-江西中医药大学,no_pattern,,,,2026-09-30,
4136010417,宜春学院,https://www.jxycu.edu.cn/4222/list.htm,学校标识,no_pattern,,,,2026-09-30,
4136010419,井冈山大学,http://xgc.jgsu.edu.cn/,井冈山大学学生工作部（处）,no_pattern,,,,2026-09-30,
4136011508,新余学院,https://www.xyc.edu.cn/xxgk/xxbs.htm,学校标识-新余学院,no_pattern,,,,2026-09-30,
4113010082,河北科技大学,https://www.hebust.edu.cn/xywh/index.htm,河北科技大学-校园文化,no_pattern,,,,2026-09-30,
4113010094,河北师范大学,https://www.hebtu.edu.cn/a/xxgk/xxbz/index.html,学校标识河北师范大学,no_pattern,,,,2026-09-30,
4113010104,邢台学院,https://www.xttc.edu.cn/xxgk2/xxbs.htm,学校标识-邢台学院,no_pattern,,,,2026-09-30,
4113010216,燕山大学,http://vis.ysu.edu.cn/,燕山大学形象识别系统,no_pattern,,,,2026-09-30,
4113011104,应急管理大学,https://www.ncist.edu.cn/xywh/index.htm,,no_pattern,,,,2026-09-30,
4113011236,河北体育学院,https://www.hepec.edu.cn/columns/a16a6214-6a5c-4896-ab94-527e9644600a/index.html,,fetch_error,,,,2026-09-30,RemoteDisconnected
4113011420,河北金融学院,https://www.hbfu.edu.cn/info/xyjj?id=15,河北金融学院 - Hebei Finance University,no_pattern,,,,2026-09-30,
4113013895,燕京理工学院,https://www.yit.edu.cn/zjyl/xxbs/A129001004index_1.htm,学校标识,no_pattern,,,,2026-09-30,
4141010462,郑州轻工业大学,https://www.zzuli.edu.cn/234/list.htm,校园文化,no_pattern,,,,2026-09-30,
4141010463,河南工业大学,https://www.haut.edu.cn/xywh1.htm,校园文化-河南工业大学,no_pattern,,,,2026-09-30,
4141010472,河南医药大学,https://www.xxmu.edu.cn/xxgk1/xywhhxln1.htm,校园文化核心理念-河南医药大学,no_pattern,,,,2026-09-30,
4141010476,河南师范大学,https://www.htu.edu.cn/2020/1224/c8959a186265/page.psp,提示信息,no_pattern,,,,2026-09-30,
4141010479,安阳师范学院,https://www.aynu.edu.cn/xxgk1/xxbs.htm,学校标识-安阳师范学院,no_pattern,,,,2026-09-30,
4141010480,许昌学院,https://www.xcu.edu.cn/xxgk/dxzc/xxbs.htm,学校标识-许昌学院,no_pattern,,,,2026-09-30,
4141010483,商丘师范学院,https://www.sqnu.edu.cn/<span style='color:red;font-size:9pt'>转换链接错误</span>,,fetch_error,,,,2026-09-30,InvalidURL
4141010485,郑州航空工业管理学院,https://www.zua.edu.cn/system/resource/code/auth/ipauth.htm,系统提示,no_pattern,,,,2026-09-30,
4141011330,安阳工学院,https://www.ayit.edu.cn/,安阳工学院,no_pattern,,,,2026-09-30,
4141011653,南阳理工学院,https://www.nyist.edu.cn/xxgk/xxbs.htm,学校标识-南阳理工学院,no_pattern,,,,2026-09-30,
4141014981,河南国医学院,https://www.hcccm.edu.cn/2026/0928/c20a4316/page.htm,月满中秋暖校园  同心共话家国情,no_pattern,,,,2026-09-30,
4133010338,浙江理工大学,https://www.zstu.edu.cn/info/1052/1084.htm,,robots_disallowed,,,,2026-09-30,
4133010341,浙江农林大学,https://www.zafu.edu.cn/nlwh/xxbs1.htm,学校标识-浙江农林大学,no_pattern,,,,2026-09-30,
4133010344,浙江中医药大学,https://www.zcmu.edu.cn/xqzl/xxbs.htm,学校标识-浙江中医药大学,no_pattern,,,,2026-09-30,
4133010345,浙江师范大学,https://www.zjnu.edu.cn/4048/list.htm,校园文化,no_pattern,,,,2026-09-30,
4133010351,温州大学,https://www.wzu.edu.cn/xywh/xgxx.htm,校歌校训-温州大学,no_pattern,,,,2026-09-30,
4133010352,丽水学院,https://www.lsu.edu.cn/48/list.htm,学校标识,no_pattern,,,,2026-09-30,
4133010354,嘉兴大学,https://www.zjxu.edu.cn/xqzl/xxbs.htm,学校标识-嘉兴大学,no_pattern,,,,2026-09-30,
4133011057,浙江科技大学,https://www.zust.edu.cn/wh/xxsbxt.htm,形象识别系统-浙江科技大学,no_pattern,,,,2026-09-30,
4133011482,浙江财经大学,https://www.zufe.edu.cn/zcgk/xxbs.htm,学校标识-浙江财经大学,no_pattern,,,,2026-09-30,
4133011647,浙江传媒学院,https://www.cuz.edu.cn/xxgk/xxbs1/xb.htm,校标-浙江传媒学院,no_pattern,,,,2026-09-30,
4133013021,浙大城市学院,https://www.hzcu.edu.cn/gk/xxbs.htm,学校标识-浙大城市学院,no_pattern,,,,2026-09-30,
4133013023,杭州医学院,https://www.hmc.edu.cn/xxgk/xxbs/,杭州医学院-学校标识,no_pattern,,,,2026-09-30,
4133013291,嘉兴南湖学院,https://www.jxnhu.edu.cn/xqzl/xybsxt.htm,校园标识系统-嘉兴南湖学院,no_pattern,,,,2026-09-30,
4133013637,温州商学院,https://www.wzbc.edu.cn/Col/Col14/Index.aspx,学校标识-温州商学院,no_pattern,,,,2026-09-30,
4133014275,浙江外国语学院,https://www.zisu.edu.cn/xqzl1/xxbs/xb.htm,校标-浙江外国语学院,no_pattern,,,,2026-09-30,
4133014943,宁波东方理工大学,https://www.eitech.edu.cn/xxbs/list.htm,学校标识,no_pattern,,,,2026-09-30,
4146011100,海南热带海洋学院,https://www.hntou.edu.cn/xygk_2699/xxbs/,海南热带海洋学院欢迎您,no_pattern,,,,2026-09-30,
4146011658,海南师范大学,https://www.hainnu.edu.cn/xywh/list.htm,,fetch_error,,,,2026-09-30,timeout
4146011810,海南医科大学,https://www.muhn.edu.cn/xxgk/xxbs.htm,学校标识-海南医科大学（海南省医学科学院）,no_pattern,,,,2026-09-30,
4146014944,海南警察学院,https://www.hipolice.edu.cn/xywh.htm,校园文化-海南警察学院,no_pattern,,,,2026-09-30,
4142010488,武汉科技大学,https://www.wust.edu.cn/xywh.htm,校园文化-武汉科技大学,no_pattern,,,,2026-09-30,
4142010489,长江大学,https://vis.yangtzeu.edu.cn/,视觉形象识别,no_pattern,,,,2026-09-30,
4142010495,武汉纺织大学,https://vi.wtu.edu.cn/index.htm,武汉纺织vi视觉识别系统,no_pattern,,,,2026-09-30,
4142010500,湖北工业大学,https://www.hbut.edu.cn/xxgk/xxbs.htm,学校标识-湖北工业大学,no_pattern,,,,2026-09-30,
4142010518,汉江师范学院,https://www.hjnu.edu.cn/xxgk1/xxbs.htm,学校标识-汉江师范学院,no_pattern,,,,2026-09-30,
4142010524,中南民族大学,https://www.scuec.edu.cn/xxkg/xxbs.htm,学校标识-中南民族大学,no_pattern,,,,2026-09-30,
4142010525,湖北汽车工业学院,https://www.huat.edu.cn/info/1042/24586.htm,9月份“第二课堂”主要校园文化活动安排表-湖北汽车工业学院,no_pattern,,,,2026-09-30,
4142010927,湖北科技学院,https://www.hbust.edu.cn/xywh1.htm,校园文化-湖北科技学院,no_pattern,,,,2026-09-30,
4142011072,江汉大学,https://www.jhun.edu.cn/7562/list.htm,学校标识,no_pattern,,,,2026-09-30,
4142011336,荆楚理工学院,https://www.jcut.edu.cn/xywh/xxxt.htm,,fetch_error,,,,2026-09-30,URLError
4142011600,湖北经济学院,https://www.hbue.edu.cn/xywh/list.htm,校园文化,no_pattern,,,,2026-09-30,
4142013245,荆州学院,https://www.jzun.edu.cn/visual,,fetch_error,,,,2026-09-30,URLError
4142014099,湖北第二师范学院,https://vis.hue.edu.cn/,校园视觉形象,no_pattern,,,,2026-09-30,
4143010534,湖南科技大学,https://www.hnust.edu.cn/xxgk/xxbz/index.htm,,no_pattern,,,,2026-09-30,
4143010537,湖南农业大学,https://www.hunau.edu.cn/yxndsss/whbs/sjxxsbxt/index.html,湖南农业大学视觉形象识别系统,no_pattern,,,,2026-09-30,
4143010538,中南林业科技大学,https://www.csuft.edu.cn/,中南林业科技大学,no_pattern,,,,2026-09-30,
4143010551,湖南科技学院,https://www.huse.edu.cn/xxgk/xywh.htm,校园文化-湖南科技学院,no_pattern,,,,2026-09-30,
4143010555,南华大学,https://www.usc.edu.cn/xxgk/xywh/xcp.htm,宣传片-南华大学,no_pattern,,,,2026-09-30,
4143011528,湖南工学院,https://www.hnit.edu.cn/xywh/xxxx.htm,学校校训-湖南工学院,no_pattern,,,,2026-09-30,
4143011532,湖南财政经济学院,https://www.hufe.edu.cn/xxgk/xxbs.htm,学校标识-湖南财政经济学院,no_pattern,,,,2026-09-30,
4162010739,天水师范大学,https://www.tsnu.edu.cn/xxgk2/xxbs.htm,学校标识-天水师范大学欢迎您！,no_pattern,,,,2026-09-30,
4162010740,河西学院,https://www.hxu.edu.cn/xxgk/xxbs1.htm,学校标识-河西学院,no_pattern,,,,2026-09-30,
4162010741,兰州财经大学,https://www.lzufe.edu.cn,兰州财经大学——Welcome to Lanzhou University of Finance and Economics!,no_pattern,,,,2026-09-30,
4162011807,兰州工业学院,https://www.lzit.edu.cn/xxgk/xxbs.htm,学校标识-兰州工业学院,no_pattern,,,,2026-09-30,
4135010385,华侨大学,https://www.hqu.edu.cn/whcc.htm#whcc6,,fetch_error,,,,2026-09-30,URLError
4135010399,泉州师范学院,https://www.qztc.edu.cn/2099/list.htm,校园文化,no_pattern,,,,2026-09-30,
4135011062,厦门理工学院,https://www.xmut.edu.cn/xxgk/xxbs.htm,学校标识-厦门理工学院,no_pattern,,,,2026-09-30,
4135011311,三明学院,https://www.fjsmu.edu.cn/xywh/list.htm,,fetch_error,,,,2026-09-30,URLError
4135013468,阳光学院,https://www.ygu.edu.cn/xywh.htm,校园文化-阳光学院,no_pattern,,,,2026-09-30,
4152010660,贵州医科大学,https://www.gmc.edu.cn/xywh/xxbs.htm,学校标识-贵州医科大学,no_pattern,,,,2026-09-30,
4152010977,六盘水师范学院,https://www.lpssy.edu.cn/xxbs/list.htm,学校标识,no_pattern,,,,2026-09-30,
4152011731,贵州商学院,https://www.gzcc.edu.cn/channels/97.html,贵州商学院-贵商智库大讲堂,no_pattern,,,,2026-09-30,
4152014223,贵州师范学院,https://www.gznc.edu.cn/info/1071/27949.htm,2026级新生军训总结表彰大会-贵州师范学院官网,no_pattern,,,,2026-09-30,
4121010148,辽宁石油化工大学,https://www.lnpu.edu.cn/xxzl/xywh.htm,校园文化-辽宁石油化工大学,no_pattern,,,,2026-09-30,
4121010149,沈阳化工大学,https://www.syuct.edu.cn/xygk/xywh/xxxcp.htm,,fetch_error,,,,2026-09-30,URLError
4121010150,大连交通大学,http://www.djtu.edu.cn/culture.html,大连交通大学 - 校园文化,no_pattern,,,,2026-09-30,
4121010159,中国医科大学,https://www.cmu.edu.cn/xqzl/xxbs.htm,学校标识-中国医科大学网站,no_pattern,,,,2026-09-30,
4121010160,锦州医科大学,https://www.jzmu.edu.cn/introduction/xxbs.htm,学校标识-锦州医科大学,no_pattern,,,,2026-09-30,
4121010172,大连外国语大学,https://www.dlufl.edu.cn/xygk/xxbs.htm,学校标识-大连外国语大学 | Dalian University of Foreign Languages,no_pattern,,,,2026-09-30,
4121010175,中国刑事警察学院,https://www.cipuc.edu.cn/xxgk1/xxbs.htm,学校标识-中国刑事警察学院,no_pattern,,,,2026-09-30,
4121010176,沈阳体育学院,https://www.syty.edu.cn/info/1123/2398.htm,学校标识-沈阳体育学院欢迎您！,no_pattern,,,,2026-09-30,
4121010178,鲁迅美术学院,https://www.lumei.edu.cn/xyfw/xywh.htm,校园文化-鲁迅美术学院,no_pattern,,,,2026-09-30,
4121011632,沈阳工程学院,https://www.sie.edu.cn/xxgk/xywhtx.htm,校园文化体系-沈阳工程学院,no_pattern,,,,2026-09-30,
4121012026,大连民族大学,https://www.dlnu.edu.cn/info/1041/35051.htm,学校举办2026年民族团结进步宣传周暨学校校园文化艺术节、铸牢中华民族共同体意识教育月、铸牢中华民族共同体意识教育基地启动仪式-大连民族大学,no_pattern,,,,2026-09-30,
4121013201,沈阳工学院,https://www.situ.edu.cn/xxgk/xxbs.htm,,fetch_error,,,,2026-09-30,URLError
4150010617,重庆邮电大学,https://www.cqupt.edu.cn/xywh/xyfg.htm,,fetch_error,,,,2026-09-30,HTTPError
4150010618,重庆交通大学,https://www.cqjtu.edu.cn/xxgk/xpxh.htm,形象识别-重庆交通大学--Welcome to Chongqing Jiaotong University !,no_pattern,,,,2026-09-30,
4150010642,重庆文理学院,https://www.cqwu.edu.cn/channel_25606.html,重庆文理学院,no_pattern,,,,2026-09-30,
4150010650,四川外国语大学,https://www.sisu.edu.cn/xxgk/xxbz/index.htm,四川外国语大学校园网,no_pattern,,,,2026-09-30,
4150011551,重庆科技大学,https://www.cqust.edu.cn/sy/dxwh/xywh.htm,校园文化-重庆科技大学,no_pattern,,,,2026-09-30,
4161010700,西安理工大学,https://www.xaut.edu.cn/xxgk/xxbs.htm,学校标识-欢迎访问西安理工大学,no_pattern,,,,2026-09-30,
4161010716,陕西中医药大学,http://www.sntcm.edu.cn/ javascript:void(0); ,,fetch_error,,,,2026-09-30,InvalidURL
4161010723,渭南师范学院,https://www.wnu.edu.cn/xb/xxgk/xxbs.htm,学校标识-渭南师范学院,no_pattern,,,,2026-09-30,
4161010724,西安外国语大学,https://www.xisu.edu.cn/xxgk1/xxbs.htm,学校标识-西安外国语大学,no_pattern,,,,2026-09-30,
4161011664,西安邮电大学,https://www.xupt.edu.cn/xxgk/xxbs1.htm,学校标识-西安邮电大学,no_pattern,,,,2026-09-30,
4161011840,西安医学院,https://www.xiyi.edu.cn/xywh/sj.htm,视觉形象识别系统-西安医学院,no_pattern,,,,2026-09-30,
4161014945,西安戏剧学院,https://www.xaad.edu.cn/info/1511/7811.htm,戏剧青春绽芳华 | 我校首届文化艺术节圆满落幕-西安戏剧学院,no_pattern,,,,2026-09-30,
4123010212,黑龙江大学,https://www.hlju.edu.cn/info/1136/15741.htm,我校召开庆祝第42个教师节大会-黑龙江大学,no_pattern,,,,2026-09-30,
4123010219,黑龙江科技大学,https://www.usth.edu.cn/xxgk/xxbs.htm,,fetch_error,,,,2026-09-30,URLError
4123010232,齐齐哈尔大学,https://www.qqhru.edu.cn/xywh/bzzjsy.htm,标准字及释义-齐齐哈尔大学,no_pattern,,,,2026-09-30,
