school_code,name_zh,prior_status,candidate_ids,candidate_labels,status,collected_at,query_url
4111011413,中国矿业大学(北京),no_exact_match,Q17014396|Q13656445,"China University of Mining and Technology, Beijing|China University of Mining and Technology - Beijing Community",search_results,2026-09-30,https://www.wikidata.org/w/api.php?action=wbsearchentities&search=%E4%B8%AD%E5%9B%BD%E7%9F%BF%E4%B8%9A%E5%A4%A7%E5%AD%A6%28%E5%8C%97%E4%BA%AC%29&language=zh&format=json&limit=5
4111011414,中国石油大学(北京),no_exact_match,Q3274786|Q120888013|Q99265099|Q98546580|Q99265043,China University of Petroleum (Beijing)|中国石油大学(北京)地球物理学院党建工作简介|中国石油大学(北京)资源与信息学院简介|中国石油大学(北京)盆地与油藏研究中心简介|中国石油大学(北京)期刊社成立,search_results,2026-09-30,https://www.wikidata.org/w/api.php?action=wbsearchentities&search=%E4%B8%AD%E5%9B%BD%E7%9F%B3%E6%B2%B9%E5%A4%A7%E5%AD%A6%28%E5%8C%97%E4%BA%AC%29&language=zh&format=json&limit=5
4111011415,中国地质大学(北京),no_exact_match,Q48880972|Q1074097|Q120144107|Q122804913,"China University of Geosciences, Beijing|China University of Geosciences|A survey of China University of Geosciences（ Beijing） undergraduates’ cognition and their preferred science popularization ways of Danxia landform|中国地质大学(北京)简介",search_results,2026-09-30,https://www.wikidata.org/w/api.php?action=wbsearchentities&search=%E4%B8%AD%E5%9B%BD%E5%9C%B0%E8%B4%A8%E5%A4%A7%E5%AD%A6%28%E5%8C%97%E4%BA%AC%29&language=zh&format=json&limit=5
4112010056,天津大学,no_exact_match,Q2031560|Q122805429|Q122807245|Q63092055|Q60608182,Tianjin University|TIANJIN UNIVERSITY|Tianjin University|honorary doctor of the Tianjin University|Tianjindaxuebeiyangyuanxiaoqu Station,search_results,2026-09-30,https://www.wikidata.org/w/api.php?action=wbsearchentities&search=%E5%A4%A9%E6%B4%A5%E5%A4%A7%E5%AD%A6&language=zh&format=json&limit=5
4112010065,天津师范大学,no_exact_match,Q10940196|Q122807247|Q122805565|Q13668366|Q10940197,Tianjin Normal University|Tianjin Normal University|Tianjin Normal University|Tianjin Shifan Daxue|天津师范大学国际女子学院,search_results,2026-09-30,https://www.wikidata.org/w/api.php?action=wbsearchentities&search=%E5%A4%A9%E6%B4%A5%E5%B8%88%E8%8C%83%E5%A4%A7%E5%AD%A6&language=zh&format=json&limit=5
4113010084,河北建筑工程学院,no_exact_match,Q5695492,Hebei University of Architecture,search_results,2026-09-30,https://www.wikidata.org/w/api.php?action=wbsearchentities&search=%E6%B2%B3%E5%8C%97%E5%BB%BA%E7%AD%91%E5%B7%A5%E7%A8%8B%E5%AD%A6%E9%99%A2&language=zh&format=json&limit=5
4114010809,山西中医药大学,no_exact_match,,,no_search_results,2026-09-30,https://www.wikidata.org/w/api.php?action=wbsearchentities&search=%E5%B1%B1%E8%A5%BF%E4%B8%AD%E5%8C%BB%E8%8D%AF%E5%A4%A7%E5%AD%A6&language=zh&format=json&limit=5
4121010146,辽宁科技大学,no_exact_match,Q14478494|Q120959712|Q120958953|Q120934483,University of Science and Technology Liaoning|辽宁科技大学设计作品选登|辽宁科技大学建筑与艺术设计学院建筑设计作品选登|MBA Education Center of University Science and Technology Liaoning,search_results,2026-09-30,https://www.wikidata.org/w/api.php?action=wbsearchentities&search=%E8%BE%BD%E5%AE%81%E7%A7%91%E6%8A%80%E5%A4%A7%E5%AD%A6&language=zh&format=json&limit=5
4122010183,吉林大学,exact_ambiguous,Q1432030|Q85877272|Q122273992|Q30288939|Q30296448,Jilin University|Jilin University|吉林大学|First Hospital of Jilin University|Second Hospital of Jilin University,search_results,2026-09-30,https://www.wikidata.org/w/api.php?action=wbsearchentities&search=%E5%90%89%E6%9E%97%E5%A4%A7%E5%AD%A6&language=zh&format=json&limit=5
4123010234,哈尔滨学院,exact_ambiguous,Q5654447|Q123029250|Q106477915,Harbin University|Harbin Gakuin|Harbin University,search_results,2026-09-30,https://www.wikidata.org/w/api.php?action=wbsearchentities&search=%E5%93%88%E5%B0%94%E6%BB%A8%E5%AD%A6%E9%99%A2&language=zh&format=json&limit=5
4131010259,上海应用技术大学,no_exact_match,Q120875728|Q120874667|Q120875186|Q1519208,Shanghai Institute of Technology|上海应用技术大学|Shanghai Institute of Technology|Shanghai Institute of Technology,search_results,2026-09-30,https://www.wikidata.org/w/api.php?action=wbsearchentities&search=%E4%B8%8A%E6%B5%B7%E5%BA%94%E7%94%A8%E6%8A%80%E6%9C%AF%E5%A4%A7%E5%AD%A6&language=zh&format=json&limit=5
4131010264,上海海洋大学,no_exact_match,Q7488485|Q120874642|Q120872913|Q120864210|Q122273372,Shanghai Ocean University|SHANGHAI OCEAN UNIVERSITY|SHANGHAI OCEAN UNIVERSITY|SHANGHAI OCEAN UNIVERSITY|SHANGHAI OCEAN UNIVERSITY,search_results,2026-09-30,https://www.wikidata.org/w/api.php?action=wbsearchentities&search=%E4%B8%8A%E6%B5%B7%E6%B5%B7%E6%B4%8B%E5%A4%A7%E5%AD%A6&language=zh&format=json&limit=5
4131011047,上海立信会计金融学院,no_exact_match,Q7488476|Q121198922|Q121198958|Q120875461|Q121198912,Shanghai Lixin University of Accounting and Finance|上海立信会计金融学院|上海立信会计金融学院|SHANGHAI LIXIN UNIVERSITY OF ACCOUNTING AND FINANCE|上海立信会计金融学院,search_results,2026-09-30,https://www.wikidata.org/w/api.php?action=wbsearchentities&search=%E4%B8%8A%E6%B5%B7%E7%AB%8B%E4%BF%A1%E4%BC%9A%E8%AE%A1%E9%87%91%E8%9E%8D%E5%AD%A6%E9%99%A2&language=zh&format=json&limit=5
4133010340,浙江海洋大学,no_exact_match,Q112861075|Q5967499,浙江海洋大学东海科学技术学院|Zhejiang Ocean University,search_results,2026-09-30,https://www.wikidata.org/w/api.php?action=wbsearchentities&search=%E6%B5%99%E6%B1%9F%E6%B5%B7%E6%B4%8B%E5%A4%A7%E5%AD%A6&language=zh&format=json&limit=5
4133016405,温州肯恩大学,no_exact_match,Q6382152|Q122274606,Wenzhou-Kean University|WENZHOU KEAN UNIVERSITY,search_results,2026-09-30,https://www.wikidata.org/w/api.php?action=wbsearchentities&search=%E6%B8%A9%E5%B7%9E%E8%82%AF%E6%81%A9%E5%A4%A7%E5%AD%A6&language=zh&format=json&limit=5
4137010425,中国石油大学(华东),no_exact_match,Q15703466|Q99285112|Q99265104|Q120789557|Q122806978,China University of Petroleum (East China)|China University of Petroleum Huadong - Qingdao Campus|中国石油大学(华东)地球资源与信息学院简介|中国石油大学（华东）：抓好“三个关键”推进思政课改革创新|中国石油大学(华东)  石油石化行业高层次人才培养基地,search_results,2026-09-30,https://www.wikidata.org/w/api.php?action=wbsearchentities&search=%E4%B8%AD%E5%9B%BD%E7%9F%B3%E6%B2%B9%E5%A4%A7%E5%AD%A6%28%E5%8D%8E%E4%B8%9C%29&language=zh&format=json&limit=5
4137013995,青岛工学院,exact_ambiguous,Q17062740|Q24835765|Q23999950,Qingdao Institute of Technology|青岛工学院|青岛工学院,search_results,2026-09-30,https://www.wikidata.org/w/api.php?action=wbsearchentities&search=%E9%9D%92%E5%B2%9B%E5%B7%A5%E5%AD%A6%E9%99%A2&language=zh&format=json&limit=5
4141010469,河南牧业经济学院,no_exact_match,Q122314566,河南牧业经济学院,search_results,2026-09-30,https://www.wikidata.org/w/api.php?action=wbsearchentities&search=%E6%B2%B3%E5%8D%97%E7%89%A7%E4%B8%9A%E7%BB%8F%E6%B5%8E%E5%AD%A6%E9%99%A2&language=zh&format=json&limit=5
4142010491,中国地质大学(武汉),no_exact_match,Q48880933|Q122803495|Q120746990|Q120747483|Q120748298,"China University of Geosciences, Wuhan|中国地质大学(武汉)召开第一届研究生党建与思想政治工作研讨会|中国地质大学(武汉)扎实开展先进性教育活动|中国地质大学(武汉)政法学院|中国地质大学(武汉)加强大气科学专业建设的必要性及思路",search_results,2026-09-30,https://www.wikidata.org/w/api.php?action=wbsearchentities&search=%E4%B8%AD%E5%9B%BD%E5%9C%B0%E8%B4%A8%E5%A4%A7%E5%AD%A6%28%E6%AD%A6%E6%B1%89%29&language=zh&format=json&limit=5
4142013262,文华学院,exact_ambiguous,Q10905382|Q66399234|Q117437742,Wenhua College|文华学院|文华学院,search_results,2026-09-30,https://www.wikidata.org/w/api.php?action=wbsearchentities&search=%E6%96%87%E5%8D%8E%E5%AD%A6%E9%99%A2&language=zh&format=json&limit=5
4143010545,湘南学院,no_exact_match,Q120878882|Q14268946|Q120961266|Q120961061|Q8044168,湘南学院|湘南学院社区|湘南学院室内设计作品选登|湘南学院环境设计作品选登|Xiangnan University,search_results,2026-09-30,https://www.wikidata.org/w/api.php?action=wbsearchentities&search=%E6%B9%98%E5%8D%97%E5%AD%A6%E9%99%A2&language=zh&format=json&limit=5
4143010547,邵阳学院,no_exact_match,Q15699103|Q122869468|Q120961625|Q120887666|Q121218596,Shaoyang University|SHAOYANG UNIVERSITY|邵阳学院艺术设计学院作品选登|邵阳学院马克思主义学院简介|邵阳学院外语系简介,search_results,2026-09-30,https://www.wikidata.org/w/api.php?action=wbsearchentities&search=%E9%82%B5%E9%98%B3%E5%AD%A6%E9%99%A2&language=zh&format=json&limit=5
4143010549,湖南文理学院,no_exact_match,Q5942046|Q15932927|Q120961622|Q120963792|Q120963711,Hunan University of Arts and Science|湖南文理学院芙蓉学院|湖南文理学院艺术学院作品选登|湖南文理学院美术与设计学院  湖南应用技术学院设计艺术学院摄影作品选登|湖南文理学院艺术学院水彩作品选登,search_results,2026-09-30,https://www.wikidata.org/w/api.php?action=wbsearchentities&search=%E6%B9%96%E5%8D%97%E6%96%87%E7%90%86%E5%AD%A6%E9%99%A2&language=zh&format=json&limit=5
4143011527,湖南城市学院,no_exact_match,Q15692487|Q120879706|Q120090278|Q120089923|Q120089821,Hunan City University|湖南城市学院|湖南城市学院艺术学院绘画作品选登|湖南城市学院美术与艺术设计学院绘画作品选登|湖南城市学院美术与艺术设计学院摄影作品选登,search_results,2026-09-30,https://www.wikidata.org/w/api.php?action=wbsearchentities&search=%E6%B9%96%E5%8D%97%E5%9F%8E%E5%B8%82%E5%AD%A6%E9%99%A2&language=zh&format=json&limit=5
4144016412,香港科技大学(广州),no_exact_match,Q99229082,The Hong Kong University of Science and Technology (Guangzhou),search_results,2026-09-30,https://www.wikidata.org/w/api.php?action=wbsearchentities&search=%E9%A6%99%E6%B8%AF%E7%A7%91%E6%8A%80%E5%A4%A7%E5%AD%A6%28%E5%B9%BF%E5%B7%9E%29&language=zh&format=json&limit=5
4144016407,香港中文大学(深圳),no_exact_match,Q15934902|Q106517862|Q129485108|Q124935473|Q127690947,"The Chinese University of Hong Kong, Shenzhen|Shenzhen Conservatory of Music|The Chinese University of Hong Kong, Shenzhen Library|School of Medicine, The Chinese University of Hong Kong, Shenzhen|School of Management of Economics, the Chinese University of Hong Kong, Shenzhen",search_results,2026-09-30,https://www.wikidata.org/w/api.php?action=wbsearchentities&search=%E9%A6%99%E6%B8%AF%E4%B8%AD%E6%96%87%E5%A4%A7%E5%AD%A6%28%E6%B7%B1%E5%9C%B3%29&language=zh&format=json&limit=5
4144014851,香港城市大学(东莞),no_exact_match,Q109260019,City University of Hong Kong (Dongguan),search_results,2026-09-30,https://www.wikidata.org/w/api.php?action=wbsearchentities&search=%E9%A6%99%E6%B8%AF%E5%9F%8E%E5%B8%82%E5%A4%A7%E5%AD%A6%28%E4%B8%9C%E8%8E%9E%29&language=zh&format=json&limit=5
4146014829,海南比勒费尔德应用科学大学,no_exact_match,Q124327960,Hainan Bielefeld University of Applied Sciences,search_results,2026-09-30,https://www.wikidata.org/w/api.php?action=wbsearchentities&search=%E6%B5%B7%E5%8D%97%E6%AF%94%E5%8B%92%E8%B4%B9%E5%B0%94%E5%BE%B7%E5%BA%94%E7%94%A8%E7%A7%91%E5%AD%A6%E5%A4%A7%E5%AD%A6&language=zh&format=json&limit=5
4152010662,贵州中医药大学,no_exact_match,Q112677219,贵州中医药大学时珍学院,search_results,2026-09-30,https://www.wikidata.org/w/api.php?action=wbsearchentities&search=%E8%B4%B5%E5%B7%9E%E4%B8%AD%E5%8C%BB%E8%8D%AF%E5%A4%A7%E5%AD%A6&language=zh&format=json&limit=5
4152010976,贵阳学院,exact_ambiguous,Q17039460|Q112677217|Q119995242,Guiyang University|贵阳学院|贵阳学院美术学院杨承朴作品选,search_results,2026-09-30,https://www.wikidata.org/w/api.php?action=wbsearchentities&search=%E8%B4%B5%E9%98%B3%E5%AD%A6%E9%99%A2&language=zh&format=json&limit=5
4153010673,云南大学,no_exact_match,Q649882|Q122745153|Q112677274|Q14178825|Q85875175,Yunnan University|云南大学|Lijiang Culture and Tourism College|云南大学社区|Huize Hall,search_results,2026-09-30,https://www.wikidata.org/w/api.php?action=wbsearchentities&search=%E4%BA%91%E5%8D%97%E5%A4%A7%E5%AD%A6&language=zh&format=json&limit=5
4153010687,红河学院,exact_ambiguous,Q7304839|Q30294498|Q120961628|Q120961693|Q120961241,Red River College Polytechnic|Honghe University|红河学院美术学院作品选登|红河学院美术学院水彩作品选登|红河学院摄影作品选登,search_results,2026-09-30,https://www.wikidata.org/w/api.php?action=wbsearchentities&search=%E7%BA%A2%E6%B2%B3%E5%AD%A6%E9%99%A2&language=zh&format=json&limit=5
