学校名称,学校标识码,主管部门,所在地,办学层次,备注,纳入依据
北方工业大学,4111010009,北京市,北京市,本科,,大学类/公办
北京工商大学,4111010011,北京市,北京市,本科,,大学类/公办
北京服装学院,4111010012,北京市,北京市,本科,,公办
北京印刷学院,4111010015,北京市,北京市,本科,,公办
北京建筑大学,4111010016,北京市,北京市,本科,,大学类/公办
北京石油化工学院,4111010017,北京市,北京市,本科,,公办
北京电子科技学院,4111010018,中央办公厅,北京市,本科,,公办
北京农学院,4111010020,北京市,北京市,本科,,短校名≤5字/公办
首都医科大学,4111010025,北京市,北京市,本科,,大学类/公办
首都体育学院,4111010029,北京市,北京市,本科,,公办
北京第二外国语学院,4111010031,北京市,北京市,本科,,公办
北京语言大学,4111010032,教育部,北京市,本科,,大学类/公办
北京物资学院,4111010037,北京市,北京市,本科,,公办
首都经济贸易大学,4111010038,北京市,北京市,本科,,大学类/公办
中国消防救援学院,4111010039,国家消防救援局,北京市,本科,,公办
国际关系学院,4111010042,教育部,北京市,本科,,公办
中国戏曲学院,4111010049,北京市,北京市,本科,,公办
北京电影学院,4111010050,北京市,北京市,本科,,公办
北京舞蹈学院,4111010051,北京市,北京市,本科,,公办
中华女子学院,4111011149,中华妇女联合会,北京市,本科,,公办
北京信息科技大学,4111011232,北京市,北京市,本科,,大学类/公办
北京联合大学,4111011417,北京市,北京市,本科,,大学类/公办
中国青年政治学院,4111011625,共青团中央,北京市,本科,,公办
首钢工学院,4111011831,北京市,北京市,本科,,短校名≤5字/公办
中国劳动关系学院,4111012453,中华全国总工会,北京市,本科,,公办
北京警察学院,4111014019,北京市,北京市,本科,,公办
中国社会科学院大学,4111014596,中国社会科学院,北京市,本科,,大学类/公办
天津科技大学,4112010057,天津市,天津市,本科,,大学类/公办
中国民航大学,4112010059,交通运输部(中国民用航空局),天津市,本科,,大学类/公办
天津理工大学,4112010060,天津市,天津市,本科,,大学类/公办
天津农学院,4112010061,天津市,天津市,本科,,短校名≤5字/公办
天津师范大学,4112010065,天津市,天津市,本科,,大学类/公办
天津职业技术师范大学,4112010066,天津市,天津市,本科,,大学类/公办
天津外国语大学,4112010068,天津市,天津市,本科,,大学类/公办
天津商业大学,4112010069,天津市,天津市,本科,,大学类/公办
天津财经大学,4112010070,天津市,天津市,本科,,大学类/公办
天津体育学院,4112010071,天津市,天津市,本科,,公办
天津音乐学院,4112010072,天津市,天津市,本科,,公办
天津美术学院,4112010073,天津市,天津市,本科,,公办
天津城建大学,4112010792,天津市,天津市,本科,,大学类/公办
天津中德应用技术大学,4112012105,天津市,天津市,本科,,大学类/公办
天津警察学院,4112012723,天津市,天津市,本科,,公办
河北大学,4113010075,河北省,保定市,本科,,大学类/短校名≤5字/公办
河北工程大学,4113010076,河北省,邯郸市,本科,,大学类/公办
河北地质大学,4113010077,河北省,石家庄市,本科,,大学类/公办
华北理工大学,4113010081,河北省,唐山市,本科,,大学类/公办
河北科技大学,4113010082,河北省,石家庄市,本科,,大学类/公办
河北建筑工程学院,4113010084,河北省,张家口市,本科,,公办
河北水利电力学院,4113010085,河北省,沧州市,本科,,公办
河北农业大学,4113010086,河北省,保定市,本科,,大学类/公办
河北医科大学,4113010089,河北省,石家庄市,本科,,大学类/公办
河北北方学院,4113010092,河北省,张家口市,本科,,公办
承德医学院,4113010093,河北省,承德市,本科,,短校名≤5字/公办
河北师范大学,4113010094,河北省,石家庄市,本科,,大学类/公办
保定学院,4113010096,河北省,保定市,本科,,短校名≤5字/公办
河北民族师范学院,4113010098,河北省,承德市,本科,,公办
唐山师范学院,4113010099,河北省,唐山市,本科,,公办
廊坊师范学院,4113010100,河北省,廊坊市,本科,,公办
衡水学院,4113010101,河北省,衡水市,本科,,短校名≤5字/公办
石家庄学院,4113010102,河北省,石家庄市,本科,,短校名≤5字/公办
邯郸学院,4113010103,河北省,邯郸市,本科,,短校名≤5字/公办
邢台学院,4113010104,河北省,邢台市,本科,,短校名≤5字/公办
沧州师范学院,4113010105,河北省,沧州市,本科,,公办
石家庄铁道大学,4113010107,河北省,石家庄市,本科,,大学类/公办
燕山大学,4113010216,河北省,秦皇岛市,本科,,大学类/短校名≤5字/公办
河北科技师范学院,4113010798,河北省,秦皇岛市,本科,,公办
唐山学院,4113011033,河北省,唐山市,本科,,短校名≤5字/公办
应急管理大学,4113011104,应急管理部,廊坊市,本科,,大学类/公办
中国人民警察大学,4113011105,公安部,廊坊市,本科,,大学类/公办
河北体育学院,4113011236,河北省,石家庄市,本科,,公办
河北金融学院,4113011420,河北省,保定市,本科,,公办
北华航天工业学院,4113011629,河北省,廊坊市,本科,,公办
河北经贸大学,4113011832,河北省,石家庄市,本科,,大学类/公办
中央司法警官学院,4113011903,司法部,保定市,本科,,公办
燕京理工学院,4113013895,河北省教育厅,廊坊市,本科,民办,霞客指定
河北中医药大学,4113014432,河北省,石家庄市,本科,,大学类/公办
张家口学院,4113014458,河北省,张家口市,本科,,短校名≤5字/公办
河北环境工程学院,4213051721,河北省,秦皇岛市,本科,,公办
邢台医学院,4113012884,河北省,邢台市,本科,,短校名≤5字/公办
太原科技大学,4114010109,山西省,太原市,本科,,大学类/公办
中北大学,4114010110,山西省,太原市,本科,,大学类/短校名≤5字/公办
山西农业大学,4114010113,山西省,晋中市,本科,,大学类/公办
山西医科大学,4114010114,山西省,太原市,本科,,大学类/公办
长治医学院,4114010117,山西省,长治市,本科,,短校名≤5字/公办
山西师范大学,4114010118,山西省,太原市,本科,,大学类/公办
太原师范学院,4114010119,山西省,太原市,本科,,公办
山西大同大学,4114010120,山西省,大同市,本科,,大学类/公办
晋中学院,4114010121,山西省,晋中市,本科,,短校名≤5字/公办
长治学院,4114010122,山西省,长治市,本科,,短校名≤5字/公办
运城学院,4114010123,山西省,运城市,本科,,短校名≤5字/公办
忻州师范学院,4114010124,山西省,忻州市,本科,,公办
山西财经大学,4114010125,山西省,太原市,本科,,大学类/公办
山西中医药大学,4114010809,山西省,太原市,本科,,大学类/公办
吕梁学院,4114010812,山西省,吕梁市,本科,,短校名≤5字/公办
太原学院,4114011242,山西省,太原市,本科,,短校名≤5字/公办
山西警察学院,4114012111,山西省,太原市,本科,,公办
山西工学院,4114013534,山西省,朔州市,本科,,短校名≤5字/公办
山西电子科技学院,4114013537,山西省,临汾市,本科,,公办
山西科技学院,4114013597,山西省,晋城市,本科,,公办
太原工业学院,4114014101,山西省,太原市,本科,,公办
山西传媒学院,4114014434,山西省,太原市,本科,,公办
山西工程技术学院,4114014527,山西省,阳泉市,本科,,公办
山西能源学院,4214051189,山西省,晋中市,本科,,公办
山西医药学院,4114014898,山西省,吕梁市,本科,,公办
内蒙古科技大学,4115010127,内蒙古自治区,包头市,本科,,大学类/公办
内蒙古工业大学,4115010128,内蒙古自治区,呼和浩特市,本科,,大学类/公办
内蒙古农业大学,4115010129,内蒙古自治区,呼和浩特市,本科,,大学类/公办
内蒙古医科大学,4115010132,内蒙古自治区,呼和浩特市,本科,,大学类/公办
内蒙古师范大学,4115010135,内蒙古自治区,呼和浩特市,本科,,大学类/公办
内蒙古民族大学,4115010136,内蒙古自治区,通辽市,本科,,大学类/公办
赤峰大学,4115010138,内蒙古自治区,赤峰市,本科,,大学类/短校名≤5字/公办
内蒙古财经大学,4115010139,内蒙古自治区,呼和浩特市,本科,,大学类/公办
呼伦贝尔学院,4115010819,内蒙古自治区,呼伦贝尔市,本科,,公办
集宁师范学院,4115011427,内蒙古自治区,乌兰察布市,本科,,公办
河套学院,4115011631,内蒙古自治区,巴彦淖尔市,本科,,短校名≤5字/公办
呼和浩特民族学院,4115011709,内蒙古自治区,呼和浩特市,本科,,公办
内蒙古艺术学院,4115014531,内蒙古自治区,呼和浩特市,本科,,公办
鄂尔多斯应用技术学院,4115014532,内蒙古自治区,鄂尔多斯市,本科,,公办
内蒙古警察学院,4115012797,内蒙古自治区,呼和浩特市,本科,,公办
沈阳工业大学,4121010142,辽宁省,沈阳市,本科,,大学类/公办
沈阳航空航天大学,4121010143,辽宁省,沈阳市,本科,,大学类/公办
沈阳理工大学,4121010144,辽宁省,沈阳市,本科,,大学类/公办
辽宁科技大学,4121010146,辽宁省,鞍山市,本科,,大学类/公办
辽宁工程技术大学,4121010147,辽宁省,阜新市,本科,,大学类/公办
辽宁石油化工大学,4121010148,辽宁省,抚顺市,本科,,大学类/公办
沈阳化工大学,4121010149,辽宁省,沈阳市,本科,,大学类/公办
大连交通大学,4121010150,辽宁省,大连市,本科,,大学类/公办
大连工业大学,4121010152,辽宁省,大连市,本科,,大学类/公办
沈阳建筑大学,4121010153,辽宁省,沈阳市,本科,,大学类/公办
辽宁工业大学,4121010154,辽宁省,锦州市,本科,,大学类/公办
沈阳农业大学,4121010157,辽宁省,沈阳市,本科,,大学类/公办
大连海洋大学,4121010158,辽宁省,大连市,本科,,大学类/公办
中国医科大学,4121010159,辽宁省,沈阳市,本科,,大学类/公办
锦州医科大学,4121010160,辽宁省,锦州市,本科,,大学类/公办
大连医科大学,4121010161,辽宁省,大连市,本科,,大学类/公办
辽宁中医药大学,4121010162,辽宁省,沈阳市,本科,,大学类/公办
沈阳药科大学,4121010163,辽宁省,沈阳市,本科,,大学类/公办
沈阳医学院,4121010164,辽宁省,沈阳市,本科,,短校名≤5字/公办
辽宁师范大学,4121010165,辽宁省,大连市,本科,,大学类/公办
沈阳师范大学,4121010166,辽宁省,沈阳市,本科,,大学类/公办
渤海大学,4121010167,辽宁省,锦州市,本科,,大学类/短校名≤5字/公办
鞍山师范学院,4121010169,辽宁省,鞍山市,本科,,公办
大连外国语大学,4121010172,辽宁省,大连市,本科,,大学类/公办
东北财经大学,4121010173,辽宁省,大连市,本科,,大学类/公办
中国刑事警察学院,4121010175,公安部,沈阳市,本科,,公办
沈阳体育学院,4121010176,辽宁省,沈阳市,本科,,公办
沈阳音乐学院,4121010177,辽宁省,沈阳市,本科,,公办
鲁迅美术学院,4121010178,辽宁省,沈阳市,本科,,公办
沈阳大学,4121011035,辽宁省,沈阳市,本科,,大学类/短校名≤5字/公办
大连大学,4121011258,辽宁省,大连市,本科,,大学类/短校名≤5字/公办
辽宁科技学院,4121011430,辽宁省,本溪市,本科,,公办
辽宁警察学院,4121011432,辽宁省,大连市,本科,,公办
沈阳工程学院,4121011632,辽宁省,沈阳市,本科,,公办
辽东学院,4121011779,辽宁省,丹东市,本科,,短校名≤5字/公办
大连民族大学,4121012026,国家民委,大连市,本科,,大学类/公办
沈阳工学院,4121013201,辽宁省教育厅,抚顺市,本科,民办,短校名≤5字
营口理工学院,4121014435,辽宁省,营口市,本科,,公办
朝阳师范学院,4121010171,辽宁省,朝阳市,本科,,公办
长春理工大学,4122010186,吉林省,长春市,本科,,大学类/公办
东北电力大学,4122010188,吉林省,吉林市,本科,,大学类/公办
长春工业大学,4122010190,吉林省,长春市,本科,,大学类/公办
吉林建筑大学,4122010191,吉林省,长春市,本科,,大学类/公办
吉林化工大学,4122010192,吉林省,吉林市,本科,,大学类/公办
吉林农业大学,4122010193,吉林省,长春市,本科,,大学类/公办
长春中医药大学,4122010199,吉林省,长春市,本科,,大学类/公办
北华大学,4122010201,吉林省,吉林市,本科,,大学类/短校名≤5字/公办
通化师范学院,4122010202,吉林省,通化市,本科,,公办
吉林师范大学,4122010203,吉林省,四平市,本科,,大学类/公办
吉林工程技术师范学院,4122010204,吉林省,长春市,本科,,公办
长春师范大学,4122010205,吉林省,长春市,本科,,大学类/公办
白城师范学院,4122010206,吉林省,白城市,本科,,公办
吉林财经大学,4122010207,吉林省,长春市,本科,,大学类/公办
吉林体育学院,4122010208,吉林省,长春市,本科,,公办
吉林艺术学院,4122010209,吉林省,长春市,本科,,公办
吉林外国语大学,4122010964,吉林省教育厅,长春市,本科,民办,大学类
吉林工商学院,4122011261,吉林省,长春市,本科,,公办
长春工程学院,4122011437,吉林省,长春市,本科,,公办
吉林农业科技学院,4122011439,吉林省,吉林市,本科,,公办
吉林警察学院,4122011441,吉林省,长春市,本科,,公办
长春大学,4122011726,吉林省,长春市,本科,,大学类/短校名≤5字/公办
吉林医药学院,4122013706,吉林省,吉林市,本科,,公办
黑龙江大学,4123010212,黑龙江省,哈尔滨市,本科,,大学类/短校名≤5字/公办
哈尔滨理工大学,4123010214,黑龙江省,哈尔滨市,本科,,大学类/公办
黑龙江科技大学,4123010219,黑龙江省,哈尔滨市,本科,,大学类/公办
东北石油大学,4123010220,黑龙江省,大庆市,本科,,大学类/公办
佳木斯大学,4123010222,黑龙江省,佳木斯市,本科,,大学类/短校名≤5字/公办
黑龙江八一农垦大学,4123010223,黑龙江省,大庆市,本科,,大学类/公办
哈尔滨医科大学,4123010226,黑龙江省,哈尔滨市,本科,,大学类/公办
黑龙江中医药大学,4123010228,黑龙江省,哈尔滨市,本科,,大学类/公办
牡丹江医科大学,4123010229,黑龙江省,牡丹江市,本科,,大学类/公办
哈尔滨师范大学,4123010231,黑龙江省,哈尔滨市,本科,,大学类/公办
齐齐哈尔大学,4123010232,黑龙江省,齐齐哈尔市,本科,,大学类/公办
牡丹江师范学院,4123010233,黑龙江省,牡丹江市,本科,,公办
哈尔滨学院,4123010234,黑龙江省,哈尔滨市,本科,,短校名≤5字/公办
大庆师范学院,4123010235,黑龙江省,大庆市,本科,,公办
绥化学院,4123010236,黑龙江省,绥化市,本科,,短校名≤5字/公办
哈尔滨商业大学,4123010240,黑龙江省,哈尔滨市,本科,,大学类/公办
哈尔滨体育学院,4123010242,黑龙江省,哈尔滨市,本科,,公办
哈尔滨金融学院,4123010245,黑龙江省,哈尔滨市,本科,,公办
齐齐哈尔医学院,4123011230,黑龙江省,齐齐哈尔市,本科,,公办
黑龙江工业学院,4123011445,黑龙江省,鸡西市,本科,,公办
黑龙江工程学院,4123011802,黑龙江省,哈尔滨市,本科,,公办
黑河学院,4123013744,黑龙江省,黑河市,本科,,短校名≤5字/公办
哈尔滨音乐学院,4123014560,黑龙江省,哈尔滨市,本科,,公办
上海理工大学,4131010252,上海市,上海市,本科,,大学类/公办
上海海事大学,4131010254,上海市,上海市,本科,,大学类/公办
上海电力大学,4131010256,上海市,上海市,本科,,大学类/公办
上海应用技术大学,4131010259,上海市,上海市,本科,,大学类/公办
上海健康医学院,4131010262,上海市,上海市,本科,,公办
上海师范大学,4131010270,上海市,上海市,本科,,大学类/公办
上海对外经贸大学,4131010273,上海市,上海市,本科,,大学类/公办
上海海关学院,4131010274,海关总署,上海市,本科,,公办
华东政法大学,4131010276,上海市,上海市,本科,,大学类/公办
上海戏剧学院,4131010279,上海市,上海市,本科,,公办
上海公安学院,4131010283,上海市,上海市,本科,,公办
上海工程技术大学,4131010856,上海市,上海市,本科,,大学类/公办
上海立信会计金融学院,4131011047,上海市,上海市,本科,,公办
上海电机学院,4131011458,上海市,上海市,本科,,公办
上海政法学院,4131011835,上海市,上海市,本科,,公办
上海第二工业大学,4131012044,上海市,上海市,本科,,大学类/公办
上海商学院,4131012050,上海市,上海市,本科,,短校名≤5字/公办
上海纽约大学,4131016404,上海市教委,上海市,本科,中外合作办学及内地与港澳合作办学,大学类
江苏科技大学,4132010289,江苏省,镇江市,本科,,大学类/公办
南京工业大学,4132010291,江苏省,南京市,本科,,大学类/公办
常州大学,4132010292,江苏省,常州市,本科,,大学类/短校名≤5字/公办
江苏大学,4132010299,江苏省,镇江市,本科,,大学类/短校名≤5字/公办
南通大学,4132010304,江苏省,南通市,本科,,大学类/短校名≤5字/公办
盐城工学院,4132010305,江苏省,盐城市,本科,,短校名≤5字/公办
徐州医科大学,4132010313,江苏省,徐州市,本科,,大学类/公办
江苏师范大学,4132010320,江苏省,徐州市,本科,,大学类/公办
淮阴师范学院,4132010323,江苏省,淮安市,本科,,公办
盐城师范学院,4132010324,江苏省,盐城市,本科,,公办
南京财经大学,4132010327,江苏省,南京市,本科,,大学类/公办
江苏警官学院,4132010329,江苏省,南京市,本科,,公办
南京体育学院,4132010330,江苏省,南京市,本科,,公办
南京艺术学院,4132010331,江苏省,南京市,本科,,公办
苏州科技大学,4132010332,江苏省,苏州市,本科,,大学类/公办
苏州工学院,4132010333,江苏省,苏州市,本科,,短校名≤5字/公办
淮安大学,4132011049,江苏省,淮安市,本科,,大学类/短校名≤5字/公办
常州工学院,4132011055,江苏省,常州市,本科,,短校名≤5字/公办
扬州大学,4132011117,江苏省,扬州市,本科,,大学类/短校名≤5字/公办
三江学院,4132011122,江苏省教育厅,南京市,本科,民办,短校名≤5字
南京工程学院,4132011276,江苏省,南京市,本科,,公办
南京审计大学,4132011287,江苏省,南京市,本科,,大学类/公办
南京晓庄学院,4132011460,江苏省,南京市,本科,,公办
江苏理工学院,4132011463,江苏省,常州市,本科,,公办
江苏海洋大学,4132011641,江苏省,连云港市,本科,,大学类/公办
徐州工程学院,4132011998,江苏省,徐州市,本科,,公办
南京特殊教育师范学院,4132012048,江苏省,南京市,本科,,公办
南京警察学院,4132012213,公安部,南京市,本科,,公办
泰州学院,4132012917,江苏省,泰州市,本科,,短校名≤5字/公办
金陵科技学院,4132013573,江苏省,南京市,本科,,公办
无锡学院,4132013982,江苏省,无锡市,本科,,短校名≤5字/公办
苏州城市学院,4132013983,江苏省,苏州市,本科,,公办
宿迁学院,4132014160,江苏省,宿迁市,本科,,短校名≤5字/公办
江苏第二师范学院,4132014436,江苏省,南京市,本科,,公办
西交利物浦大学,4132016403,江苏省教育厅,苏州市,本科,中外合作办学及内地与港澳合作办学,大学类
昆山杜克大学,4132016406,江苏省教育厅,昆山市,本科,中外合作办学及内地与港澳合作办学,大学类
连云港师范学院,4132011585,江苏省,连云港市,本科,,公办
杭州电子科技大学,4133010336,浙江省,杭州市,本科,,大学类/公办
浙江工业大学,4133010337,浙江省,杭州市,本科,,大学类/公办
浙江理工大学,4133010338,浙江省,杭州市,本科,,大学类/公办
浙江海洋大学,4133010340,浙江省,舟山市,本科,,大学类/公办
浙江农林大学,4133010341,浙江省,杭州市,本科,,大学类/公办
温州医科大学,4133010343,浙江省,温州市,本科,,大学类/公办
浙江中医药大学,4133010344,浙江省,杭州市,本科,,大学类/公办
浙江师范大学,4133010345,浙江省,金华市,本科,,大学类/公办
杭州师范大学,4133010346,浙江省,杭州市,本科,,大学类/公办
湖州师范大学,4133010347,浙江省,湖州市,本科,,大学类/公办
绍兴大学,4133010349,浙江省,绍兴市,本科,,大学类/短校名≤5字/公办
台州学院,4133010350,浙江省,台州市,本科,,短校名≤5字/公办
温州大学,4133010351,浙江省,温州市,本科,,大学类/短校名≤5字/公办
丽水学院,4133010352,浙江省,丽水市,本科,,短校名≤5字/公办
浙江工商大学,4133010353,浙江省,杭州市,本科,,大学类/公办
嘉兴大学,4133010354,浙江省,嘉兴市,本科,,大学类/短校名≤5字/公办
中国计量大学,4133010356,浙江省,杭州市,本科,,大学类/公办
浙江万里学院,4133010876,浙江省,宁波市,本科,,公办
浙江科技大学,4133011057,浙江省,杭州市,本科,,大学类/公办
宁波工程学院,4133011058,浙江省,宁波市,本科,,公办
浙江水利水电学院,4133011481,浙江省,杭州市,本科,,公办
浙江财经大学,4133011482,浙江省,杭州市,本科,,大学类/公办
浙江警察学院,4133011483,浙江省,杭州市,本科,,公办
衢州学院,4133011488,浙江省,衢州市,本科,,短校名≤5字/公办
浙江传媒学院,4133011647,浙江省,杭州市,本科,,公办
浙大城市学院,4133013021,浙江省,杭州市,本科,,公办
浙大宁波理工学院,4133013022,浙江省,宁波市,本科,,公办
杭州医学院,4133013023,浙江省,杭州市,本科,,短校名≤5字/公办
湖州学院,4133013287,浙江省,湖州市,本科,,短校名≤5字/公办
绍兴理工学院,4133013288,浙江省,绍兴市,本科,,公办
温州理工学院,4133013289,浙江省,温州市,本科,,公办
嘉兴南湖学院,4133013291,浙江省,嘉兴市,本科,,公办
温州商学院,4133013637,浙江省教育厅,温州市,本科,民办,短校名≤5字
浙江外国语学院,4133014275,浙江省,杭州市,本科,,公办
浙江音乐学院,4133014535,浙江省,杭州市,本科,,公办
西湖大学,4133014626,浙江省教育厅,杭州市,本科,民办,大学类/短校名≤5字
宁波诺丁汉大学,4133016301,浙江省教育厅,宁波市,本科,中外合作办学及内地与港澳合作办学,大学类
温州肯恩大学,4133016405,浙江省教育厅,温州市,本科,中外合作办学及内地与港澳合作办学,大学类
宁波东方理工大学,4133014943,浙江省教育厅,宁波市,本科,民办,大学类
安徽工业大学,4134010360,安徽省,马鞍山市,本科,,大学类/公办
安徽理工大学,4134010361,安徽省,淮南市,本科,,大学类/公办
安徽工程大学,4134010363,安徽省,芜湖市,本科,,大学类/公办
安徽农业大学,4134010364,安徽省,合肥市,本科,,大学类/公办
安徽医科大学,4134010366,安徽省,合肥市,本科,,大学类/公办
蚌埠医科大学,4134010367,安徽省,蚌埠市,本科,,大学类/公办
皖南医科大学,4134010368,安徽省,芜湖市,本科,,大学类/公办
安徽中医药大学,4134010369,安徽省,合肥市,本科,,大学类/公办
安徽师范大学,4134010370,安徽省,芜湖市,本科,,大学类/公办
阜阳师范大学,4134010371,安徽省,阜阳市,本科,,大学类/公办
安庆师范大学,4134010372,安徽省,安庆市,本科,,大学类/公办
淮北师范大学,4134010373,安徽省,淮北市,本科,,大学类/公办
黄山学院,4134010375,安徽省,黄山市,本科,,短校名≤5字/公办
皖西学院,4134010376,安徽省,六安市,本科,,短校名≤5字/公办
滁州学院,4134010377,安徽省,滁州市,本科,,短校名≤5字/公办
安徽财经大学,4134010378,安徽省,蚌埠市,本科,,大学类/公办
宿州学院,4134010379,安徽省,宿州市,本科,,短校名≤5字/公办
巢湖学院,4134010380,安徽省,合肥市,本科,,短校名≤5字/公办
淮南师范学院,4134010381,安徽省,淮南市,本科,,公办
铜陵学院,4134010383,安徽省,铜陵市,本科,,短校名≤5字/公办
安徽建筑大学,4134010878,安徽省,合肥市,本科,,大学类/公办
安徽科技工程大学,4134010879,安徽省,滁州市,本科,,大学类/公办
合肥大学,4134011059,安徽省,合肥市,本科,,大学类/短校名≤5字/公办
蚌埠学院,4134011305,安徽省,蚌埠市,本科,,短校名≤5字/公办
池州学院,4134011306,安徽省,池州市,本科,,短校名≤5字/公办
亳州学院,4134012926,安徽省,亳州市,本科,,短校名≤5字/公办
合肥理工学院,4134013612,安徽省,合肥市,本科,,公办
马鞍山学院,4134013614,安徽省教育厅,马鞍山市,本科,民办,短校名≤5字
芜湖学院,4134013617,安徽省教育厅,芜湖市,本科,民办,短校名≤5字
合肥师范学院,4134014098,安徽省,合肥市,本科,,公办
皖江工学院,4134014203,安徽省教育厅,马鞍山市,本科,民办,短校名≤5字
安徽艺术学院,4134014682,安徽省,合肥市,本科,,公办
安徽公安学院,4134014840,安徽省,合肥市,本科,,公办
安徽第二医学院,4134012925,安徽省,合肥市,本科,,公办
华侨大学,4135010385,中央统战部,泉州市,本科,,大学类/短校名≤5字/公办
福建理工大学,4135010388,福建省,福州市,本科,,大学类/公办
福建农林大学,4135010389,福建省,福州市,本科,,大学类/公办
集美大学,4135010390,福建省,厦门市,本科,,大学类/短校名≤5字/公办
福建医科大学,4135010392,福建省,福州市,本科,,大学类/公办
福建中医药大学,4135010393,福建省,福州市,本科,,大学类/公办
福建师范大学,4135010394,福建省,福州市,本科,,大学类/公办
闽江大学,4135010395,福建省,福州市,本科,,大学类/短校名≤5字/公办
武夷学院,4135010397,福建省,南平市,本科,,短校名≤5字/公办
宁德师范学院,4135010398,福建省,宁德市,本科,,公办
泉州师范学院,4135010399,福建省,泉州市,本科,,公办
闽南师范大学,4135010402,福建省,漳州市,本科,,大学类/公办
厦门理工学院,4135011062,福建省,厦门市,本科,,公办
三明学院,4135011311,福建省,三明市,本科,,短校名≤5字/公办
龙岩学院,4135011312,福建省,龙岩市,本科,,短校名≤5字/公办
福建商学院,4135011313,福建省,福州市,本科,,短校名≤5字/公办
福建警察学院,4135011495,福建省,福州市,本科,,公办
莆田学院,4135011498,福建省,莆田市,本科,,短校名≤5字/公办
仰恩大学,4135011784,福建省教育厅,泉州市,本科,民办,大学类/短校名≤5字
厦门医学院,4135012631,福建省,厦门市,本科,,短校名≤5字/公办
厦门工学院,4135013115,福建省教育厅,厦门市,本科,民办,短校名≤5字
阳光学院,4135013468,福建省教育厅,福州市,本科,民办,短校名≤5字
福建江夏学院,4135013763,福建省,福州市,本科,,公办
福建技术师范学院,4135014683,福建省,福州市,本科,,公办
福建福耀科技大学,4135014896,福建省教育厅,福州市,本科,民办,大学类
华东交通大学,4136010404,江西省,南昌市,本科,,大学类/公办
东华理工大学,4136010405,江西省,抚州市,本科,,大学类/公办
南昌航空大学,4136010406,江西省,南昌市,本科,,大学类/公办
江西理工大学,4136010407,江西省,赣州市,本科,,大学类/公办
景德镇陶瓷大学,4136010408,江西省,景德镇市,本科,,大学类/公办
江西农业大学,4136010410,江西省,南昌市,本科,,大学类/公办
江西中医药大学,4136010412,江西省,南昌市,本科,,大学类/公办
赣南医科大学,4136010413,江西省,赣州市,本科,,大学类/公办
江西师范大学,4136010414,江西省,南昌市,本科,,大学类/公办
上饶师范学院,4136010416,江西省,上饶市,本科,,公办
宜春学院,4136010417,江西省,宜春市,本科,,短校名≤5字/公办
赣南师范大学,4136010418,江西省,赣州市,本科,,大学类/公办
井冈山大学,4136010419,江西省,吉安市,本科,,大学类/短校名≤5字/公办
江西财经大学,4136010421,江西省,南昌市,本科,,大学类/公办
景德镇学院,4136010894,江西省,景德镇市,本科,,短校名≤5字/公办
萍乡学院,4136010895,江西省,萍乡市,本科,,短校名≤5字/公办
江西科技师范大学,4136011318,江西省,南昌市,本科,,大学类/公办
江西水利电力大学,4136011319,江西省,南昌市,本科,,大学类/公办
江西警察学院,4136011504,江西省,南昌市,本科,,公办
新余学院,4136011508,江西省,新余市,本科,,短校名≤5字/公办
九江学院,4136011843,江西省,九江市,本科,,短校名≤5字/公办
南昌工学院,4136013421,江西省教育厅,南昌市,本科,民办,短校名≤5字
赣东学院,4136013432,江西省,抚州市,本科,,短校名≤5字/公办
赣南科技学院,4136013434,江西省,赣州市,本科,,公办
南昌医学院,4136013437,江西省,南昌市,本科,,短校名≤5字/公办
豫章师范学院,4136013774,江西省,南昌市,本科,,公办
南昌师范学院,4136014437,江西省,南昌市,本科,,公办
江西飞行学院,4136014839,江西省,南昌市,本科,,公办
抚州医药学院,4136013775,江西省,抚州市,本科,,公办
山东科技大学,4137010424,山东省,青岛市,本科,,大学类/公办
青岛科技大学,4137010426,山东省,青岛市,本科,,大学类/公办
济南大学,4137010427,山东省,济南市,本科,,大学类/短校名≤5字/公办
青岛理工大学,4137010429,山东省,青岛市,本科,,大学类/公办
山东建筑大学,4137010430,山东省,济南市,本科,,大学类/公办
齐鲁工业大学,4137010431,山东省,济南市,本科,,大学类/公办
山东理工大学,4137010433,山东省,淄博市,本科,,大学类/公办
山东农业大学,4137010434,山东省,泰安市,本科,,大学类/公办
青岛农业大学,4137010435,山东省,青岛市,本科,,大学类/公办
山东第二医科大学,4137010438,山东省,潍坊市,本科,,大学类/公办
山东第一医科大学,4137010439,山东省,济南市,本科,,大学类/公办
山东医药大学,4137010440,山东省,滨州市,本科,,大学类/公办
山东中医药大学,4137010441,山东省,济南市,本科,,大学类/公办
济宁医学院,4137010443,山东省,济宁市,本科,,短校名≤5字/公办
山东师范大学,4137010445,山东省,济南市,本科,,大学类/公办
曲阜师范大学,4137010446,山东省,济宁市,本科,,大学类/公办
聊城大学,4137010447,山东省,聊城市,本科,,大学类/短校名≤5字/公办
德州学院,4137010448,山东省,德州市,本科,,短校名≤5字/公办
山东航空学院,4137010449,山东省,滨州市,本科,,公办
鲁东大学,4137010451,山东省,烟台市,本科,,大学类/短校名≤5字/公办
临沂大学,4137010452,山东省,临沂市,本科,,大学类/短校名≤5字/公办
泰山学院,4137010453,山东省,泰安市,本科,,短校名≤5字/公办
济宁学院,4137010454,山东省,济宁市,本科,,短校名≤5字/公办
菏泽学院,4137010455,山东省,菏泽市,本科,,短校名≤5字/公办
山东财经大学,4137010456,山东省,济南市,本科,,大学类/公办
山东体育学院,4137010457,山东省,济南市,本科,,公办
山东艺术学院,4137010458,山东省,济南市,本科,,公办
枣庄学院,4137010904,山东省,枣庄市,本科,,短校名≤5字/公办
山东工艺美术学院,4137010908,山东省,济南市,本科,,公办
青岛大学,4137011065,山东省,青岛市,本科,,大学类/短校名≤5字/公办
烟台大学,4137011066,山东省,烟台市,本科,,大学类/短校名≤5字/公办
潍坊学院,4137011067,山东省,潍坊市,本科,,短校名≤5字/公办
山东警察学院,4137011324,山东省,济南市,本科,,公办
山东交通学院,4137011510,山东省,济南市,本科,,公办
山东工商学院,4137011688,山东省,烟台市,本科,,公办
山东女子学院,4137012331,山东省,济南市,本科,,公办
山东石油化工学院,4137013386,山东省,东营市,本科,,公办
青岛工学院,4137013995,山东省教育厅,青岛市,本科,民办,短校名≤5字
山东政法学院,4137014100,山东省,济南市,本科,,公办
齐鲁师范学院,4137014276,山东省,济南市,本科,,公办
山东青年政治学院,4137014277,山东省,济南市,本科,,公办
山东管理学院,4137014438,山东省,济南市,本科,,公办
山东农业工程学院,4137014439,山东省,济南市,本科,,公办
康复大学,4137014878,山东省,青岛市,本科,,大学类/短校名≤5字/公办
临沂工学院,4137014979,山东省教育厅,临沂市,本科,民办,短校名≤5字
华北水利水电大学,4141010078,河南省,郑州市,本科,,大学类/公办
河南理工大学,4141010460,河南省,焦作市,本科,,大学类/公办
郑州轻工业大学,4141010462,河南省,郑州市,本科,,大学类/公办
河南工业大学,4141010463,河南省,郑州市,本科,,大学类/公办
河南科技大学,4141010464,河南省,洛阳市,本科,,大学类/公办
中原工学院,4141010465,河南省,郑州市,本科,,短校名≤5字/公办
河南农业大学,4141010466,河南省,郑州市,本科,,大学类/公办
河南科技学院,4141010467,河南省,新乡市,本科,,公办
河南牧业经济学院,4141010469,河南省,郑州市,本科,,公办
河南中医药大学,4141010471,河南省,郑州市,本科,,大学类/公办
河南医药大学,4141010472,河南省,新乡市,本科,,大学类/公办
河南师范大学,4141010476,河南省,新乡市,本科,,大学类/公办
信阳师范大学,4141010477,河南省,信阳市,本科,,大学类/公办
周口师范学院,4141010478,河南省,周口市,本科,,公办
安阳师范学院,4141010479,河南省,安阳市,本科,,公办
许昌学院,4141010480,河南省,许昌市,本科,,短校名≤5字/公办
南阳师范学院,4141010481,河南省,南阳市,本科,,公办
洛阳师范学院,4141010482,河南省,洛阳市,本科,,公办
商丘师范学院,4141010483,河南省,商丘市,本科,,公办
河南财经政法大学,4141010484,河南省,郑州市,本科,,大学类/公办
郑州航空工业管理学院,4141010485,河南省,郑州市,本科,,公办
黄淮学院,4141010918,河南省,驻马店市,本科,,短校名≤5字/公办
平顶山学院,4141010919,河南省,平顶山市,本科,,短校名≤5字/公办
郑州工程技术学院,4141011068,河南省,郑州市,本科,,公办
洛阳理工学院,4141011070,河南省,洛阳市,本科,,公办
新乡学院,4141011071,河南省,新乡市,本科,,短校名≤5字/公办
信阳农林学院,4141011326,河南省,信阳市,本科,,公办
河南工学院,4141011329,河南省,新乡市,本科,,短校名≤5字/公办
安阳工学院,4141011330,河南省,安阳市,本科,,短校名≤5字/公办
河南工程学院,4141011517,河南省,郑州市,本科,,公办
河南财政金融学院,4141011652,河南省,郑州市,本科,,公办
南阳理工学院,4141011653,河南省,南阳市,本科,,公办
河南城建学院,4141011765,河南省,平顶山市,本科,,公办
河南警察学院,4141011788,河南省,郑州市,本科,,公办
郑州警察学院,4141012735,公安部,郑州市,本科,,公办
郑州师范学院,4141012949,河南省,郑州市,本科,,公办
商丘工学院,4141013500,河南省教育厅,商丘市,本科,民办,短校名≤5字
信阳学院,4141013503,河南省教育厅,信阳市,本科,民办,短校名≤5字
安阳学院,4141013504,河南省教育厅,安阳市,本科,民办,短校名≤5字
豫北医学院,4141013505,河南省教育厅,新乡市,本科,民办,短校名≤5字
商丘学院,4141014003,河南省教育厅,商丘市,本科,民办,短校名≤5字
郑州商学院,4141014040,河南省教育厅,郑州市,本科,民办,短校名≤5字
河南体育学院,4141014879,河南省,郑州市,本科,,公办
河南信息科技学院,4141014949,河南省,鹤壁市,本科,,公办
河南应用工程学院,4141014982,河南省,三门峡市,本科,,公办
河南国医学院,4141014981,河南省,南阳市,本科,,公办
河南能源化工学院,4141014980,河南省,濮阳市,本科,,公办
武汉科技大学,4142010488,湖北省,武汉市,本科,,大学类/公办
长江大学,4142010489,湖北省,荆州市,本科,,大学类/短校名≤5字/公办
武汉工程大学,4142010490,湖北省,武汉市,本科,,大学类/公办
武汉纺织大学,4142010495,湖北省,武汉市,本科,,大学类/公办
武汉轻工大学,4142010496,湖北省,武汉市,本科,,大学类/公办
湖北工业大学,4142010500,湖北省,武汉市,本科,,大学类/公办
湖北中医药大学,4142010507,湖北省,武汉市,本科,,大学类/公办
湖北大学,4142010512,湖北省,武汉市,本科,,大学类/短校名≤5字/公办
湖北师范大学,4142010513,湖北省,黄石市,本科,,大学类/公办
黄冈师范学院,4142010514,湖北省,黄冈市,本科,,公办
湖北民族大学,4142010517,湖北省,恩施土家族苗族自治州,本科,,大学类/公办
汉江师范学院,4142010518,湖北省,十堰市,本科,,公办
湖北文理学院,4142010519,湖北省,襄阳市,本科,,公办
武汉体育学院,4142010522,湖北省,武汉市,本科,,公办
湖北美术学院,4142010523,湖北省,武汉市,本科,,公办
中南民族大学,4142010524,国家民委,武汉市,本科,,大学类/公办
湖北汽车工业学院,4142010525,湖北省,十堰市,本科,,公办
湖北工程学院,4142010528,湖北省,孝感市,本科,,公办
湖北理工学院,4142010920,湖北省,黄石市,本科,,公办
湖北科技学院,4142010927,湖北省,咸宁市,本科,,公办
湖北医药学院,4142010929,湖北省,十堰市,本科,,公办
江汉大学,4142011072,湖北省,武汉市,本科,,大学类/短校名≤5字/公办
三峡大学,4142011075,湖北省,宜昌市,本科,,大学类/短校名≤5字/公办
湖北警官学院,4142011332,湖北省,武汉市,本科,,公办
荆楚理工学院,4142011336,湖北省,荆门市,本科,,公办
武汉音乐学院,4142011524,湖北省,武汉市,本科,,公办
湖北经济学院,4142011600,湖北省,武汉市,本科,,公办
武汉商学院,4142011654,湖北省,武汉市,本科,,短校名≤5字/公办
汉口学院,4142011800,湖北省教育厅,武汉市,本科,民办,短校名≤5字
武昌工学院,4142013241,湖北省教育厅,武汉市,本科,民办,短校名≤5字
荆州学院,4142013245,湖北省教育厅,荆州市,本科,民办,短校名≤5字
文华学院,4142013262,湖北省教育厅,武汉市,本科,民办,短校名≤5字
武汉学院,4142013634,湖北省教育厅,武汉市,本科,民办,短校名≤5字
湖北第二师范学院,4142014099,湖北省,武汉市,本科,,公办
网络空间安全学院,4142014950,湖北省,武汉市,本科,,公办
吉首大学,4143010531,湖南省,湘西土家族苗族自治州,本科,,大学类/短校名≤5字/公办
湖南科技大学,4143010534,湖南省,湘潭市,本科,,大学类/公办
长沙理工大学,4143010536,湖南省,长沙市,本科,,大学类/公办
湖南农业大学,4143010537,湖南省,长沙市,本科,,大学类/公办
中南林业科技大学,4143010538,湖南省,长沙市,本科,,大学类/公办
湖南中医药大学,4143010541,湖南省,长沙市,本科,,大学类/公办
湖南理工大学,4143010543,湖南省,岳阳市,本科,,大学类/公办
湘南学院,4143010545,湖南省,郴州市,本科,,短校名≤5字/公办
衡阳师范学院,4143010546,湖南省,衡阳市,本科,,公办
邵阳学院,4143010547,湖南省,邵阳市,本科,,短校名≤5字/公办
怀化学院,4143010548,湖南省,怀化市,本科,,短校名≤5字/公办
湖南文理学院,4143010549,湖南省,常德市,本科,,公办
湖南科技学院,4143010551,湖南省,永州市,本科,,公办
湖南人文科技学院,4143010553,湖南省,娄底市,本科,,公办
湖南工商大学,4143010554,湖南省,长沙市,本科,,大学类/公办
南华大学,4143010555,湖南省,衡阳市,本科,,大学类/短校名≤5字/公办
长沙医学院,4143010823,湖南省教育厅,长沙市,本科,民办,短校名≤5字
长沙学院,4143011077,湖南省,长沙市,本科,,短校名≤5字/公办
湖南工程学院,4143011342,湖南省,湘潭市,本科,,公办
湖南城市学院,4143011527,湖南省,益阳市,本科,,公办
湖南工学院,4143011528,湖南省,衡阳市,本科,,短校名≤5字/公办
湖南财政经济学院,4143011532,湖南省,长沙市,本科,,公办
湖南警察学院,4143011534,湖南省,长沙市,本科,,公办
湖南工业大学,4143011535,湖南省,株洲市,本科,,大学类/公办
湖南女子学院,4143011538,湖南省,长沙市,本科,,公办
湖南第一师范学院,4143012034,湖南省,长沙市,本科,,公办
湖南医药学院,4143012214,湖南省,怀化市,本科,,公办
长沙工业学院,4143012652,湖南省,长沙市,本科,,公办
常德学院,4143012657,湖南省教育厅,常德市,本科,民办,短校名≤5字
岳阳学院,4143012658,湖南省教育厅,岳阳市,本科,民办,短校名≤5字
张家界学院,4143012662,湖南省教育厅,张家界市,本科,民办,短校名≤5字
长沙师范学院,4143013806,湖南省,长沙市,本科,,公办
汕头大学,4144010560,广东省,汕头市,本科,,大学类/短校名≤5字/公办
广东海洋大学,4144010566,广东省,湛江市,本科,,大学类/公办
广东医科大学,4144010571,广东省,湛江市,本科,,大学类/公办
广东药科大学,4144010573,广东省,广州市,本科,,大学类/公办
韶关学院,4144010576,广东省,韶关市,本科,,短校名≤5字/公办
惠州学院,4144010577,广东省,惠州市,本科,,短校名≤5字/公办
韩山师范学院,4144010578,广东省,潮州市,本科,,公办
岭南师范学院,4144010579,广东省,湛江市,本科,,公办
肇庆学院,4144010580,广东省,肇庆市,本科,,短校名≤5字/公办
嘉应学院,4144010582,广东省,梅州市,本科,,短校名≤5字/公办
广州体育学院,4144010585,广东省,广州市,本科,,公办
广州美术学院,4144010586,广东省,广州市,本科,,公办
星海音乐学院,4144010587,广东省,广州市,本科,,公办
广东技术师范大学,4144010588,广东省,广州市,本科,,大学类/公办
深圳大学,4144010590,广东省,深圳市,本科,,大学类/短校名≤5字/公办
广东财经大学,4144010592,广东省,广州市,本科,,大学类/公办
广州大学,4144011078,广东省,广州市,本科,,大学类/短校名≤5字/公办
广州航海学院,4144011106,广东省,广州市,本科,,公办
广东警官学院,4144011110,广东省,广州市,本科,,公办
仲恺农业工程学院,4144011347,广东省,广州市,本科,,公办
五邑大学,4144011349,广东省,江门市,本科,,大学类/短校名≤5字/公办
广东金融学院,4144011540,广东省,广州市,本科,,公办
广东石油化工学院,4144011656,广东省,茂名市,本科,,公办
东莞理工学院,4144011819,广东省,东莞市,本科,,公办
广东工业大学,4144011845,广东省,广州市,本科,,大学类/公办
广东外语外贸大学,4144011846,广东省,广州市,本科,,大学类/公办
佛山大学,4144011847,广东省,佛山市,本科,,大学类/短校名≤5字/公办
南方医科大学,4144012121,广东省,广州市,本科,,大学类/公办
广州商学院,4144013667,广东省教育厅,广州市,本科,民办,短校名≤5字
广东第二师范学院,4144014278,广东省,广州市,本科,,公办
深圳技术大学,4144014655,广东省,深圳市,本科,,大学类/公办
北师香港浸会大学,4144016401,广东省教育厅,珠海市,本科,中外合作办学及内地与港澳合作办学,大学类
香港科技大学(广州),4144016412,广东省教育厅,广州市,本科,中外合作办学及内地与港澳合作办学,中外/港澳合作办学
香港中文大学(深圳),4144016407,广东省教育厅,深圳市,本科,中外合作办学及内地与港澳合作办学,中外/港澳合作办学
深圳北理莫斯科大学,4144016409,广东省教育厅,深圳市,本科,中外合作办学及内地与港澳合作办学,大学类
广东以色列理工学院,4144016410,广东省教育厅,汕头市,本科,中外合作办学及内地与港澳合作办学,中外/港澳合作办学
香港城市大学(东莞),4144014851,广东省教育厅,东莞市,本科,中外合作办学及内地与港澳合作办学,中外/港澳合作办学
深圳理工大学,4144014880,广东省,深圳市,本科,,大学类/公办
肇庆医学院,4144013810,广东省,肇庆市,本科,,短校名≤5字/公办
大湾区大学,4144014942,广东省,东莞市,本科,,大学类/短校名≤5字/公办
广西科技大学,4145010594,广西壮族自治区,柳州市,本科,,大学类/公办
桂林电子科技大学,4145010595,广西壮族自治区,桂林市,本科,,大学类/公办
桂林理工大学,4145010596,广西壮族自治区,桂林市,本科,,大学类/公办
广西医科大学,4145010598,广西壮族自治区,南宁市,本科,,大学类/公办
右江民族医学院,4145010599,广西壮族自治区,百色市,本科,,公办
广西中医药大学,4145010600,广西壮族自治区,南宁市,本科,,大学类/公办
桂林医科大学,4145010601,广西壮族自治区,桂林市,本科,,大学类/公办
广西师范大学,4145010602,广西壮族自治区,桂林市,本科,,大学类/公办
南宁师范大学,4145010603,广西壮族自治区,南宁市,本科,,大学类/公办
广西民族师范学院,4145010604,广西壮族自治区,崇左市,本科,,公办
河池学院,4145010605,广西壮族自治区,河池市,本科,,短校名≤5字/公办
玉林师范学院,4145010606,广西壮族自治区,玉林市,本科,,公办
广西艺术学院,4145010607,广西壮族自治区,南宁市,本科,,公办
广西民族大学,4145010608,广西壮族自治区,南宁市,本科,,大学类/公办
百色学院,4145010609,广西壮族自治区,百色市,本科,,短校名≤5字/公办
梧州学院,4145011354,广西壮族自治区,梧州市,本科,,短校名≤5字/公办
广西科技师范学院,4145011546,广西壮族自治区,来宾市,本科,,公办
广西财经学院,4145011548,广西壮族自治区,南宁市,本科,,公办
南宁学院,4145011549,广西壮族自治区教育厅,南宁市,本科,民办,短校名≤5字
北部湾大学,4145011607,广西壮族自治区,钦州市,本科,,大学类/短校名≤5字/公办
桂林航天工业学院,4145011825,广西壮族自治区,桂林市,本科,,公办
桂林旅游学院,4145011837,广西壮族自治区,桂林市,本科,,公办
贺州学院,4145011838,广西壮族自治区,贺州市,本科,,短校名≤5字/公办
广西警察学院,4145013520,广西壮族自治区,南宁市,本科,,公办
柳州工学院,4145013639,广西壮族自治区教育厅,柳州市,本科,民办,短校名≤5字
桂林学院,4145013641,广西壮族自治区教育厅,桂林市,本科,民办,短校名≤5字
广西工业学院,4145013890,广西壮族自治区,北海市,本科,,公办
广西职业师范学院,4145014684,广西壮族自治区,南宁市,本科,,公办
桂林师范学院,4145011671,广西壮族自治区,桂林市,本科,,公办
海南热带海洋学院,4146011100,海南省,三亚市,本科,,公办
海南师范大学,4146011658,海南省,海口市,本科,,大学类/公办
海南医科大学,4146011810,海南省,海口市,本科,,大学类/公办
琼台师范学院,4146013811,海南省,海口市,本科,,公办
三亚学院,4146013892,海南省教育厅,三亚市,本科,民办,短校名≤5字
海南比勒费尔德应用科学大学,4146014829,海南省教育厅,儋州市,本科,境外高等教育机构在海南自由贸易港设立的实施理工农医类学科专业教育的学校,大学类/海南自贸港境外机构
海南警察学院,4146014944,海南省,海口市,本科,,公办
海南洛桑旅游大学,4146014948,海南省教育厅,三亚市,本科,境外高等教育机构在海南自由贸易港设立的实施理工农医类学科专业教育的学校,大学类/海南自贸港境外机构
重庆邮电大学,4150010617,重庆市,重庆市,本科,,大学类/公办
重庆交通大学,4150010618,重庆市,重庆市,本科,,大学类/公办
重庆医科大学,4150010631,重庆市,重庆市,本科,,大学类/公办
重庆师范大学,4150010637,重庆市,重庆市,本科,,大学类/公办
重庆文理学院,4150010642,重庆市,重庆市,本科,,公办
重庆三峡科技大学,4150010643,重庆市,重庆市,本科,,大学类/公办
长江师范学院,4150010647,重庆市,重庆市,本科,,公办
四川外国语大学,4150010650,重庆市,重庆市,本科,,大学类/公办
西南政法大学,4150010652,重庆市,重庆市,本科,,大学类/公办
四川美术学院,4150010655,重庆市,重庆市,本科,,公办
重庆科技大学,4150011551,重庆市,重庆市,本科,,大学类/公办
重庆理工大学,4150011660,重庆市,重庆市,本科,,大学类/公办
重庆工商大学,4150011799,重庆市,重庆市,本科,,大学类/公办
重庆警察学院,4150012757,重庆市,重庆市,本科,,公办
重庆第二师范学院,4150014388,重庆市,重庆市,本科,,公办
重庆中医药学院,4150014830,重庆市,重庆市,本科,,公办
西南科技大学,4151010619,四川省,绵阳市,本科,,大学类/公办
成都信息工程大学,4151010621,四川省,成都市,本科,,大学类/公办
四川轻化工大学,4151010622,四川省,自贡市,本科,,大学类/公办
西华大学,4151010623,四川省,成都市,本科,,大学类/短校名≤5字/公办
中国民用航空飞行学院,4151010624,交通运输部(中国民用航空局),德阳市,本科,,公办
西昌学院,4151010628,四川省,凉山彝族自治州,本科,,短校名≤5字/公办
西南医科大学,4151010632,四川省,泸州市,本科,,大学类/公办
川北医学院,4151010634,四川省,南充市,本科,,短校名≤5字/公办
四川师范大学,4151010636,四川省,成都市,本科,,大学类/公办
西华师范大学,4151010638,四川省,南充市,本科,,大学类/公办
绵阳师范学院,4151010639,四川省,绵阳市,本科,,公办
内江师范学院,4151010640,四川省,内江市,本科,,公办
宜宾学院,4151010641,四川省,宜宾市,本科,,短校名≤5字/公办
四川文理学院,4151010644,四川省,达州市,本科,,公办
阿坝师范学院,4151010646,四川省,阿坝藏族羌族自治州,本科,,公办
乐山师范学院,4151010649,四川省,乐山市,本科,,公办
成都体育学院,4151010653,四川省,成都市,本科,,公办
四川音乐学院,4151010654,四川省,成都市,本科,,公办
西南民族大学,4151010656,国家民委,成都市,本科,,大学类/公办
成都大学,4151011079,四川省,成都市,本科,,大学类/短校名≤5字/公办
成都工业学院,4151011116,四川省,成都市,本科,,公办
攀枝花学院,4151011360,四川省,攀枝花市,本科,,短校名≤5字/公办
四川旅游学院,4151011552,四川省,成都市,本科,,公办
四川民族学院,4151011661,四川省,甘孜藏族自治州,本科,,公办
四川警察学院,4151012212,四川省,泸州市,本科,,公办
成都医学院,4151013705,四川省,成都市,本科,,短校名≤5字/公办
成都师范学院,4151014389,四川省,成都市,本科,,公办
吉利学院,4111012802,四川省教育厅,成都市,本科,民办,短校名≤5字
广安理工学院,4151014984,四川省,广安市,本科,,公办
成都美术学院,4151014985,四川省,资阳市,本科,,公办
贵州医科大学,4152010660,贵州省,贵阳市,本科,,大学类/公办
遵义医科大学,4152010661,贵州省,遵义市,本科,,大学类/公办
贵州中医药大学,4152010662,贵州省,贵阳市,本科,,大学类/公办
贵州师范大学,4152010663,贵州省,贵阳市,本科,,大学类/公办
遵义师范学院,4152010664,贵州省,遵义市,本科,,公办
铜仁学院,4152010665,贵州省,铜仁市,本科,,短校名≤5字/公办
兴义民族师范学院,4152010666,贵州省,黔西南布依族苗族自治州,本科,,公办
安顺学院,4152010667,贵州省,安顺市,本科,,短校名≤5字/公办
贵州工程应用技术学院,4152010668,贵州省,毕节市,本科,,公办
凯里学院,4152010669,贵州省,黔东南苗族侗族自治州,本科,,短校名≤5字/公办
黔南民族师范学院,4152010670,贵州省,黔南布依族苗族自治州,本科,,公办
贵州财经大学,4152010671,贵州省,贵阳市,本科,,大学类/公办
贵州民族大学,4152010672,贵州省,贵阳市,本科,,大学类/公办
贵阳学院,4152010976,贵州省,贵阳市,本科,,短校名≤5字/公办
六盘水师范学院,4152010977,贵州省,六盘水市,本科,,公办
贵州商学院,4152011731,贵州省,贵阳市,本科,,短校名≤5字/公办
贵州警察学院,4152012107,贵州省,贵阳市,本科,,公办
贵州师范学院,4152014223,贵州省,贵阳市,本科,,公办
贵州理工学院,4152014440,贵州省,贵阳市,本科,,公办
茅台学院,4152014625,贵州省教育厅,遵义市,本科,民办,短校名≤5字
昆明理工大学,4153010674,云南省,昆明市,本科,,大学类/公办
云南农业大学,4153010676,云南省,昆明市,本科,,大学类/公办
西南林业大学,4153010677,云南省,昆明市,本科,,大学类/公办
昆明医科大学,4153010678,云南省,昆明市,本科,,大学类/公办
大理大学,4153010679,云南省,大理白族自治州,本科,,大学类/短校名≤5字/公办
云南中医药大学,4153010680,云南省,昆明市,本科,,大学类/公办
云南师范大学,4153010681,云南省,昆明市,本科,,大学类/公办
昭通学院,4153010683,云南省,昭通市,本科,,短校名≤5字/公办
曲靖师范学院,4153010684,云南省,曲靖市,本科,,公办
普洱学院,4153010685,云南省,普洱市,本科,,短校名≤5字/公办
保山学院,4153010686,云南省,保山市,本科,,短校名≤5字/公办
红河学院,4153010687,云南省,红河哈尼族彝族自治州,本科,,短校名≤5字/公办
云南财经大学,4153010689,云南省,昆明市,本科,,大学类/公办
云南艺术学院,4153010690,云南省,昆明市,本科,,公办
云南民族大学,4153010691,云南省,昆明市,本科,,大学类/公办
玉溪师范学院,4153011390,云南省,玉溪市,本科,,公办
楚雄师范学院,4153011391,云南省,楚雄彝族自治州,本科,,公办
云南警官学院,4153011392,云南省,昆明市,本科,,公办
昆明学院,4153011393,云南省,昆明市,本科,,短校名≤5字/公办
文山学院,4153011556,云南省,文山壮族苗族自治州,本科,,短校名≤5字/公办
滇池学院,4153013326,云南省教育厅,昆明市,本科,民办,短校名≤5字
滇西科技师范学院,4153014092,云南省,临沧市,本科,,公办
滇西应用技术大学,4153014623,云南省,大理白族自治州,本科,,大学类/公办
丽江师范学院,4153014015,云南省,丽江市,本科,,公办
德宏师范学院,4153014016,云南省,德宏傣族景颇族自治州,本科,,公办
曲靖健康医学院,4153014012,云南省,曲靖市,本科,,公办
西藏农牧大学,4154010693,西藏自治区,林芝市,本科,,大学类/公办
西藏民族大学,4154010695,西藏自治区,咸阳市,本科,,大学类/公办
西藏藏医药大学,4154010696,西藏自治区,拉萨市,本科,,大学类/公办
拉萨师范学院,4154012481,西藏自治区,拉萨市,本科,,公办
西安理工大学,4161010700,陕西省,西安市,本科,,大学类/公办
西安工业大学,4161010702,陕西省,西安市,本科,,大学类/公办
西安建筑科技大学,4161010703,陕西省,西安市,本科,,大学类/公办
西安科技大学,4161010704,陕西省,西安市,本科,,大学类/公办
西安石油大学,4161010705,陕西省,西安市,本科,,大学类/公办
陕西科技大学,4161010708,陕西省,西安市,本科,,大学类/公办
西安工程大学,4161010709,陕西省,西安市,本科,,大学类/公办
陕西中医药大学,4161010716,陕西省,咸阳市,本科,,大学类/公办
延安大学,4161010719,陕西省,延安市,本科,,大学类/短校名≤5字/公办
陕西理工大学,4161010720,陕西省,汉中市,本科,,大学类/公办
宝鸡文理学院,4161010721,陕西省,宝鸡市,本科,,公办
咸阳师范学院,4161010722,陕西省,咸阳市,本科,,公办
渭南师范学院,4161010723,陕西省,渭南市,本科,,公办
西安外国语大学,4161010724,陕西省,西安市,本科,,大学类/公办
西北政法大学,4161010726,陕西省,西安市,本科,,大学类/公办
西安体育学院,4161010727,陕西省,西安市,本科,,公办
西安音乐学院,4161010728,陕西省,西安市,本科,,公办
西安美术学院,4161010729,陕西省,西安市,本科,,公办
西安文理学院,4161011080,陕西省,西安市,本科,,公办
榆林大学,4161011395,陕西省,榆林市,本科,,大学类/短校名≤5字/公办
商洛学院,4161011396,陕西省,商洛市,本科,,短校名≤5字/公办
安康学院,4161011397,陕西省,安康市,本科,,短校名≤5字/公办
西安财经大学,4161011560,陕西省,西安市,本科,,大学类/公办
西安邮电大学,4161011664,陕西省,西安市,本科,,大学类/公办
西安航空学院,4161011736,陕西省,西安市,本科,,公办
西安医学院,4161011840,陕西省,西安市,本科,,短校名≤5字/公办
西京学院,4161012715,陕西省教育厅,西安市,本科,民办,短校名≤5字
陕西学前师范学院,4161014390,陕西省,西安市,本科,,公办
陕西警察学院,4161013819,陕西省,西安市,本科,,公办
西安戏剧学院,4161014945,陕西省,西安市,本科,,公办
兰州理工大学,4162010731,甘肃省,兰州市,本科,,大学类/公办
兰州交通大学,4162010732,甘肃省,兰州市,本科,,大学类/公办
甘肃农业大学,4162010733,甘肃省,兰州市,本科,,大学类/公办
甘肃中医药大学,4162010735,甘肃省,兰州市,本科,,大学类/公办
西北师范大学,4162010736,甘肃省,兰州市,本科,,大学类/公办
兰州城市学院,4162010737,甘肃省,兰州市,本科,,公办
陇东学院,4162010738,甘肃省,庆阳市,本科,,短校名≤5字/公办
天水师范大学,4162010739,甘肃省,天水市,本科,,大学类/公办
河西学院,4162010740,甘肃省,张掖市,本科,,短校名≤5字/公办
兰州财经大学,4162010741,甘肃省,兰州市,本科,,大学类/公办
西北民族大学,4162010742,国家民委,兰州市,本科,,大学类/公办
甘肃政法大学,4162011406,甘肃省,兰州市,本科,,大学类/公办
甘肃民族师范学院,4162011561,甘肃省,甘南藏族自治州,本科,,公办
兰州文理学院,4162011562,甘肃省,兰州市,本科,,公办
甘肃医学院,4162011805,甘肃省,平凉市,本科,,短校名≤5字/公办
兰州工业学院,4162011807,甘肃省,兰州市,本科,,公办
陇南师范学院,4162011806,甘肃省,陇南市,本科,,公办
甘肃警察学院,4162012834,甘肃省,兰州市,本科,,公办
青海师范大学,4163010746,青海省,西宁市,本科,,大学类/公办
青海民族大学,4163010748,青海省,西宁市,本科,,大学类/公办
青海理工学院,4163014881,青海省,西宁市,本科,,公办
宁夏医科大学,4164010752,宁夏回族自治区,银川市,本科,,大学类/公办
宁夏师范大学,4164010753,宁夏回族自治区,固原市,本科,,大学类/公办
北方民族大学,4164011407,国家民委,银川市,本科,,大学类/公办
塔里木大学,4165010757,新疆生产建设兵团,阿拉尔市,本科,,大学类/短校名≤5字/公办
新疆农业大学,4165010758,新疆维吾尔自治区,乌鲁木齐市,本科,,大学类/公办
新疆医科大学,4165010760,新疆维吾尔自治区,乌鲁木齐市,本科,,大学类/公办
新疆师范大学,4165010762,新疆维吾尔自治区,乌鲁木齐市,本科,,大学类/公办
喀什大学,4165010763,新疆维吾尔自治区,喀什地区,本科,,大学类/短校名≤5字/公办
伊犁师范大学,4165010764,新疆维吾尔自治区,伊犁哈萨克自治州,本科,,大学类/公办
新疆财经大学,4165010766,新疆维吾尔自治区,乌鲁木齐市,本科,,大学类/公办
新疆艺术学院,4165010768,新疆维吾尔自治区,乌鲁木齐市,本科,,公办
新疆工程学院,4165010994,新疆维吾尔自治区,乌鲁木齐市,本科,,公办
昌吉学院,4165010997,新疆维吾尔自治区,昌吉回族自治州,本科,,短校名≤5字/公办
新疆警察学院,4165012734,新疆维吾尔自治区,乌鲁木齐市,本科,,公办
新疆理工学院,4165013558,新疆维吾尔自治区,阿克苏地区,本科,,公办
新疆第二医学院,4165013560,新疆维吾尔自治区,克拉玛依市,本科,,公办
新疆科技学院,4165013561,新疆维吾尔自治区,巴音郭楞蒙古自治州,本科,,公办
新疆政法学院,4165013628,新疆生产建设兵团,图木舒克市,本科,,公办
新疆和田学院,4165010765,新疆维吾尔自治区,和田地区,本科,,公办
新疆工业学院,4165014897,新疆生产建设兵团,和田地区,本科,,公办
