school_code,name_zh,year,region,curriculum,batch,enrollment_type,minimum_score,minimum_rank,reference_only,source
4131010246,复旦大学,2025,重庆市,物理类,普通类本科批,上游参考整理,685,260,True,https://github.com/Magicdover/China-Universities-2026/blob/419bdc7ce6956fc88c2b70b3979f170b6666f111/data/universities.js
4131010246,复旦大学,2025,重庆市,历史类,普通类本科批,上游参考整理,650,200,True,https://github.com/Magicdover/China-Universities-2026/blob/419bdc7ce6956fc88c2b70b3979f170b6666f111/data/universities.js
4131010247,同济大学,2025,重庆市,物理类,普通类本科批,上游参考整理,660,2000,True,https://github.com/Magicdover/China-Universities-2026/blob/419bdc7ce6956fc88c2b70b3979f170b6666f111/data/universities.js
4131010247,同济大学,2025,重庆市,历史类,普通类本科批,上游参考整理,636,650,True,https://github.com/Magicdover/China-Universities-2026/blob/419bdc7ce6956fc88c2b70b3979f170b6666f111/data/universities.js
4131010248,上海交通大学,2025,重庆市,物理类,普通类本科批,上游参考整理,686,230,True,https://github.com/Magicdover/China-Universities-2026/blob/419bdc7ce6956fc88c2b70b3979f170b6666f111/data/universities.js
4131010248,上海交通大学,2025,重庆市,历史类,普通类本科批,上游参考整理,648,260,True,https://github.com/Magicdover/China-Universities-2026/blob/419bdc7ce6956fc88c2b70b3979f170b6666f111/data/universities.js
4131010251,华东理工大学,2025,重庆市,物理类,普通类本科批,上游参考整理,600,17000,True,https://github.com/Magicdover/China-Universities-2026/blob/419bdc7ce6956fc88c2b70b3979f170b6666f111/data/uni-211.js
4131010252,上海理工大学,2025,重庆市,物理类,普通类本科批,上游参考整理,562,37000,True,https://github.com/Magicdover/China-Universities-2026/blob/419bdc7ce6956fc88c2b70b3979f170b6666f111/data/uni-extra2.js
4131010252,上海理工大学,2025,重庆市,历史类,普通类本科批,上游参考整理,558,9000,True,https://github.com/Magicdover/China-Universities-2026/blob/419bdc7ce6956fc88c2b70b3979f170b6666f111/data/uni-extra2.js
4131010255,东华大学,2025,重庆市,物理类,普通类本科批,上游参考整理,588,23000,True,https://github.com/Magicdover/China-Universities-2026/blob/419bdc7ce6956fc88c2b70b3979f170b6666f111/data/uni-211.js
4131010255,东华大学,2025,重庆市,历史类,普通类本科批,上游参考整理,582,5200,True,https://github.com/Magicdover/China-Universities-2026/blob/419bdc7ce6956fc88c2b70b3979f170b6666f111/data/uni-211.js
4131010268,上海中医药大学,2025,重庆市,物理类,普通类本科批,上游参考整理,578,27000,True,https://github.com/Magicdover/China-Universities-2026/blob/419bdc7ce6956fc88c2b70b3979f170b6666f111/data/uni-extra.js
4131010269,华东师范大学,2025,重庆市,物理类,普通类本科批,上游参考整理,645,4500,True,https://github.com/Magicdover/China-Universities-2026/blob/419bdc7ce6956fc88c2b70b3979f170b6666f111/data/universities.js
4131010269,华东师范大学,2025,重庆市,历史类,普通类本科批,上游参考整理,630,950,True,https://github.com/Magicdover/China-Universities-2026/blob/419bdc7ce6956fc88c2b70b3979f170b6666f111/data/universities.js
4131010271,上海外国语大学,2025,重庆市,物理类,普通类本科批,上游参考整理,615,12000,True,https://github.com/Magicdover/China-Universities-2026/blob/419bdc7ce6956fc88c2b70b3979f170b6666f111/data/uni-special.js
4131010271,上海外国语大学,2025,重庆市,历史类,普通类本科批,上游参考整理,612,1400,True,https://github.com/Magicdover/China-Universities-2026/blob/419bdc7ce6956fc88c2b70b3979f170b6666f111/data/uni-special.js
4131010272,上海财经大学,2025,重庆市,物理类,普通类本科批,上游参考整理,648,4000,True,https://github.com/Magicdover/China-Universities-2026/blob/419bdc7ce6956fc88c2b70b3979f170b6666f111/data/uni-special.js
4131010272,上海财经大学,2025,重庆市,历史类,普通类本科批,上游参考整理,622,900,True,https://github.com/Magicdover/China-Universities-2026/blob/419bdc7ce6956fc88c2b70b3979f170b6666f111/data/uni-special.js
4131010276,华东政法大学,2025,重庆市,物理类,普通类本科批,上游参考整理,600,17000,True,https://github.com/Magicdover/China-Universities-2026/blob/419bdc7ce6956fc88c2b70b3979f170b6666f111/data/uni-special.js
4131010276,华东政法大学,2025,重庆市,历史类,普通类本科批,上游参考整理,595,3500,True,https://github.com/Magicdover/China-Universities-2026/blob/419bdc7ce6956fc88c2b70b3979f170b6666f111/data/uni-special.js
4131010280,上海大学,2025,重庆市,物理类,普通类本科批,上游参考整理,608,14500,True,https://github.com/Magicdover/China-Universities-2026/blob/419bdc7ce6956fc88c2b70b3979f170b6666f111/data/uni-211.js
4131010280,上海大学,2025,重庆市,历史类,普通类本科批,上游参考整理,590,4500,True,https://github.com/Magicdover/China-Universities-2026/blob/419bdc7ce6956fc88c2b70b3979f170b6666f111/data/uni-211.js
4131014423,上海科技大学,2025,重庆市,物理类,普通类本科批,上游参考整理,650,3500,True,https://github.com/Magicdover/China-Universities-2026/blob/419bdc7ce6956fc88c2b70b3979f170b6666f111/data/uni-special.js
4153010673,云南大学,2025,重庆市,物理类,普通类本科批,上游参考整理,575,29000,True,https://github.com/Magicdover/China-Universities-2026/blob/419bdc7ce6956fc88c2b70b3979f170b6666f111/data/uni-211.js
4153010673,云南大学,2025,重庆市,历史类,普通类本科批,上游参考整理,572,6500,True,https://github.com/Magicdover/China-Universities-2026/blob/419bdc7ce6956fc88c2b70b3979f170b6666f111/data/uni-211.js
4153010674,昆明理工大学,2025,重庆市,物理类,普通类本科批,上游参考整理,530,53000,True,https://github.com/Magicdover/China-Universities-2026/blob/419bdc7ce6956fc88c2b70b3979f170b6666f111/data/uni-extra2.js
4153010674,昆明理工大学,2025,重庆市,历史类,普通类本科批,上游参考整理,538,12500,True,https://github.com/Magicdover/China-Universities-2026/blob/419bdc7ce6956fc88c2b70b3979f170b6666f111/data/uni-extra2.js
4115010126,内蒙古大学,2025,重庆市,物理类,普通类本科批,上游参考整理,548,44000,True,https://github.com/Magicdover/China-Universities-2026/blob/419bdc7ce6956fc88c2b70b3979f170b6666f111/data/uni-211.js
4115010126,内蒙古大学,2025,重庆市,历史类,普通类本科批,上游参考整理,545,9500,True,https://github.com/Magicdover/China-Universities-2026/blob/419bdc7ce6956fc88c2b70b3979f170b6666f111/data/uni-211.js
4111010001,北京大学,2025,重庆市,物理类,普通类本科批,上游参考整理,694,95,True,https://github.com/Magicdover/China-Universities-2026/blob/419bdc7ce6956fc88c2b70b3979f170b6666f111/data/universities.js
4111010001,北京大学,2025,重庆市,历史类,普通类本科批,上游参考整理,662,90,True,https://github.com/Magicdover/China-Universities-2026/blob/419bdc7ce6956fc88c2b70b3979f170b6666f111/data/universities.js
4111010002,中国人民大学,2025,重庆市,物理类,普通类本科批,上游参考整理,672,680,True,https://github.com/Magicdover/China-Universities-2026/blob/419bdc7ce6956fc88c2b70b3979f170b6666f111/data/universities.js
4111010002,中国人民大学,2025,重庆市,历史类,普通类本科批,上游参考整理,648,260,True,https://github.com/Magicdover/China-Universities-2026/blob/419bdc7ce6956fc88c2b70b3979f170b6666f111/data/universities.js
4111010003,清华大学,2025,重庆市,物理类,普通类本科批,上游参考整理,695,80,True,https://github.com/Magicdover/China-Universities-2026/blob/419bdc7ce6956fc88c2b70b3979f170b6666f111/data/universities.js
4111010003,清华大学,2025,重庆市,历史类,普通类本科批,上游参考整理,660,120,True,https://github.com/Magicdover/China-Universities-2026/blob/419bdc7ce6956fc88c2b70b3979f170b6666f111/data/universities.js
4111010004,北京交通大学,2025,重庆市,物理类,普通类本科批,上游参考整理,608,14500,True,https://github.com/Magicdover/China-Universities-2026/blob/419bdc7ce6956fc88c2b70b3979f170b6666f111/data/uni-211.js
4111010004,北京交通大学,2025,重庆市,历史类,普通类本科批,上游参考整理,585,5500,True,https://github.com/Magicdover/China-Universities-2026/blob/419bdc7ce6956fc88c2b70b3979f170b6666f111/data/uni-211.js
4111010005,北京工业大学,2025,重庆市,物理类,普通类本科批,上游参考整理,595,20000,True,https://github.com/Magicdover/China-Universities-2026/blob/419bdc7ce6956fc88c2b70b3979f170b6666f111/data/uni-extra.js
4111010006,北京航空航天大学,2025,重庆市,物理类,普通类本科批,上游参考整理,665,1400,True,https://github.com/Magicdover/China-Universities-2026/blob/419bdc7ce6956fc88c2b70b3979f170b6666f111/data/universities.js
4111010007,北京理工大学,2025,重庆市,物理类,普通类本科批,上游参考整理,658,2300,True,https://github.com/Magicdover/China-Universities-2026/blob/419bdc7ce6956fc88c2b70b3979f170b6666f111/data/universities.js
4111010008,北京科技大学,2025,重庆市,物理类,普通类本科批,上游参考整理,600,17000,True,https://github.com/Magicdover/China-Universities-2026/blob/419bdc7ce6956fc88c2b70b3979f170b6666f111/data/uni-211.js
4111010010,北京化工大学,2025,重庆市,物理类,普通类本科批,上游参考整理,588,23000,True,https://github.com/Magicdover/China-Universities-2026/blob/419bdc7ce6956fc88c2b70b3979f170b6666f111/data/uni-211.js
4111010013,北京邮电大学,2025,重庆市,物理类,普通类本科批,上游参考整理,628,8500,True,https://github.com/Magicdover/China-Universities-2026/blob/419bdc7ce6956fc88c2b70b3979f170b6666f111/data/uni-211.js
4111010019,中国农业大学,2025,重庆市,物理类,普通类本科批,上游参考整理,615,12000,True,https://github.com/Magicdover/China-Universities-2026/blob/419bdc7ce6956fc88c2b70b3979f170b6666f111/data/universities.js
4111010019,中国农业大学,2025,重庆市,历史类,普通类本科批,上游参考整理,585,9000,True,https://github.com/Magicdover/China-Universities-2026/blob/419bdc7ce6956fc88c2b70b3979f170b6666f111/data/universities.js
4111010022,北京林业大学,2025,重庆市,物理类,普通类本科批,上游参考整理,585,24000,True,https://github.com/Magicdover/China-Universities-2026/blob/419bdc7ce6956fc88c2b70b3979f170b6666f111/data/uni-special.js
4111010022,北京林业大学,2025,重庆市,历史类,普通类本科批,上游参考整理,582,5200,True,https://github.com/Magicdover/China-Universities-2026/blob/419bdc7ce6956fc88c2b70b3979f170b6666f111/data/uni-special.js
4111010023,北京协和医学院,2025,重庆市,物理类,普通类本科批,上游参考整理,660,2000,True,https://github.com/Magicdover/China-Universities-2026/blob/419bdc7ce6956fc88c2b70b3979f170b6666f111/data/uni-special.js
4111010025,首都医科大学,2025,重庆市,物理类,普通类本科批,上游参考整理,600,17000,True,https://github.com/Magicdover/China-Universities-2026/blob/419bdc7ce6956fc88c2b70b3979f170b6666f111/data/uni-special.js
4111010026,北京中医药大学,2025,重庆市,物理类,普通类本科批,上游参考整理,590,22000,True,https://github.com/Magicdover/China-Universities-2026/blob/419bdc7ce6956fc88c2b70b3979f170b6666f111/data/uni-special.js
4111010026,北京中医药大学,2025,重庆市,历史类,普通类本科批,上游参考整理,585,5000,True,https://github.com/Magicdover/China-Universities-2026/blob/419bdc7ce6956fc88c2b70b3979f170b6666f111/data/uni-special.js
4111010027,北京师范大学,2025,重庆市,物理类,普通类本科批,上游参考整理,650,3500,True,https://github.com/Magicdover/China-Universities-2026/blob/419bdc7ce6956fc88c2b70b3979f170b6666f111/data/universities.js
4111010027,北京师范大学,2025,重庆市,历史类,普通类本科批,上游参考整理,635,700,True,https://github.com/Magicdover/China-Universities-2026/blob/419bdc7ce6956fc88c2b70b3979f170b6666f111/data/universities.js
4111010028,首都师范大学,2025,重庆市,物理类,普通类本科批,上游参考整理,585,24000,True,https://github.com/Magicdover/China-Universities-2026/blob/419bdc7ce6956fc88c2b70b3979f170b6666f111/data/uni-special.js
4111010028,首都师范大学,2025,重庆市,历史类,普通类本科批,上游参考整理,585,5000,True,https://github.com/Magicdover/China-Universities-2026/blob/419bdc7ce6956fc88c2b70b3979f170b6666f111/data/uni-special.js
4111010030,北京外国语大学,2025,重庆市,物理类,普通类本科批,上游参考整理,620,10000,True,https://github.com/Magicdover/China-Universities-2026/blob/419bdc7ce6956fc88c2b70b3979f170b6666f111/data/uni-special.js
4111010030,北京外国语大学,2025,重庆市,历史类,普通类本科批,上游参考整理,615,1200,True,https://github.com/Magicdover/China-Universities-2026/blob/419bdc7ce6956fc88c2b70b3979f170b6666f111/data/uni-special.js
4111010032,北京语言大学,2025,重庆市,物理类,普通类本科批,上游参考整理,600,17000,True,https://github.com/Magicdover/China-Universities-2026/blob/419bdc7ce6956fc88c2b70b3979f170b6666f111/data/uni-special.js
4111010032,北京语言大学,2025,重庆市,历史类,普通类本科批,上游参考整理,598,3200,True,https://github.com/Magicdover/China-Universities-2026/blob/419bdc7ce6956fc88c2b70b3979f170b6666f111/data/uni-special.js
4111010033,中国传媒大学,2025,重庆市,物理类,普通类本科批,上游参考整理,620,10000,True,https://github.com/Magicdover/China-Universities-2026/blob/419bdc7ce6956fc88c2b70b3979f170b6666f111/data/uni-special.js
4111010033,中国传媒大学,2025,重庆市,历史类,普通类本科批,上游参考整理,615,1200,True,https://github.com/Magicdover/China-Universities-2026/blob/419bdc7ce6956fc88c2b70b3979f170b6666f111/data/uni-special.js
4111010034,中央财经大学,2025,重庆市,物理类,普通类本科批,上游参考整理,635,6000,True,https://github.com/Magicdover/China-Universities-2026/blob/419bdc7ce6956fc88c2b70b3979f170b6666f111/data/uni-special.js
4111010034,中央财经大学,2025,重庆市,历史类,普通类本科批,上游参考整理,615,1200,True,https://github.com/Magicdover/China-Universities-2026/blob/419bdc7ce6956fc88c2b70b3979f170b6666f111/data/uni-special.js
4111010036,对外经济贸易大学,2025,重庆市,物理类,普通类本科批,上游参考整理,635,6000,True,https://github.com/Magicdover/China-Universities-2026/blob/419bdc7ce6956fc88c2b70b3979f170b6666f111/data/uni-special.js
4111010036,对外经济贸易大学,2025,重庆市,历史类,普通类本科批,上游参考整理,615,1200,True,https://github.com/Magicdover/China-Universities-2026/blob/419bdc7ce6956fc88c2b70b3979f170b6666f111/data/uni-special.js
4111010052,中央民族大学,2025,重庆市,物理类,普通类本科批,上游参考整理,600,18000,True,https://github.com/Magicdover/China-Universities-2026/blob/419bdc7ce6956fc88c2b70b3979f170b6666f111/data/universities.js
4111010052,中央民族大学,2025,重庆市,历史类,普通类本科批,上游参考整理,600,2500,True,https://github.com/Magicdover/China-Universities-2026/blob/419bdc7ce6956fc88c2b70b3979f170b6666f111/data/universities.js
4111010053,中国政法大学,2025,重庆市,物理类,普通类本科批,上游参考整理,625,9000,True,https://github.com/Magicdover/China-Universities-2026/blob/419bdc7ce6956fc88c2b70b3979f170b6666f111/data/uni-special.js
4111010053,中国政法大学,2025,重庆市,历史类,普通类本科批,上游参考整理,610,1700,True,https://github.com/Magicdover/China-Universities-2026/blob/419bdc7ce6956fc88c2b70b3979f170b6666f111/data/uni-special.js
4111010054,华北电力大学,2025,重庆市,物理类,普通类本科批,上游参考整理,600,17000,True,https://github.com/Magicdover/China-Universities-2026/blob/419bdc7ce6956fc88c2b70b3979f170b6666f111/data/uni-211.js
4111011414,中国石油大学(北京),2025,重庆市,物理类,普通类本科批,上游参考整理,578,27000,True,https://github.com/Magicdover/China-Universities-2026/blob/419bdc7ce6956fc88c2b70b3979f170b6666f111/data/uni-extra2.js
4111011415,中国地质大学(北京),2025,重庆市,物理类,普通类本科批,上游参考整理,585,24000,True,https://github.com/Magicdover/China-Universities-2026/blob/419bdc7ce6956fc88c2b70b3979f170b6666f111/data/uni-extra2.js
4111014430,中国科学院大学,2025,重庆市,物理类,普通类本科批,上游参考整理,685,300,True,https://github.com/Magicdover/China-Universities-2026/blob/419bdc7ce6956fc88c2b70b3979f170b6666f111/data/uni-special.js
4122010183,吉林大学,2025,重庆市,物理类,普通类本科批,上游参考整理,610,14000,True,https://github.com/Magicdover/China-Universities-2026/blob/419bdc7ce6956fc88c2b70b3979f170b6666f111/data/universities.js
4122010183,吉林大学,2025,重庆市,历史类,普通类本科批,上游参考整理,598,2800,True,https://github.com/Magicdover/China-Universities-2026/blob/419bdc7ce6956fc88c2b70b3979f170b6666f111/data/universities.js
4122010184,延边大学,2025,重庆市,物理类,普通类本科批,上游参考整理,535,50000,True,https://github.com/Magicdover/China-Universities-2026/blob/419bdc7ce6956fc88c2b70b3979f170b6666f111/data/uni-211.js
4122010184,延边大学,2025,重庆市,历史类,普通类本科批,上游参考整理,535,11000,True,https://github.com/Magicdover/China-Universities-2026/blob/419bdc7ce6956fc88c2b70b3979f170b6666f111/data/uni-211.js
4122010200,东北师范大学,2025,重庆市,物理类,普通类本科批,上游参考整理,590,22000,True,https://github.com/Magicdover/China-Universities-2026/blob/419bdc7ce6956fc88c2b70b3979f170b6666f111/data/uni-special.js
4122010200,东北师范大学,2025,重庆市,历史类,普通类本科批,上游参考整理,588,4500,True,https://github.com/Magicdover/China-Universities-2026/blob/419bdc7ce6956fc88c2b70b3979f170b6666f111/data/uni-special.js
4151010610,四川大学,2025,重庆市,物理类,普通类本科批,上游参考整理,632,7000,True,https://github.com/Magicdover/China-Universities-2026/blob/419bdc7ce6956fc88c2b70b3979f170b6666f111/data/universities.js
4151010610,四川大学,2025,重庆市,历史类,普通类本科批,上游参考整理,620,1700,True,https://github.com/Magicdover/China-Universities-2026/blob/419bdc7ce6956fc88c2b70b3979f170b6666f111/data/universities.js
4151010613,西南交通大学,2025,重庆市,物理类,普通类本科批,上游参考整理,600,17000,True,https://github.com/Magicdover/China-Universities-2026/blob/419bdc7ce6956fc88c2b70b3979f170b6666f111/data/uni-211.js
4151010614,电子科技大学,2025,重庆市,物理类,普通类本科批,上游参考整理,645,4500,True,https://github.com/Magicdover/China-Universities-2026/blob/419bdc7ce6956fc88c2b70b3979f170b6666f111/data/universities.js
4151010616,成都理工大学,2025,重庆市,物理类,普通类本科批,上游参考整理,565,34000,True,https://github.com/Magicdover/China-Universities-2026/blob/419bdc7ce6956fc88c2b70b3979f170b6666f111/data/uni-extra.js
4151010626,四川农业大学,2025,重庆市,物理类,普通类本科批,上游参考整理,560,37000,True,https://github.com/Magicdover/China-Universities-2026/blob/419bdc7ce6956fc88c2b70b3979f170b6666f111/data/uni-special.js
4151010626,四川农业大学,2025,重庆市,历史类,普通类本科批,上游参考整理,565,7500,True,https://github.com/Magicdover/China-Universities-2026/blob/419bdc7ce6956fc88c2b70b3979f170b6666f111/data/uni-special.js
4151010633,成都中医药大学,2025,重庆市,物理类,普通类本科批,上游参考整理,560,37000,True,https://github.com/Magicdover/China-Universities-2026/blob/419bdc7ce6956fc88c2b70b3979f170b6666f111/data/uni-extra.js
4151010651,西南财经大学,2025,重庆市,物理类,普通类本科批,上游参考整理,600,17000,True,https://github.com/Magicdover/China-Universities-2026/blob/419bdc7ce6956fc88c2b70b3979f170b6666f111/data/uni-special.js
4151010651,西南财经大学,2025,重庆市,历史类,普通类本科批,上游参考整理,592,3800,True,https://github.com/Magicdover/China-Universities-2026/blob/419bdc7ce6956fc88c2b70b3979f170b6666f111/data/uni-special.js
4151010656,西南民族大学,2025,重庆市,物理类,普通类本科批,上游参考整理,555,40000,True,https://github.com/Magicdover/China-Universities-2026/blob/419bdc7ce6956fc88c2b70b3979f170b6666f111/data/uni-special.js
4151010656,西南民族大学,2025,重庆市,历史类,普通类本科批,上游参考整理,560,8000,True,https://github.com/Magicdover/China-Universities-2026/blob/419bdc7ce6956fc88c2b70b3979f170b6666f111/data/uni-special.js
4112010055,南开大学,2025,重庆市,物理类,普通类本科批,上游参考整理,645,4500,True,https://github.com/Magicdover/China-Universities-2026/blob/419bdc7ce6956fc88c2b70b3979f170b6666f111/data/universities.js
4112010055,南开大学,2025,重庆市,历史类,普通类本科批,上游参考整理,632,850,True,https://github.com/Magicdover/China-Universities-2026/blob/419bdc7ce6956fc88c2b70b3979f170b6666f111/data/universities.js
4112010056,天津大学,2025,重庆市,物理类,普通类本科批,上游参考整理,648,4000,True,https://github.com/Magicdover/China-Universities-2026/blob/419bdc7ce6956fc88c2b70b3979f170b6666f111/data/universities.js
4112010056,天津大学,2025,重庆市,历史类,普通类本科批,上游参考整理,625,1300,True,https://github.com/Magicdover/China-Universities-2026/blob/419bdc7ce6956fc88c2b70b3979f170b6666f111/data/universities.js
4112010058,天津工业大学,2025,重庆市,物理类,普通类本科批,上游参考整理,565,34000,True,https://github.com/Magicdover/China-Universities-2026/blob/419bdc7ce6956fc88c2b70b3979f170b6666f111/data/uni-extra.js
4112010062,天津医科大学,2025,重庆市,物理类,普通类本科批,上游参考整理,585,24000,True,https://github.com/Magicdover/China-Universities-2026/blob/419bdc7ce6956fc88c2b70b3979f170b6666f111/data/uni-special.js
4112010063,天津中医药大学,2025,重庆市,物理类,普通类本科批,上游参考整理,560,38000,True,https://github.com/Magicdover/China-Universities-2026/blob/419bdc7ce6956fc88c2b70b3979f170b6666f111/data/uni-extra2.js
4164010749,宁夏大学,2025,重庆市,物理类,普通类本科批,上游参考整理,530,53000,True,https://github.com/Magicdover/China-Universities-2026/blob/419bdc7ce6956fc88c2b70b3979f170b6666f111/data/uni-211.js
4164010749,宁夏大学,2025,重庆市,历史类,普通类本科批,上游参考整理,532,12000,True,https://github.com/Magicdover/China-Universities-2026/blob/419bdc7ce6956fc88c2b70b3979f170b6666f111/data/uni-211.js
4134010357,安徽大学,2025,重庆市,物理类,普通类本科批,上游参考整理,575,29000,True,https://github.com/Magicdover/China-Universities-2026/blob/419bdc7ce6956fc88c2b70b3979f170b6666f111/data/uni-211.js
4134010357,安徽大学,2025,重庆市,历史类,普通类本科批,上游参考整理,568,7000,True,https://github.com/Magicdover/China-Universities-2026/blob/419bdc7ce6956fc88c2b70b3979f170b6666f111/data/uni-211.js
4134010358,中国科学技术大学,2025,重庆市,物理类,普通类本科批,上游参考整理,681,400,True,https://github.com/Magicdover/China-Universities-2026/blob/419bdc7ce6956fc88c2b70b3979f170b6666f111/data/universities.js
4134010359,合肥工业大学,2025,重庆市,物理类,普通类本科批,上游参考整理,590,22000,True,https://github.com/Magicdover/China-Universities-2026/blob/419bdc7ce6956fc88c2b70b3979f170b6666f111/data/uni-211.js
4137010422,山东大学,2025,重庆市,物理类,普通类本科批,上游参考整理,622,10000,True,https://github.com/Magicdover/China-Universities-2026/blob/419bdc7ce6956fc88c2b70b3979f170b6666f111/data/universities.js
4137010422,山东大学,2025,重庆市,历史类,普通类本科批,上游参考整理,610,2000,True,https://github.com/Magicdover/China-Universities-2026/blob/419bdc7ce6956fc88c2b70b3979f170b6666f111/data/universities.js
4137010423,中国海洋大学,2025,重庆市,物理类,普通类本科批,上游参考整理,605,16000,True,https://github.com/Magicdover/China-Universities-2026/blob/419bdc7ce6956fc88c2b70b3979f170b6666f111/data/universities.js
4137010423,中国海洋大学,2025,重庆市,历史类,普通类本科批,上游参考整理,595,3200,True,https://github.com/Magicdover/China-Universities-2026/blob/419bdc7ce6956fc88c2b70b3979f170b6666f111/data/universities.js
4137010424,山东科技大学,2025,重庆市,物理类,普通类本科批,上游参考整理,512,61000,True,https://github.com/Magicdover/China-Universities-2026/blob/419bdc7ce6956fc88c2b70b3979f170b6666f111/data/uni-extra2.js
4137010424,山东科技大学,2025,重庆市,历史类,普通类本科批,上游参考整理,525,14000,True,https://github.com/Magicdover/China-Universities-2026/blob/419bdc7ce6956fc88c2b70b3979f170b6666f111/data/uni-extra2.js
4137010425,中国石油大学(华东),2025,重庆市,物理类,普通类本科批,上游参考整理,575,29000,True,https://github.com/Magicdover/China-Universities-2026/blob/419bdc7ce6956fc88c2b70b3979f170b6666f111/data/uni-211.js
4137010434,山东农业大学,2025,重庆市,物理类,普通类本科批,上游参考整理,505,63000,True,https://github.com/Magicdover/China-Universities-2026/blob/419bdc7ce6956fc88c2b70b3979f170b6666f111/data/uni-extra2.js
4137010434,山东农业大学,2025,重庆市,历史类,普通类本科批,上游参考整理,525,14000,True,https://github.com/Magicdover/China-Universities-2026/blob/419bdc7ce6956fc88c2b70b3979f170b6666f111/data/uni-extra2.js
4137010441,山东中医药大学,2025,重庆市,物理类,普通类本科批,上游参考整理,530,53000,True,https://github.com/Magicdover/China-Universities-2026/blob/419bdc7ce6956fc88c2b70b3979f170b6666f111/data/uni-extra2.js
4137010446,曲阜师范大学,2025,重庆市,物理类,普通类本科批,上游参考整理,510,61000,True,https://github.com/Magicdover/China-Universities-2026/blob/419bdc7ce6956fc88c2b70b3979f170b6666f111/data/uni-extra2.js
4137010446,曲阜师范大学,2025,重庆市,历史类,普通类本科批,上游参考整理,525,14000,True,https://github.com/Magicdover/China-Universities-2026/blob/419bdc7ce6956fc88c2b70b3979f170b6666f111/data/uni-extra2.js
4114010108,山西大学,2025,重庆市,物理类,普通类本科批,上游参考整理,570,31000,True,https://github.com/Magicdover/China-Universities-2026/blob/419bdc7ce6956fc88c2b70b3979f170b6666f111/data/uni-extra.js
4114010108,山西大学,2025,重庆市,历史类,普通类本科批,上游参考整理,572,6500,True,https://github.com/Magicdover/China-Universities-2026/blob/419bdc7ce6956fc88c2b70b3979f170b6666f111/data/uni-extra.js
4114010112,太原理工大学,2025,重庆市,物理类,普通类本科批,上游参考整理,565,34000,True,https://github.com/Magicdover/China-Universities-2026/blob/419bdc7ce6956fc88c2b70b3979f170b6666f111/data/uni-211.js
4144010558,中山大学,2025,重庆市,物理类,普通类本科批,上游参考整理,640,5800,True,https://github.com/Magicdover/China-Universities-2026/blob/419bdc7ce6956fc88c2b70b3979f170b6666f111/data/universities.js
4144010558,中山大学,2025,重庆市,历史类,普通类本科批,上游参考整理,628,1200,True,https://github.com/Magicdover/China-Universities-2026/blob/419bdc7ce6956fc88c2b70b3979f170b6666f111/data/universities.js
4144010559,暨南大学,2025,重庆市,物理类,普通类本科批,上游参考整理,600,17000,True,https://github.com/Magicdover/China-Universities-2026/blob/419bdc7ce6956fc88c2b70b3979f170b6666f111/data/uni-211.js
4144010559,暨南大学,2025,重庆市,历史类,普通类本科批,上游参考整理,592,4200,True,https://github.com/Magicdover/China-Universities-2026/blob/419bdc7ce6956fc88c2b70b3979f170b6666f111/data/uni-211.js
4144010561,华南理工大学,2025,重庆市,物理类,普通类本科批,上游参考整理,635,6500,True,https://github.com/Magicdover/China-Universities-2026/blob/419bdc7ce6956fc88c2b70b3979f170b6666f111/data/universities.js
4144010561,华南理工大学,2025,重庆市,历史类,普通类本科批,上游参考整理,622,1600,True,https://github.com/Magicdover/China-Universities-2026/blob/419bdc7ce6956fc88c2b70b3979f170b6666f111/data/universities.js
4144010564,华南农业大学,2025,重庆市,物理类,普通类本科批,上游参考整理,575,29000,True,https://github.com/Magicdover/China-Universities-2026/blob/419bdc7ce6956fc88c2b70b3979f170b6666f111/data/uni-special.js
4144010564,华南农业大学,2025,重庆市,历史类,普通类本科批,上游参考整理,575,6500,True,https://github.com/Magicdover/China-Universities-2026/blob/419bdc7ce6956fc88c2b70b3979f170b6666f111/data/uni-special.js
4144010570,广州医科大学,2025,重庆市,物理类,普通类本科批,上游参考整理,575,29000,True,https://github.com/Magicdover/China-Universities-2026/blob/419bdc7ce6956fc88c2b70b3979f170b6666f111/data/uni-extra.js
4144010571,广东医科大学,2025,重庆市,物理类,普通类本科批,上游参考整理,530,53000,True,https://github.com/Magicdover/China-Universities-2026/blob/419bdc7ce6956fc88c2b70b3979f170b6666f111/data/uni-extra2.js
4144010572,广州中医药大学,2025,重庆市,物理类,普通类本科批,上游参考整理,575,29000,True,https://github.com/Magicdover/China-Universities-2026/blob/419bdc7ce6956fc88c2b70b3979f170b6666f111/data/uni-extra.js
4144010574,华南师范大学,2025,重庆市,物理类,普通类本科批,上游参考整理,595,20000,True,https://github.com/Magicdover/China-Universities-2026/blob/419bdc7ce6956fc88c2b70b3979f170b6666f111/data/uni-special.js
4144010574,华南师范大学,2025,重庆市,历史类,普通类本科批,上游参考整理,590,4200,True,https://github.com/Magicdover/China-Universities-2026/blob/419bdc7ce6956fc88c2b70b3979f170b6666f111/data/uni-special.js
4144010590,深圳大学,2025,重庆市,物理类,普通类本科批,上游参考整理,590,22000,True,https://github.com/Magicdover/China-Universities-2026/blob/419bdc7ce6956fc88c2b70b3979f170b6666f111/data/uni-special.js
4144010590,深圳大学,2025,重庆市,历史类,普通类本科批,上游参考整理,585,5000,True,https://github.com/Magicdover/China-Universities-2026/blob/419bdc7ce6956fc88c2b70b3979f170b6666f111/data/uni-special.js
4144011078,广州大学,2025,重庆市,物理类,普通类本科批,上游参考整理,555,40000,True,https://github.com/Magicdover/China-Universities-2026/blob/419bdc7ce6956fc88c2b70b3979f170b6666f111/data/uni-extra2.js
4144011078,广州大学,2025,重庆市,历史类,普通类本科批,上游参考整理,552,10000,True,https://github.com/Magicdover/China-Universities-2026/blob/419bdc7ce6956fc88c2b70b3979f170b6666f111/data/uni-extra2.js
4144011845,广东工业大学,2025,重庆市,物理类,普通类本科批,上游参考整理,560,38000,True,https://github.com/Magicdover/China-Universities-2026/blob/419bdc7ce6956fc88c2b70b3979f170b6666f111/data/uni-extra2.js
4144011845,广东工业大学,2025,重庆市,历史类,普通类本科批,上游参考整理,555,9500,True,https://github.com/Magicdover/China-Universities-2026/blob/419bdc7ce6956fc88c2b70b3979f170b6666f111/data/uni-extra2.js
4144012121,南方医科大学,2025,重庆市,物理类,普通类本科批,上游参考整理,595,20000,True,https://github.com/Magicdover/China-Universities-2026/blob/419bdc7ce6956fc88c2b70b3979f170b6666f111/data/uni-special.js
4144014325,南方科技大学,2025,重庆市,物理类,普通类本科批,上游参考整理,660,2000,True,https://github.com/Magicdover/China-Universities-2026/blob/419bdc7ce6956fc88c2b70b3979f170b6666f111/data/uni-special.js
4144016401,北师香港浸会大学,2025,重庆市,物理类,普通类本科批,上游参考整理,530,53000,True,https://github.com/Magicdover/China-Universities-2026/blob/419bdc7ce6956fc88c2b70b3979f170b6666f111/data/uni-extra2.js
4144016401,北师香港浸会大学,2025,重庆市,历史类,普通类本科批,上游参考整理,535,12000,True,https://github.com/Magicdover/China-Universities-2026/blob/419bdc7ce6956fc88c2b70b3979f170b6666f111/data/uni-extra2.js
4144016407,香港中文大学(深圳),2025,重庆市,物理类,普通类本科批,上游参考整理,650,3000,True,https://github.com/Magicdover/China-Universities-2026/blob/419bdc7ce6956fc88c2b70b3979f170b6666f111/data/uni-extra2.js
4144016407,香港中文大学(深圳),2025,重庆市,历史类,普通类本科批,上游参考整理,635,700,True,https://github.com/Magicdover/China-Universities-2026/blob/419bdc7ce6956fc88c2b70b3979f170b6666f111/data/uni-extra2.js
4145010593,广西大学,2025,重庆市,物理类,普通类本科批,上游参考整理,555,39000,True,https://github.com/Magicdover/China-Universities-2026/blob/419bdc7ce6956fc88c2b70b3979f170b6666f111/data/uni-211.js
4145010593,广西大学,2025,重庆市,历史类,普通类本科批,上游参考整理,552,9000,True,https://github.com/Magicdover/China-Universities-2026/blob/419bdc7ce6956fc88c2b70b3979f170b6666f111/data/uni-211.js
4145010595,桂林电子科技大学,2025,重庆市,物理类,普通类本科批,上游参考整理,515,60000,True,https://github.com/Magicdover/China-Universities-2026/blob/419bdc7ce6956fc88c2b70b3979f170b6666f111/data/uni-extra2.js
4165010755,新疆大学,2025,重庆市,物理类,普通类本科批,上游参考整理,540,48000,True,https://github.com/Magicdover/China-Universities-2026/blob/419bdc7ce6956fc88c2b70b3979f170b6666f111/data/uni-211.js
4165010755,新疆大学,2025,重庆市,历史类,普通类本科批,上游参考整理,540,10500,True,https://github.com/Magicdover/China-Universities-2026/blob/419bdc7ce6956fc88c2b70b3979f170b6666f111/data/uni-211.js
4165010759,石河子大学,2025,重庆市,物理类,普通类本科批,上游参考整理,525,55000,True,https://github.com/Magicdover/China-Universities-2026/blob/419bdc7ce6956fc88c2b70b3979f170b6666f111/data/uni-211.js
4165010759,石河子大学,2025,重庆市,历史类,普通类本科批,上游参考整理,528,13000,True,https://github.com/Magicdover/China-Universities-2026/blob/419bdc7ce6956fc88c2b70b3979f170b6666f111/data/uni-211.js
4132010284,南京大学,2025,重庆市,物理类,普通类本科批,上游参考整理,676,650,True,https://github.com/Magicdover/China-Universities-2026/blob/419bdc7ce6956fc88c2b70b3979f170b6666f111/data/universities.js
4132010284,南京大学,2025,重庆市,历史类,普通类本科批,上游参考整理,644,380,True,https://github.com/Magicdover/China-Universities-2026/blob/419bdc7ce6956fc88c2b70b3979f170b6666f111/data/universities.js
4132010285,苏州大学,2025,重庆市,物理类,普通类本科批,上游参考整理,605,15500,True,https://github.com/Magicdover/China-Universities-2026/blob/419bdc7ce6956fc88c2b70b3979f170b6666f111/data/uni-211.js
4132010285,苏州大学,2025,重庆市,历史类,普通类本科批,上游参考整理,592,4200,True,https://github.com/Magicdover/China-Universities-2026/blob/419bdc7ce6956fc88c2b70b3979f170b6666f111/data/uni-211.js
4132010286,东南大学,2025,重庆市,物理类,普通类本科批,上游参考整理,655,2900,True,https://github.com/Magicdover/China-Universities-2026/blob/419bdc7ce6956fc88c2b70b3979f170b6666f111/data/universities.js
4132010286,东南大学,2025,重庆市,历史类,普通类本科批,上游参考整理,628,1200,True,https://github.com/Magicdover/China-Universities-2026/blob/419bdc7ce6956fc88c2b70b3979f170b6666f111/data/universities.js
4132010287,南京航空航天大学,2025,重庆市,物理类,普通类本科批,上游参考整理,608,14500,True,https://github.com/Magicdover/China-Universities-2026/blob/419bdc7ce6956fc88c2b70b3979f170b6666f111/data/uni-211.js
4132010288,南京理工大学,2025,重庆市,物理类,普通类本科批,上游参考整理,605,15500,True,https://github.com/Magicdover/China-Universities-2026/blob/419bdc7ce6956fc88c2b70b3979f170b6666f111/data/uni-211.js
4132010290,中国矿业大学,2025,重庆市,物理类,普通类本科批,上游参考整理,568,32000,True,https://github.com/Magicdover/China-Universities-2026/blob/419bdc7ce6956fc88c2b70b3979f170b6666f111/data/uni-211.js
4132010291,南京工业大学,2025,重庆市,物理类,普通类本科批,上游参考整理,560,38000,True,https://github.com/Magicdover/China-Universities-2026/blob/419bdc7ce6956fc88c2b70b3979f170b6666f111/data/uni-extra2.js
4132010291,南京工业大学,2025,重庆市,历史类,普通类本科批,上游参考整理,555,9500,True,https://github.com/Magicdover/China-Universities-2026/blob/419bdc7ce6956fc88c2b70b3979f170b6666f111/data/uni-extra2.js
4132010293,南京邮电大学,2025,重庆市,物理类,普通类本科批,上游参考整理,595,20000,True,https://github.com/Magicdover/China-Universities-2026/blob/419bdc7ce6956fc88c2b70b3979f170b6666f111/data/uni-extra.js
4132010294,河海大学,2025,重庆市,物理类,普通类本科批,上游参考整理,595,20000,True,https://github.com/Magicdover/China-Universities-2026/blob/419bdc7ce6956fc88c2b70b3979f170b6666f111/data/uni-211.js
4132010294,河海大学,2025,重庆市,历史类,普通类本科批,上游参考整理,585,5500,True,https://github.com/Magicdover/China-Universities-2026/blob/419bdc7ce6956fc88c2b70b3979f170b6666f111/data/uni-211.js
4132010295,江南大学,2025,重庆市,物理类,普通类本科批,上游参考整理,590,22000,True,https://github.com/Magicdover/China-Universities-2026/blob/419bdc7ce6956fc88c2b70b3979f170b6666f111/data/uni-211.js
4132010295,江南大学,2025,重庆市,历史类,普通类本科批,上游参考整理,583,5000,True,https://github.com/Magicdover/China-Universities-2026/blob/419bdc7ce6956fc88c2b70b3979f170b6666f111/data/uni-211.js
4132010299,江苏大学,2025,重庆市,物理类,普通类本科批,上游参考整理,548,44000,True,https://github.com/Magicdover/China-Universities-2026/blob/419bdc7ce6956fc88c2b70b3979f170b6666f111/data/uni-extra2.js
4132010299,江苏大学,2025,重庆市,历史类,普通类本科批,上游参考整理,548,11000,True,https://github.com/Magicdover/China-Universities-2026/blob/419bdc7ce6956fc88c2b70b3979f170b6666f111/data/uni-extra2.js
4132010300,南京信息工程大学,2025,重庆市,物理类,普通类本科批,上游参考整理,575,29000,True,https://github.com/Magicdover/China-Universities-2026/blob/419bdc7ce6956fc88c2b70b3979f170b6666f111/data/uni-extra.js
4132010307,南京农业大学,2025,重庆市,物理类,普通类本科批,上游参考整理,585,24000,True,https://github.com/Magicdover/China-Universities-2026/blob/419bdc7ce6956fc88c2b70b3979f170b6666f111/data/uni-special.js
4132010307,南京农业大学,2025,重庆市,历史类,普通类本科批,上游参考整理,580,5800,True,https://github.com/Magicdover/China-Universities-2026/blob/419bdc7ce6956fc88c2b70b3979f170b6666f111/data/uni-special.js
4132010312,南京医科大学,2025,重庆市,物理类,普通类本科批,上游参考整理,590,22000,True,https://github.com/Magicdover/China-Universities-2026/blob/419bdc7ce6956fc88c2b70b3979f170b6666f111/data/uni-extra2.js
4132010315,南京中医药大学,2025,重庆市,物理类,普通类本科批,上游参考整理,570,31000,True,https://github.com/Magicdover/China-Universities-2026/blob/419bdc7ce6956fc88c2b70b3979f170b6666f111/data/uni-extra.js
4132010316,中国药科大学,2025,重庆市,物理类,普通类本科批,上游参考整理,595,20000,True,https://github.com/Magicdover/China-Universities-2026/blob/419bdc7ce6956fc88c2b70b3979f170b6666f111/data/uni-special.js
4132010319,南京师范大学,2025,重庆市,物理类,普通类本科批,上游参考整理,595,20000,True,https://github.com/Magicdover/China-Universities-2026/blob/419bdc7ce6956fc88c2b70b3979f170b6666f111/data/uni-special.js
4132010319,南京师范大学,2025,重庆市,历史类,普通类本科批,上游参考整理,592,3800,True,https://github.com/Magicdover/China-Universities-2026/blob/419bdc7ce6956fc88c2b70b3979f170b6666f111/data/uni-special.js
4132011117,扬州大学,2025,重庆市,物理类,普通类本科批,上游参考整理,548,44000,True,https://github.com/Magicdover/China-Universities-2026/blob/419bdc7ce6956fc88c2b70b3979f170b6666f111/data/uni-extra2.js
4132011117,扬州大学,2025,重庆市,历史类,普通类本科批,上游参考整理,548,11000,True,https://github.com/Magicdover/China-Universities-2026/blob/419bdc7ce6956fc88c2b70b3979f170b6666f111/data/uni-extra2.js
4136010403,南昌大学,2025,重庆市,物理类,普通类本科批,上游参考整理,575,29000,True,https://github.com/Magicdover/China-Universities-2026/blob/419bdc7ce6956fc88c2b70b3979f170b6666f111/data/uni-211.js
4136010403,南昌大学,2025,重庆市,历史类,普通类本科批,上游参考整理,570,6800,True,https://github.com/Magicdover/China-Universities-2026/blob/419bdc7ce6956fc88c2b70b3979f170b6666f111/data/uni-211.js
4136010412,江西中医药大学,2025,重庆市,物理类,普通类本科批,上游参考整理,520,58000,True,https://github.com/Magicdover/China-Universities-2026/blob/419bdc7ce6956fc88c2b70b3979f170b6666f111/data/uni-extra2.js
4136010421,江西财经大学,2025,重庆市,物理类,普通类本科批,上游参考整理,570,31000,True,https://github.com/Magicdover/China-Universities-2026/blob/419bdc7ce6956fc88c2b70b3979f170b6666f111/data/uni-special.js
4136010421,江西财经大学,2025,重庆市,历史类,普通类本科批,上游参考整理,575,6500,True,https://github.com/Magicdover/China-Universities-2026/blob/419bdc7ce6956fc88c2b70b3979f170b6666f111/data/uni-special.js
4113010080,河北工业大学,2025,重庆市,物理类,普通类本科批,上游参考整理,575,29000,True,https://github.com/Magicdover/China-Universities-2026/blob/419bdc7ce6956fc88c2b70b3979f170b6666f111/data/uni-211.js
4113010081,华北理工大学,2025,重庆市,物理类,普通类本科批,上游参考整理,505,63000,True,https://github.com/Magicdover/China-Universities-2026/blob/419bdc7ce6956fc88c2b70b3979f170b6666f111/data/uni-extra2.js
4113010081,华北理工大学,2025,重庆市,历史类,普通类本科批,上游参考整理,520,16000,True,https://github.com/Magicdover/China-Universities-2026/blob/419bdc7ce6956fc88c2b70b3979f170b6666f111/data/uni-extra2.js
4113010216,燕山大学,2025,重庆市,物理类,普通类本科批,上游参考整理,540,48000,True,https://github.com/Magicdover/China-Universities-2026/blob/419bdc7ce6956fc88c2b70b3979f170b6666f111/data/uni-extra2.js
4113010216,燕山大学,2025,重庆市,历史类,普通类本科批,上游参考整理,545,11500,True,https://github.com/Magicdover/China-Universities-2026/blob/419bdc7ce6956fc88c2b70b3979f170b6666f111/data/uni-extra2.js
4141010459,郑州大学,2025,重庆市,物理类,普通类本科批,上游参考整理,585,24000,True,https://github.com/Magicdover/China-Universities-2026/blob/419bdc7ce6956fc88c2b70b3979f170b6666f111/data/uni-211.js
4141010459,郑州大学,2025,重庆市,历史类,普通类本科批,上游参考整理,578,6000,True,https://github.com/Magicdover/China-Universities-2026/blob/419bdc7ce6956fc88c2b70b3979f170b6666f111/data/uni-211.js
4141010475,河南大学,2025,重庆市,物理类,普通类本科批,上游参考整理,560,37000,True,https://github.com/Magicdover/China-Universities-2026/blob/419bdc7ce6956fc88c2b70b3979f170b6666f111/data/uni-211.js
4141010475,河南大学,2025,重庆市,历史类,普通类本科批,上游参考整理,560,8000,True,https://github.com/Magicdover/China-Universities-2026/blob/419bdc7ce6956fc88c2b70b3979f170b6666f111/data/uni-211.js
4133010335,浙江大学,2025,重庆市,物理类,普通类本科批,上游参考整理,678,550,True,https://github.com/Magicdover/China-Universities-2026/blob/419bdc7ce6956fc88c2b70b3979f170b6666f111/data/universities.js
4133010335,浙江大学,2025,重庆市,历史类,普通类本科批,上游参考整理,642,480,True,https://github.com/Magicdover/China-Universities-2026/blob/419bdc7ce6956fc88c2b70b3979f170b6666f111/data/universities.js
4133010336,杭州电子科技大学,2025,重庆市,物理类,普通类本科批,上游参考整理,580,26000,True,https://github.com/Magicdover/China-Universities-2026/blob/419bdc7ce6956fc88c2b70b3979f170b6666f111/data/uni-extra2.js
4133010336,杭州电子科技大学,2025,重庆市,历史类,普通类本科批,上游参考整理,575,6500,True,https://github.com/Magicdover/China-Universities-2026/blob/419bdc7ce6956fc88c2b70b3979f170b6666f111/data/uni-extra2.js
4133010337,浙江工业大学,2025,重庆市,物理类,普通类本科批,上游参考整理,575,29000,True,https://github.com/Magicdover/China-Universities-2026/blob/419bdc7ce6956fc88c2b70b3979f170b6666f111/data/uni-extra2.js
4133010337,浙江工业大学,2025,重庆市,历史类,普通类本科批,上游参考整理,570,7000,True,https://github.com/Magicdover/China-Universities-2026/blob/419bdc7ce6956fc88c2b70b3979f170b6666f111/data/uni-extra2.js
4133011646,宁波大学,2025,重庆市,物理类,普通类本科批,上游参考整理,585,24000,True,https://github.com/Magicdover/China-Universities-2026/blob/419bdc7ce6956fc88c2b70b3979f170b6666f111/data/uni-211.js
4133011646,宁波大学,2025,重庆市,历史类,普通类本科批,上游参考整理,580,5800,True,https://github.com/Magicdover/China-Universities-2026/blob/419bdc7ce6956fc88c2b70b3979f170b6666f111/data/uni-211.js
4146010589,海南大学,2025,重庆市,物理类,普通类本科批,上游参考整理,560,37000,True,https://github.com/Magicdover/China-Universities-2026/blob/419bdc7ce6956fc88c2b70b3979f170b6666f111/data/uni-211.js
4146010589,海南大学,2025,重庆市,历史类,普通类本科批,上游参考整理,558,8300,True,https://github.com/Magicdover/China-Universities-2026/blob/419bdc7ce6956fc88c2b70b3979f170b6666f111/data/uni-211.js
4142010486,武汉大学,2025,重庆市,物理类,普通类本科批,上游参考整理,650,3500,True,https://github.com/Magicdover/China-Universities-2026/blob/419bdc7ce6956fc88c2b70b3979f170b6666f111/data/universities.js
4142010486,武汉大学,2025,重庆市,历史类,普通类本科批,上游参考整理,633,800,True,https://github.com/Magicdover/China-Universities-2026/blob/419bdc7ce6956fc88c2b70b3979f170b6666f111/data/universities.js
4142010487,华中科技大学,2025,重庆市,物理类,普通类本科批,上游参考整理,652,3200,True,https://github.com/Magicdover/China-Universities-2026/blob/419bdc7ce6956fc88c2b70b3979f170b6666f111/data/universities.js
4142010487,华中科技大学,2025,重庆市,历史类,普通类本科批,上游参考整理,630,950,True,https://github.com/Magicdover/China-Universities-2026/blob/419bdc7ce6956fc88c2b70b3979f170b6666f111/data/universities.js
4142010491,中国地质大学(武汉),2025,重庆市,物理类,普通类本科批,上游参考整理,580,26000,True,https://github.com/Magicdover/China-Universities-2026/blob/419bdc7ce6956fc88c2b70b3979f170b6666f111/data/uni-211.js
4142010497,武汉理工大学,2025,重庆市,物理类,普通类本科批,上游参考整理,595,20000,True,https://github.com/Magicdover/China-Universities-2026/blob/419bdc7ce6956fc88c2b70b3979f170b6666f111/data/uni-211.js
4142010504,华中农业大学,2025,重庆市,物理类,普通类本科批,上游参考整理,585,24000,True,https://github.com/Magicdover/China-Universities-2026/blob/419bdc7ce6956fc88c2b70b3979f170b6666f111/data/uni-special.js
4142010504,华中农业大学,2025,重庆市,历史类,普通类本科批,上游参考整理,580,5800,True,https://github.com/Magicdover/China-Universities-2026/blob/419bdc7ce6956fc88c2b70b3979f170b6666f111/data/uni-special.js
4142010507,湖北中医药大学,2025,重庆市,物理类,普通类本科批,上游参考整理,525,55000,True,https://github.com/Magicdover/China-Universities-2026/blob/419bdc7ce6956fc88c2b70b3979f170b6666f111/data/uni-extra2.js
4142010511,华中师范大学,2025,重庆市,物理类,普通类本科批,上游参考整理,600,17000,True,https://github.com/Magicdover/China-Universities-2026/blob/419bdc7ce6956fc88c2b70b3979f170b6666f111/data/uni-special.js
4142010511,华中师范大学,2025,重庆市,历史类,普通类本科批,上游参考整理,595,3500,True,https://github.com/Magicdover/China-Universities-2026/blob/419bdc7ce6956fc88c2b70b3979f170b6666f111/data/uni-special.js
4142010520,中南财经政法大学,2025,重庆市,物理类,普通类本科批,上游参考整理,600,17000,True,https://github.com/Magicdover/China-Universities-2026/blob/419bdc7ce6956fc88c2b70b3979f170b6666f111/data/uni-special.js
4142010520,中南财经政法大学,2025,重庆市,历史类,普通类本科批,上游参考整理,595,3500,True,https://github.com/Magicdover/China-Universities-2026/blob/419bdc7ce6956fc88c2b70b3979f170b6666f111/data/uni-special.js
4142010524,中南民族大学,2025,重庆市,物理类,普通类本科批,上游参考整理,560,37000,True,https://github.com/Magicdover/China-Universities-2026/blob/419bdc7ce6956fc88c2b70b3979f170b6666f111/data/uni-special.js
4142010524,中南民族大学,2025,重庆市,历史类,普通类本科批,上游参考整理,565,7500,True,https://github.com/Magicdover/China-Universities-2026/blob/419bdc7ce6956fc88c2b70b3979f170b6666f111/data/uni-special.js
4143010530,湘潭大学,2025,重庆市,物理类,普通类本科批,上游参考整理,568,32000,True,https://github.com/Magicdover/China-Universities-2026/blob/419bdc7ce6956fc88c2b70b3979f170b6666f111/data/uni-extra.js
4143010530,湘潭大学,2025,重庆市,历史类,普通类本科批,上游参考整理,570,6800,True,https://github.com/Magicdover/China-Universities-2026/blob/419bdc7ce6956fc88c2b70b3979f170b6666f111/data/uni-extra.js
4143010532,湖南大学,2025,重庆市,物理类,普通类本科批,上游参考整理,618,11000,True,https://github.com/Magicdover/China-Universities-2026/blob/419bdc7ce6956fc88c2b70b3979f170b6666f111/data/universities.js
4143010532,湖南大学,2025,重庆市,历史类,普通类本科批,上游参考整理,610,2000,True,https://github.com/Magicdover/China-Universities-2026/blob/419bdc7ce6956fc88c2b70b3979f170b6666f111/data/universities.js
4143010533,中南大学,2025,重庆市,物理类,普通类本科批,上游参考整理,620,10500,True,https://github.com/Magicdover/China-Universities-2026/blob/419bdc7ce6956fc88c2b70b3979f170b6666f111/data/universities.js
4143010533,中南大学,2025,重庆市,历史类,普通类本科批,上游参考整理,608,2100,True,https://github.com/Magicdover/China-Universities-2026/blob/419bdc7ce6956fc88c2b70b3979f170b6666f111/data/universities.js
4143010542,湖南师范大学,2025,重庆市,物理类,普通类本科批,上游参考整理,585,24000,True,https://github.com/Magicdover/China-Universities-2026/blob/419bdc7ce6956fc88c2b70b3979f170b6666f111/data/uni-special.js
4143010542,湖南师范大学,2025,重庆市,历史类,普通类本科批,上游参考整理,585,5000,True,https://github.com/Magicdover/China-Universities-2026/blob/419bdc7ce6956fc88c2b70b3979f170b6666f111/data/uni-special.js
4162010730,兰州大学,2025,重庆市,物理类,普通类本科批,上游参考整理,595,20000,True,https://github.com/Magicdover/China-Universities-2026/blob/419bdc7ce6956fc88c2b70b3979f170b6666f111/data/universities.js
4162010730,兰州大学,2025,重庆市,历史类,普通类本科批,上游参考整理,590,4000,True,https://github.com/Magicdover/China-Universities-2026/blob/419bdc7ce6956fc88c2b70b3979f170b6666f111/data/universities.js
4135010384,厦门大学,2025,重庆市,物理类,普通类本科批,上游参考整理,635,6500,True,https://github.com/Magicdover/China-Universities-2026/blob/419bdc7ce6956fc88c2b70b3979f170b6666f111/data/universities.js
4135010384,厦门大学,2025,重庆市,历史类,普通类本科批,上游参考整理,628,1200,True,https://github.com/Magicdover/China-Universities-2026/blob/419bdc7ce6956fc88c2b70b3979f170b6666f111/data/universities.js
4135010386,福州大学,2025,重庆市,物理类,普通类本科批,上游参考整理,570,31000,True,https://github.com/Magicdover/China-Universities-2026/blob/419bdc7ce6956fc88c2b70b3979f170b6666f111/data/uni-211.js
4154010694,西藏大学,2025,重庆市,物理类,普通类本科批,上游参考整理,510,62000,True,https://github.com/Magicdover/China-Universities-2026/blob/419bdc7ce6956fc88c2b70b3979f170b6666f111/data/uni-211.js
4154010694,西藏大学,2025,重庆市,历史类,普通类本科批,上游参考整理,515,16000,True,https://github.com/Magicdover/China-Universities-2026/blob/419bdc7ce6956fc88c2b70b3979f170b6666f111/data/uni-211.js
4152010657,贵州大学,2025,重庆市,物理类,普通类本科批,上游参考整理,545,46000,True,https://github.com/Magicdover/China-Universities-2026/blob/419bdc7ce6956fc88c2b70b3979f170b6666f111/data/uni-211.js
4152010657,贵州大学,2025,重庆市,历史类,普通类本科批,上游参考整理,545,9500,True,https://github.com/Magicdover/China-Universities-2026/blob/419bdc7ce6956fc88c2b70b3979f170b6666f111/data/uni-211.js
4121010140,辽宁大学,2025,重庆市,物理类,普通类本科批,上游参考整理,565,34000,True,https://github.com/Magicdover/China-Universities-2026/blob/419bdc7ce6956fc88c2b70b3979f170b6666f111/data/uni-211.js
4121010140,辽宁大学,2025,重庆市,历史类,普通类本科批,上游参考整理,560,8000,True,https://github.com/Magicdover/China-Universities-2026/blob/419bdc7ce6956fc88c2b70b3979f170b6666f111/data/uni-211.js
4121010141,大连理工大学,2025,重庆市,物理类,普通类本科批,上游参考整理,618,11000,True,https://github.com/Magicdover/China-Universities-2026/blob/419bdc7ce6956fc88c2b70b3979f170b6666f111/data/universities.js
4121010141,大连理工大学,2025,重庆市,历史类,普通类本科批,上游参考整理,600,2400,True,https://github.com/Magicdover/China-Universities-2026/blob/419bdc7ce6956fc88c2b70b3979f170b6666f111/data/universities.js
4121010145,东北大学,2025,重庆市,物理类,普通类本科批,上游参考整理,605,16000,True,https://github.com/Magicdover/China-Universities-2026/blob/419bdc7ce6956fc88c2b70b3979f170b6666f111/data/universities.js
4121010145,东北大学,2025,重庆市,历史类,普通类本科批,上游参考整理,592,3500,True,https://github.com/Magicdover/China-Universities-2026/blob/419bdc7ce6956fc88c2b70b3979f170b6666f111/data/universities.js
4121010151,大连海事大学,2025,重庆市,物理类,普通类本科批,上游参考整理,580,26000,True,https://github.com/Magicdover/China-Universities-2026/blob/419bdc7ce6956fc88c2b70b3979f170b6666f111/data/uni-211.js
4121010151,大连海事大学,2025,重庆市,历史类,普通类本科批,上游参考整理,575,6000,True,https://github.com/Magicdover/China-Universities-2026/blob/419bdc7ce6956fc88c2b70b3979f170b6666f111/data/uni-211.js
4121010159,中国医科大学,2025,重庆市,物理类,普通类本科批,上游参考整理,558,39000,True,https://github.com/Magicdover/China-Universities-2026/blob/419bdc7ce6956fc88c2b70b3979f170b6666f111/data/uni-extra2.js
4121010173,东北财经大学,2025,重庆市,物理类,普通类本科批,上游参考整理,585,24000,True,https://github.com/Magicdover/China-Universities-2026/blob/419bdc7ce6956fc88c2b70b3979f170b6666f111/data/uni-special.js
4121010173,东北财经大学,2025,重庆市,历史类,普通类本科批,上游参考整理,585,5000,True,https://github.com/Magicdover/China-Universities-2026/blob/419bdc7ce6956fc88c2b70b3979f170b6666f111/data/uni-special.js
4150010611,重庆大学,2025,重庆市,物理类,普通类本科批,上游参考整理,628,8000,True,https://github.com/Magicdover/China-Universities-2026/blob/419bdc7ce6956fc88c2b70b3979f170b6666f111/data/universities.js
4150010611,重庆大学,2025,重庆市,历史类,普通类本科批,上游参考整理,618,1850,True,https://github.com/Magicdover/China-Universities-2026/blob/419bdc7ce6956fc88c2b70b3979f170b6666f111/data/universities.js
4150010617,重庆邮电大学,2025,重庆市,物理类,普通类本科批,上游参考整理,548,44000,True,https://github.com/Magicdover/China-Universities-2026/blob/419bdc7ce6956fc88c2b70b3979f170b6666f111/data/uni-extra2.js
4150010617,重庆邮电大学,2025,重庆市,历史类,普通类本科批,上游参考整理,545,11500,True,https://github.com/Magicdover/China-Universities-2026/blob/419bdc7ce6956fc88c2b70b3979f170b6666f111/data/uni-extra2.js
4150010631,重庆医科大学,2025,重庆市,物理类,普通类本科批,上游参考整理,560,38000,True,https://github.com/Magicdover/China-Universities-2026/blob/419bdc7ce6956fc88c2b70b3979f170b6666f111/data/uni-extra2.js
4150010635,西南大学,2025,重庆市,物理类,普通类本科批,上游参考整理,590,22000,True,https://github.com/Magicdover/China-Universities-2026/blob/419bdc7ce6956fc88c2b70b3979f170b6666f111/data/uni-211.js
4150010635,西南大学,2025,重庆市,历史类,普通类本科批,上游参考整理,582,5200,True,https://github.com/Magicdover/China-Universities-2026/blob/419bdc7ce6956fc88c2b70b3979f170b6666f111/data/uni-211.js
4150010652,西南政法大学,2025,重庆市,物理类,普通类本科批,上游参考整理,585,24000,True,https://github.com/Magicdover/China-Universities-2026/blob/419bdc7ce6956fc88c2b70b3979f170b6666f111/data/uni-special.js
4150010652,西南政法大学,2025,重庆市,历史类,普通类本科批,上游参考整理,588,4500,True,https://github.com/Magicdover/China-Universities-2026/blob/419bdc7ce6956fc88c2b70b3979f170b6666f111/data/uni-special.js
4161010697,西北大学,2025,重庆市,物理类,普通类本科批,上游参考整理,588,23000,True,https://github.com/Magicdover/China-Universities-2026/blob/419bdc7ce6956fc88c2b70b3979f170b6666f111/data/uni-211.js
4161010697,西北大学,2025,重庆市,历史类,普通类本科批,上游参考整理,582,5200,True,https://github.com/Magicdover/China-Universities-2026/blob/419bdc7ce6956fc88c2b70b3979f170b6666f111/data/uni-211.js
4161010698,西安交通大学,2025,重庆市,物理类,普通类本科批,上游参考整理,655,2900,True,https://github.com/Magicdover/China-Universities-2026/blob/419bdc7ce6956fc88c2b70b3979f170b6666f111/data/universities.js
4161010698,西安交通大学,2025,重庆市,历史类,普通类本科批,上游参考整理,625,1300,True,https://github.com/Magicdover/China-Universities-2026/blob/419bdc7ce6956fc88c2b70b3979f170b6666f111/data/universities.js
4161010699,西北工业大学,2025,重庆市,物理类,普通类本科批,上游参考整理,632,7000,True,https://github.com/Magicdover/China-Universities-2026/blob/419bdc7ce6956fc88c2b70b3979f170b6666f111/data/universities.js
4161010701,西安电子科技大学,2025,重庆市,物理类,普通类本科批,上游参考整理,615,12000,True,https://github.com/Magicdover/China-Universities-2026/blob/419bdc7ce6956fc88c2b70b3979f170b6666f111/data/uni-211.js
4161010710,长安大学,2025,重庆市,物理类,普通类本科批,上游参考整理,575,29000,True,https://github.com/Magicdover/China-Universities-2026/blob/419bdc7ce6956fc88c2b70b3979f170b6666f111/data/uni-211.js
4161010712,西北农林科技大学,2025,重庆市,物理类,普通类本科批,上游参考整理,575,30000,True,https://github.com/Magicdover/China-Universities-2026/blob/419bdc7ce6956fc88c2b70b3979f170b6666f111/data/universities.js
4161010712,西北农林科技大学,2025,重庆市,历史类,普通类本科批,上游参考整理,570,6500,True,https://github.com/Magicdover/China-Universities-2026/blob/419bdc7ce6956fc88c2b70b3979f170b6666f111/data/universities.js
4161010718,陕西师范大学,2025,重庆市,物理类,普通类本科批,上游参考整理,590,22000,True,https://github.com/Magicdover/China-Universities-2026/blob/419bdc7ce6956fc88c2b70b3979f170b6666f111/data/uni-special.js
4161010718,陕西师范大学,2025,重庆市,历史类,普通类本科批,上游参考整理,588,4500,True,https://github.com/Magicdover/China-Universities-2026/blob/419bdc7ce6956fc88c2b70b3979f170b6666f111/data/uni-special.js
4161010726,西北政法大学,2025,重庆市,物理类,普通类本科批,上游参考整理,560,37000,True,https://github.com/Magicdover/China-Universities-2026/blob/419bdc7ce6956fc88c2b70b3979f170b6666f111/data/uni-special.js
4161010726,西北政法大学,2025,重庆市,历史类,普通类本科批,上游参考整理,575,6500,True,https://github.com/Magicdover/China-Universities-2026/blob/419bdc7ce6956fc88c2b70b3979f170b6666f111/data/uni-special.js
4163010743,青海大学,2025,重庆市,物理类,普通类本科批,上游参考整理,520,58000,True,https://github.com/Magicdover/China-Universities-2026/blob/419bdc7ce6956fc88c2b70b3979f170b6666f111/data/uni-211.js
4163010743,青海大学,2025,重庆市,历史类,普通类本科批,上游参考整理,525,14000,True,https://github.com/Magicdover/China-Universities-2026/blob/419bdc7ce6956fc88c2b70b3979f170b6666f111/data/uni-211.js
4123010213,哈尔滨工业大学,2025,重庆市,物理类,普通类本科批,上游参考整理,640,5800,True,https://github.com/Magicdover/China-Universities-2026/blob/419bdc7ce6956fc88c2b70b3979f170b6666f111/data/universities.js
4123010214,哈尔滨理工大学,2025,重庆市,物理类,普通类本科批,上游参考整理,505,63000,True,https://github.com/Magicdover/China-Universities-2026/blob/419bdc7ce6956fc88c2b70b3979f170b6666f111/data/uni-extra2.js
4123010217,哈尔滨工程大学,2025,重庆市,物理类,普通类本科批,上游参考整理,588,23000,True,https://github.com/Magicdover/China-Universities-2026/blob/419bdc7ce6956fc88c2b70b3979f170b6666f111/data/uni-211.js
4123010224,东北农业大学,2025,重庆市,物理类,普通类本科批,上游参考整理,555,40000,True,https://github.com/Magicdover/China-Universities-2026/blob/419bdc7ce6956fc88c2b70b3979f170b6666f111/data/uni-special.js
4123010224,东北农业大学,2025,重庆市,历史类,普通类本科批,上游参考整理,560,8000,True,https://github.com/Magicdover/China-Universities-2026/blob/419bdc7ce6956fc88c2b70b3979f170b6666f111/data/uni-special.js
4123010225,东北林业大学,2025,重庆市,物理类,普通类本科批,上游参考整理,565,34000,True,https://github.com/Magicdover/China-Universities-2026/blob/419bdc7ce6956fc88c2b70b3979f170b6666f111/data/uni-special.js
4123010225,东北林业大学,2025,重庆市,历史类,普通类本科批,上游参考整理,565,7500,True,https://github.com/Magicdover/China-Universities-2026/blob/419bdc7ce6956fc88c2b70b3979f170b6666f111/data/uni-special.js
