school_code,name_zh,name,address,coordinates,basis,source,checked_at
4131010247,同济大学,四平路校区,,,官网简介明确列出的校区；地址/坐标未推断,https://www.tongji.edu.cn/xxgk1/xxjj1.htm,2026-10-01
4131010247,同济大学,嘉定校区,,,官网简介明确列出的校区；地址/坐标未推断,https://www.tongji.edu.cn/xxgk1/xxjj1.htm,2026-10-01
4131010247,同济大学,沪西校区,,,官网简介明确列出的校区；地址/坐标未推断,https://www.tongji.edu.cn/xxgk1/xxjj1.htm,2026-10-01
4131010247,同济大学,沪北校区,,,官网简介明确列出的校区；地址/坐标未推断,https://www.tongji.edu.cn/xxgk1/xxjj1.htm,2026-10-01
4131010251,华东理工大学,徐汇校区,,,官网简介明确列出的校区；地址/坐标未推断,https://www.ecust.edu.cn/587/list.htm,2026-10-01
4131010251,华东理工大学,奉贤校区,,,官网简介明确列出的校区；地址/坐标未推断,https://www.ecust.edu.cn/587/list.htm,2026-10-01
4131010251,华东理工大学,徐汇南校区,,,官网简介明确列出的校区；地址/坐标未推断,https://www.ecust.edu.cn/587/list.htm,2026-10-01
4131010256,上海电力大学,杨浦校区,,,官网简介明确列出的校区；地址/坐标未推断,https://www.shiep.edu.cn/about_suep/list.htm,2026-10-01
4131010256,上海电力大学,浦东校区,,,官网简介明确列出的校区；地址/坐标未推断,https://www.shiep.edu.cn/about_suep/list.htm,2026-10-01
4131010270,上海师范大学,徐汇校区,,,官网简介明确列出的校区；地址/坐标未推断,https://www.shnu.edu.cn/30331/list.htm,2026-10-01
4131010270,上海师范大学,奉贤校区,,,官网简介明确列出的校区；地址/坐标未推断,https://www.shnu.edu.cn/30331/list.htm,2026-10-01
4131010273,上海对外经贸大学,松江校区,,,官网简介明确列出的校区；地址/坐标未推断,https://www.suibe.edu.cn/7299/list.htm,2026-10-01
4131010273,上海对外经贸大学,长宁校区,,,官网简介明确列出的校区；地址/坐标未推断,https://www.suibe.edu.cn/7299/list.htm,2026-10-01
4131010273,上海对外经贸大学,闵行校区,,,官网简介明确列出的校区；地址/坐标未推断,https://www.suibe.edu.cn/7299/list.htm,2026-10-01
4131010276,华东政法大学,松江校区,,,官网简介明确列出的校区；地址/坐标未推断,https://www.ecupl.edu.cn/611/list.htm,2026-10-01
4131010276,华东政法大学,长宁校区,,,官网简介明确列出的校区；地址/坐标未推断,https://www.ecupl.edu.cn/611/list.htm,2026-10-01
4131010276,华东政法大学,普陀校区,,,官网简介明确列出的校区；地址/坐标未推断,https://www.ecupl.edu.cn/611/list.htm,2026-10-01
4131010856,上海工程技术大学,松江校区,主校区）地址：上海市松江区龙腾路333号,,官网简介校区地址明确标注,https://www.sues.edu.cn/26795/list.htm,2026-10-01
4131011458,上海电机学院,临港校区,,,官网简介明确列出的校区；地址/坐标未推断,https://www.sdju.edu.cn/xxjj/list.htm,2026-10-01
4131011458,上海电机学院,闵行校区,,,官网简介明确列出的校区；地址/坐标未推断,https://www.sdju.edu.cn/xxjj/list.htm,2026-10-01
4131012050,上海商学院,奉浦校区,,,官网简介明确列出的校区；地址/坐标未推断,https://www.sbs.edu.cn/,2026-10-01
4131012050,上海商学院,中山西路校区,,,官网简介明确列出的校区；地址/坐标未推断,https://www.sbs.edu.cn/,2026-10-01
4131012050,上海商学院,漕宝路校区,,,官网简介明确列出的校区；地址/坐标未推断,https://www.sbs.edu.cn/,2026-10-01
4131012050,上海商学院,国权路校区,,,官网简介明确列出的校区；地址/坐标未推断,https://www.sbs.edu.cn/,2026-10-01
4153010674,昆明理工大学,呈贡校区,,,官网简介明确列出的校区；地址/坐标未推断,https://www.kmust.edu.cn/xxgk/xxjj.htm,2026-10-01
4153010674,昆明理工大学,莲华校区,,,官网简介明确列出的校区；地址/坐标未推断,https://www.kmust.edu.cn/xxgk/xxjj.htm,2026-10-01
4153010674,昆明理工大学,新迎校区,,,官网简介明确列出的校区；地址/坐标未推断,https://www.kmust.edu.cn/xxgk/xxjj.htm,2026-10-01
4153010679,大理大学,古城校区,,,官网简介明确列出的校区；地址/坐标未推断,https://www.dali.edu.cn/xxgk/xxjj/index.htm,2026-10-01
4153010679,大理大学,下关校区,,,官网简介明确列出的校区；地址/坐标未推断,https://www.dali.edu.cn/xxgk/xxjj/index.htm,2026-10-01
4153010680,云南中医药大学,呈贡校区,,,官网简介明确列出的校区；地址/坐标未推断,https://www.ynucm.edu.cn/xxgk/yzjj.htm,2026-10-01
4153010680,云南中医药大学,白塔校区,,,官网简介明确列出的校区；地址/坐标未推断,https://www.ynucm.edu.cn/xxgk/yzjj.htm,2026-10-01
4153012560,云南经济管理学院,安宁校区,,,官网简介明确列出的校区；地址/坐标未推断,https://www.ynjgy.edu.cn/about/,2026-10-01
4153012560,云南经济管理学院,海源校区,,,官网简介明确列出的校区；地址/坐标未推断,https://www.ynjgy.edu.cn/about/,2026-10-01
4153013326,滇池学院,昆明杨林校区,,,官网简介明确列出的校区；地址/坐标未推断,https://www.dcc.edu.cn/news/article/202607/1783067942143/,2026-10-01
4153013326,滇池学院,昆明阳宗海校区,,,官网简介明确列出的校区；地址/坐标未推断,https://www.dcc.edu.cn/news/article/202607/1783067942143/,2026-10-01
4153013329,昆明理工大学津桥学院,高新校区,,,官网简介明确列出的校区；地址/坐标未推断,https://www.oxbridge.edu.cn/Subject/XYJJ/Index.html,2026-10-01
4153013329,昆明理工大学津桥学院,空港校区,,,官网简介明确列出的校区；地址/坐标未推断,https://www.oxbridge.edu.cn/Subject/XYJJ/Index.html,2026-10-01
4115010128,内蒙古工业大学,新城校区,,,官网简介明确列出的校区；地址/坐标未推断,https://www.imut.edu.cn/xxgl/xxjj1.htm,2026-10-01
4115010128,内蒙古工业大学,金川校区,,,官网简介明确列出的校区；地址/坐标未推断,https://www.imut.edu.cn/xxgl/xxjj1.htm,2026-10-01
4115010128,内蒙古工业大学,准格尔校区,,,官网简介明确列出的校区；地址/坐标未推断,https://www.imut.edu.cn/xxgl/xxjj1.htm,2026-10-01
4115010128,内蒙古工业大学,康巴什校区,,,官网简介明确列出的校区；地址/坐标未推断,https://www.imut.edu.cn/xxgl/xxjj1.htm,2026-10-01
4115010135,内蒙古师范大学,赛罕校区,,,官网简介明确列出的校区；地址/坐标未推断,https://www.imnu.edu.cn/xxgk/xxjj.htm,2026-10-01
4115010135,内蒙古师范大学,盛乐校区,,,官网简介明确列出的校区；地址/坐标未推断,https://www.imnu.edu.cn/xxgk/xxjj.htm,2026-10-01
4115010136,内蒙古民族大学,霍林河校区,,,官网简介明确列出的校区；地址/坐标未推断,https://www.imun.edu.cn/xxgk/xxjj.htm,2026-10-01
4115010136,内蒙古民族大学,西拉木伦校区,,,官网简介明确列出的校区；地址/坐标未推断,https://www.imun.edu.cn/xxgk/xxjj.htm,2026-10-01
4115010871,内蒙古建筑职业技术大学,生态校区,,,官网简介明确列出的校区；地址/坐标未推断,https://www.imaa.edu.cn/xxgk1/xxjj.htm,2026-10-01
4115010871,内蒙古建筑职业技术大学,新华校区,,,官网简介明确列出的校区；地址/坐标未推断,https://www.imaa.edu.cn/xxgk1/xxjj.htm,2026-10-01
4115011427,集宁师范学院,泉山校区,,,官网简介明确列出的校区；地址/坐标未推断,https://www.jnnu.edu.cn/xxjj/xxjj.htm,2026-10-01
4115011427,集宁师范学院,白海校区,,,官网简介明确列出的校区；地址/坐标未推断,https://www.jnnu.edu.cn/xxjj/xxjj.htm,2026-10-01
4115011427,集宁师范学院,虎山校区,,,官网简介明确列出的校区；地址/坐标未推断,https://www.jnnu.edu.cn/xxjj/xxjj.htm,2026-10-01
4115014532,鄂尔多斯应用技术学院,康巴什校区,,,官网简介明确列出的校区；地址/坐标未推断,https://www.oit.edu.cn/xxgk.htm,2026-10-01
4115014532,鄂尔多斯应用技术学院,东胜校区,,,官网简介明确列出的校区；地址/坐标未推断,https://www.oit.edu.cn/xxgk.htm,2026-10-01
4111011232,北京信息科技大学,沙河校区,,,官网简介明确列出的校区；地址/坐标未推断,http://www.bistu.edu.cn/xxgk/dxjj/index.html,2026-10-01
4111011232,北京信息科技大学,小营校区,,,官网简介明确列出的校区；地址/坐标未推断,http://www.bistu.edu.cn/xxgk/dxjj/index.html,2026-10-01
4111011232,北京信息科技大学,金台路校区,,,官网简介明确列出的校区；地址/坐标未推断,http://www.bistu.edu.cn/xxgk/dxjj/index.html,2026-10-01
4111011232,北京信息科技大学,酒仙桥校区,,,官网简介明确列出的校区；地址/坐标未推断,http://www.bistu.edu.cn/xxgk/dxjj/index.html,2026-10-01
4111011232,北京信息科技大学,张家口校区,,,官网简介明确列出的校区；地址/坐标未推断,http://www.bistu.edu.cn/xxgk/dxjj/index.html,2026-10-01
4122010190,长春工业大学,南湖校区,,,官网简介明确列出的校区；地址/坐标未推断,https://www.ccut.edu.cn/gdgl/xxjj.htm,2026-10-01
4122010190,长春工业大学,北湖校区,,,官网简介明确列出的校区；地址/坐标未推断,https://www.ccut.edu.cn/gdgl/xxjj.htm,2026-10-01
4122010208,吉林体育学院,南岭校区,长春市南关区自由大路2476号，130022临河校区：长春市经开区临河街5699号，130033学校电话：0431-85267829学校邮箱：jlsu@jlsu.edu.cn,,官网简介校区地址明确标注,https://www.jlsu.edu.cn/info/1039/1344.htm,2026-10-01
4122010208,吉林体育学院,临河校区,,,官网简介明确列出的校区；地址/坐标未推断,https://www.jlsu.edu.cn/info/1039/1344.htm,2026-10-01
4122011437,长春工程学院,湖东校区,,,官网简介明确列出的校区；地址/坐标未推断,https://www.ccit.edu.cn/xxgk/xxjj.htm,2026-10-01
4122011437,长春工程学院,湖西校区,,,官网简介明确列出的校区；地址/坐标未推断,https://www.ccit.edu.cn/xxgk/xxjj.htm,2026-10-01
4122011439,吉林农业科技学院,九站校区,,,官网简介明确列出的校区；地址/坐标未推断,https://www.jlnku.edu.cn/xxgk/xxjj.htm,2026-10-01
4122011439,吉林农业科技学院,左家校区,,,官网简介明确列出的校区；地址/坐标未推断,https://www.jlnku.edu.cn/xxgk/xxjj.htm,2026-10-01
4122011441,吉林警察学院,净月校区,,,官网简介明确列出的校区；地址/坐标未推断,https://www.jljcxy.edu.cn/jygk/xyjj.htm,2026-10-01
4122011441,吉林警察学院,乐山校区,,,官网简介明确列出的校区；地址/坐标未推断,https://www.jljcxy.edu.cn/jygk/xyjj.htm,2026-10-01
4122013161,长春职业技术大学,卫星校区,,,官网简介明确列出的校区；地址/坐标未推断,https://www.cvit.edu.cn/xxgk/xxjj.htm,2026-10-01
4122013161,长春职业技术大学,龙嘉校区,,,官网简介明确列出的校区；地址/坐标未推断,https://www.cvit.edu.cn/xxgk/xxjj.htm,2026-10-01
4122013161,长春职业技术大学,世纪校区,,,官网简介明确列出的校区；地址/坐标未推断,https://www.cvit.edu.cn/xxgk/xxjj.htm,2026-10-01
4122013605,长春建筑学院,奢岭校区,,,官网简介明确列出的校区；地址/坐标未推断,http://www.jladi.com/675/list.htm,2026-10-01
4122013605,长春建筑学院,高新校区,,,官网简介明确列出的校区；地址/坐标未推断,http://www.jladi.com/675/list.htm,2026-10-01
4122013623,长春大学旅游学院,奢岭校区,,,官网简介明确列出的校区；地址/坐标未推断,https://www.tccu.edu.cn/1090/list.htm,2026-10-01
4122013623,长春大学旅游学院,净月校区,,,官网简介明确列出的校区；地址/坐标未推断,https://www.tccu.edu.cn/1090/list.htm,2026-10-01
4151010610,四川大学,望江校区,,,官网简介明确列出的校区；地址/坐标未推断,https://www.scu.edu.cn/xxgk/xxjj.htm,2026-10-01
4151010610,四川大学,华西校区,,,官网简介明确列出的校区；地址/坐标未推断,https://www.scu.edu.cn/xxgk/xxjj.htm,2026-10-01
4151010610,四川大学,江安校区,,,官网简介明确列出的校区；地址/坐标未推断,https://www.scu.edu.cn/xxgk/xxjj.htm,2026-10-01
4151010610,四川大学,眉山校区,,,官网简介明确列出的校区；地址/坐标未推断,https://www.scu.edu.cn/xxgk/xxjj.htm,2026-10-01
4151010614,电子科技大学,清水河校区,,,官网简介明确列出的校区；地址/坐标未推断,https://www.uestc.edu.cn/xxgk/xxjj.htm,2026-10-01
4151010614,电子科技大学,沙河校区,,,官网简介明确列出的校区；地址/坐标未推断,https://www.uestc.edu.cn/xxgk/xxjj.htm,2026-10-01
4151010614,电子科技大学,九里堤校区,,,官网简介明确列出的校区；地址/坐标未推断,https://www.uestc.edu.cn/xxgk/xxjj.htm,2026-10-01
4151010621,成都信息工程大学,航空港校区,,,官网简介明确列出的校区；地址/坐标未推断,https://www.cuit.edu.cn/xygk/xxjj.htm,2026-10-01
4151010621,成都信息工程大学,龙泉校区,,,官网简介明确列出的校区；地址/坐标未推断,https://www.cuit.edu.cn/xygk/xxjj.htm,2026-10-01
4151010622,四川轻化工大学,李白河校区,,,官网简介明确列出的校区；地址/坐标未推断,https://www.suse.edu.cn/14/list.htm,2026-10-01
4151010622,四川轻化工大学,汇东校区,,,官网简介明确列出的校区；地址/坐标未推断,https://www.suse.edu.cn/14/list.htm,2026-10-01
4151010622,四川轻化工大学,宜宾校区,,,官网简介明确列出的校区；地址/坐标未推断,https://www.suse.edu.cn/14/list.htm,2026-10-01
4151010622,四川轻化工大学,黄岭校区,,,官网简介明确列出的校区；地址/坐标未推断,https://www.suse.edu.cn/14/list.htm,2026-10-01
4151010632,西南医科大学,忠山校区,,,官网简介明确列出的校区；地址/坐标未推断,https://www.swmu.edu.cn/xqzl/xxgk.htm,2026-10-01
4151010632,西南医科大学,城北校区,,,官网简介明确列出的校区；地址/坐标未推断,https://www.swmu.edu.cn/xqzl/xxgk.htm,2026-10-01
4151010636,四川师范大学,狮子山校区,,,官网简介明确列出的校区；地址/坐标未推断,https://www.sicnu.edu.cn/xxgk/sdjj.htm,2026-10-01
4151010636,四川师范大学,成龙校区,,,官网简介明确列出的校区；地址/坐标未推断,https://www.sicnu.edu.cn/xxgk/sdjj.htm,2026-10-01
4151010636,四川师范大学,遂宁校区,,,官网简介明确列出的校区；地址/坐标未推断,https://www.sicnu.edu.cn/xxgk/sdjj.htm,2026-10-01
4151010638,西华师范大学,行署校区,,,官网简介明确列出的校区；地址/坐标未推断,https://www.cwnu.edu.cn/xxgk/xxjj.htm,2026-10-01
4151010638,西华师范大学,华凤校区,,,官网简介明确列出的校区；地址/坐标未推断,https://www.cwnu.edu.cn/xxgk/xxjj.htm,2026-10-01
4151010644,四川文理学院,莲湖校区,,,官网简介明确列出的校区；地址/坐标未推断,https://www.sasu.edu.cn/xxgk/xxjj.htm,2026-10-01
4151010644,四川文理学院,南坝校区,,,官网简介明确列出的校区；地址/坐标未推断,https://www.sasu.edu.cn/xxgk/xxjj.htm,2026-10-01
4151010651,西南财经大学,光华校区,,,官网简介明确列出的校区；地址/坐标未推断,http://www.swufe.edu.cn/xxgk/xxjj.htm,2026-10-01
4151010651,西南财经大学,柳林校区,,,官网简介明确列出的校区；地址/坐标未推断,http://www.swufe.edu.cn/xxgk/xxjj.htm,2026-10-01
4151011553,成都轻工职业技术大学,犀浦校区,,,官网简介明确列出的校区；地址/坐标未推断,https://www.cdqg.edu.cn/xxgk/xxjj.htm,2026-10-01
4151011553,成都轻工职业技术大学,邛崃产教园区校区,,,官网简介明确列出的校区；地址/坐标未推断,https://www.cdqg.edu.cn/xxgk/xxjj.htm,2026-10-01
4151012064,成都航空职业技术大学,龙泉驿校区,,,官网简介明确列出的校区；地址/坐标未推断,https://www.cap.edu.cn/xxgk1/xxjj1.htm,2026-10-01
4151012064,成都航空职业技术大学,新都校区,,,官网简介明确列出的校区；地址/坐标未推断,https://www.cap.edu.cn/xxgk1/xxjj1.htm,2026-10-01
4151013670,成都银杏酒店管理学院,成都校区,,,官网简介明确列出的校区；地址/坐标未推断,https://www.gingkoc.edu.cn/news-lists-id-10.html,2026-10-01
4151013670,成都银杏酒店管理学院,宜宾校区,,,官网简介明确列出的校区；地址/坐标未推断,https://www.gingkoc.edu.cn/news-lists-id-10.html,2026-10-01
4151013673,成都外国语学院,成都校区,,,官网简介明确列出的校区；地址/坐标未推断,https://www.cdisu.edu.cn/pages-view/intro/,2026-10-01
4151013673,成都外国语学院,宜宾校区,,,官网简介明确列出的校区；地址/坐标未推断,https://www.cdisu.edu.cn/pages-view/intro/,2026-10-01
4151014043,四川文化艺术学院,绵阳校区,,,官网简介明确列出的校区；地址/坐标未推断,https://www.sca.edu.cn/p/3/,2026-10-01
4151014043,四川文化艺术学院,梓潼校区,,,官网简介明确列出的校区；地址/坐标未推断,https://www.sca.edu.cn/p/3/,2026-10-01
4151014045,绵阳城市学院,安州校区,,,官网简介明确列出的校区；地址/坐标未推断,https://www.mycc.edu.cn/xcgk/xxjj.htm,2026-10-01
4151014045,绵阳城市学院,游仙校区,,,官网简介明确列出的校区；地址/坐标未推断,https://www.mycc.edu.cn/xcgk/xxjj.htm,2026-10-01
4151014410,四川电影电视学院,金牛校区,,,官网简介明确列出的校区；地址/坐标未推断,https://www.scftvc.com/xxgk.htm,2026-10-01
4151014410,四川电影电视学院,安仁校区,,,官网简介明确列出的校区；地址/坐标未推断,https://www.scftvc.com/xxgk.htm,2026-10-01
4112010057,天津科技大学,河西校区,天津市河西区大沽南路1038号,,官网简介校区地址明确标注,http://www.tust.edu.cn/xxgk/xxgk.html,2026-10-01
4112010061,天津农学院,蓟州校区,盘山地块）：蓟州区蓟莲路4号,,官网简介校区地址明确标注,https://www.tjau.edu.cn/xxgk/xxjj.htm,2026-10-01
4112010068,天津外国语大学,五大道校区,,,官网简介明确列出的校区；地址/坐标未推断,https://www.tjfsu.edu.cn/8/list.htm,2026-10-01
4112010068,天津外国语大学,滨海校区,,,官网简介明确列出的校区；地址/坐标未推断,https://www.tjfsu.edu.cn/8/list.htm,2026-10-01
4112010073,天津美术学院,天纬路校区,,,官网简介明确列出的校区；地址/坐标未推断,https://www.tjarts.edu.cn/xxgk1/xxjj.htm,2026-10-01
4112010073,天津美术学院,志成路校区,,,官网简介明确列出的校区；地址/坐标未推断,https://www.tjarts.edu.cn/xxgk1/xxjj.htm,2026-10-01
4164010753,宁夏师范大学,古雁校区,,,官网简介明确列出的校区；地址/坐标未推断,https://www.nxnu.edu.cn/xxgk/xxjj.htm,2026-10-01
4164010753,宁夏师范大学,文苑校区,,,官网简介明确列出的校区；地址/坐标未推断,https://www.nxnu.edu.cn/xxgk/xxjj.htm,2026-10-01
4164013820,银川能源学院,王太校区,,,官网简介明确列出的校区；地址/坐标未推断,https://www.ycu.com.cn/list/9614.html,2026-10-01
4164013820,银川能源学院,滨河校区,,,官网简介明确列出的校区；地址/坐标未推断,https://www.ycu.com.cn/list/9614.html,2026-10-01
4134010360,安徽工业大学,佳山校区,,,官网简介明确列出的校区；地址/坐标未推断,https://www.ahut.edu.cn/xxgk/xxjj.htm,2026-10-01
4134010360,安徽工业大学,秀山校区,,,官网简介明确列出的校区；地址/坐标未推断,https://www.ahut.edu.cn/xxgk/xxjj.htm,2026-10-01
4134010361,安徽理工大学,淮南校区,,,官网简介明确列出的校区；地址/坐标未推断,https://www.aust.edu.cn/xxgk/xxjj.htm,2026-10-01
4134010361,安徽理工大学,合肥校区,,,官网简介明确列出的校区；地址/坐标未推断,https://www.aust.edu.cn/xxgk/xxjj.htm,2026-10-01
4134010372,安庆师范大学,龙山校区,,,官网简介明确列出的校区；地址/坐标未推断,https://www.aqnu.edu.cn/xxgklm/xxjj.htm,2026-10-01
4134010372,安庆师范大学,菱湖校区,,,官网简介明确列出的校区；地址/坐标未推断,https://www.aqnu.edu.cn/xxgklm/xxjj.htm,2026-10-01
4134010373,淮北师范大学,相山校区,,,官网简介明确列出的校区；地址/坐标未推断,https://www.chnu.edu.cn/abutus/xxjj,2026-10-01
4134010373,淮北师范大学,滨湖校区,,,官网简介明确列出的校区；地址/坐标未推断,https://www.chnu.edu.cn/abutus/xxjj,2026-10-01
4134010375,黄山学院,横江校区,,,官网简介明确列出的校区；地址/坐标未推断,https://www.hsu.edu.cn/5/list.htm,2026-10-01
4134010375,黄山学院,率水校区,,,官网简介明确列出的校区；地址/坐标未推断,https://www.hsu.edu.cn/5/list.htm,2026-10-01
4134010379,宿州学院,教育园区校区,,,官网简介明确列出的校区；地址/坐标未推断,https://www.ahszu.edu.cn/xygk/xxjj.htm,2026-10-01
4134010379,宿州学院,汴河路校区,,,官网简介明确列出的校区；地址/坐标未推断,https://www.ahszu.edu.cn/xygk/xxjj.htm,2026-10-01
4134010878,安徽建筑大学,紫云路校区,合肥市经开区紫云路292号,,官网简介校区地址明确标注,https://www.ahjzu.edu.cn/14647/list.htm,2026-10-01
4134010878,安徽建筑大学,金寨路校区,合肥市包河区金寨路856号,,官网简介校区地址明确标注,https://www.ahjzu.edu.cn/14647/list.htm,2026-10-01
4134014098,合肥师范学院,锦绣校区,,,官网简介明确列出的校区；地址/坐标未推断,https://www.hfnu.edu.cn/xygk/xyjj.htm,2026-10-01
4134014098,合肥师范学院,滨湖校区,,,官网简介明确列出的校区；地址/坐标未推断,https://www.hfnu.edu.cn/xygk/xyjj.htm,2026-10-01
4134014098,合肥师范学院,三孝口校区,,,官网简介明确列出的校区；地址/坐标未推断,https://www.hfnu.edu.cn/xygk/xyjj.htm,2026-10-01
4137010438,山东第二医科大学,浮烟山校区,,,官网简介明确列出的校区；地址/坐标未推断,https://www.sdsmu.edu.cn/4227/list.htm,2026-10-01
4137010438,山东第二医科大学,虞河校区,,,官网简介明确列出的校区；地址/坐标未推断,https://www.sdsmu.edu.cn/4227/list.htm,2026-10-01
4137010440,山东医药大学,烟台校区,,,官网简介明确列出的校区；地址/坐标未推断,https://www.sdmpu.edu.cn/1776/list.htm,2026-10-01
4137010440,山东医药大学,滨州校区,,,官网简介明确列出的校区；地址/坐标未推断,https://www.sdmpu.edu.cn/1776/list.htm,2026-10-01
4137010445,山东师范大学,千佛山校区,,,官网简介明确列出的校区；地址/坐标未推断,http://www.sdnu.edu.cn/overview/introduction.htm,2026-10-01
4137010445,山东师范大学,长清湖校区,,,官网简介明确列出的校区；地址/坐标未推断,http://www.sdnu.edu.cn/overview/introduction.htm,2026-10-01
4137010456,山东财经大学,燕山校区,,,官网简介明确列出的校区；地址/坐标未推断,https://www.sdufe.edu.cn/xxgk_/xxjj.htm,2026-10-01
4137010456,山东财经大学,舜耕校区,,,官网简介明确列出的校区；地址/坐标未推断,https://www.sdufe.edu.cn/xxgk_/xxjj.htm,2026-10-01
4137010456,山东财经大学,圣井校区,,,官网简介明确列出的校区；地址/坐标未推断,https://www.sdufe.edu.cn/xxgk_/xxjj.htm,2026-10-01
4137010457,山东体育学院,济南校区,,,官网简介明确列出的校区；地址/坐标未推断,https://www.sdpei.edu.cn/385/list.htm,2026-10-01
4137010457,山东体育学院,日照校区,,,官网简介明确列出的校区；地址/坐标未推断,https://www.sdpei.edu.cn/385/list.htm,2026-10-01
4137010458,山东艺术学院,文东校区,,,官网简介明确列出的校区；地址/坐标未推断,https://www.sdca.edu.cn/sygk/xxjj.htm,2026-10-01
4137010458,山东艺术学院,长清校区,,,官网简介明确列出的校区；地址/坐标未推断,https://www.sdca.edu.cn/sygk/xxjj.htm,2026-10-01
4137010904,枣庄学院,市中校区,,,官网简介明确列出的校区；地址/坐标未推断,https://www.uzz.edu.cn/xxgk/xxjj.htm,2026-10-01
4137010904,枣庄学院,薛城校区,,,官网简介明确列出的校区；地址/坐标未推断,https://www.uzz.edu.cn/xxgk/xxjj.htm,2026-10-01
4137011065,青岛大学,浮山校区,,,官网简介明确列出的校区；地址/坐标未推断,https://www.qdu.edu.cn/xxgk/xxjj.htm,2026-10-01
4137011065,青岛大学,金家岭校区,,,官网简介明确列出的校区；地址/坐标未推断,https://www.qdu.edu.cn/xxgk/xxjj.htm,2026-10-01
4137011065,青岛大学,松山校区,,,官网简介明确列出的校区；地址/坐标未推断,https://www.qdu.edu.cn/xxgk/xxjj.htm,2026-10-01
4137011066,烟台大学,八角湾校区,,,官网简介明确列出的校区；地址/坐标未推断,https://www.ytu.edu.cn/xxgk/xxjj.htm,2026-10-01
4137011324,山东警察学院,明水校区,,,官网简介明确列出的校区；地址/坐标未推断,https://www.sdpc.edu.cn/xxgk/xxjj.htm,2026-10-01
4137011324,山东警察学院,文化东路校区,,,官网简介明确列出的校区；地址/坐标未推断,https://www.sdpc.edu.cn/xxgk/xxjj.htm,2026-10-01
4137012332,烟台南山学院,东海校区,,,官网简介明确列出的校区；地址/坐标未推断,https://www.nanshan.edu.cn/xuexiaogk/xxjj.htm,2026-10-01
4137012332,烟台南山学院,南山校区,,,官网简介明确列出的校区；地址/坐标未推断,https://www.nanshan.edu.cn/xuexiaogk/xxjj.htm,2026-10-01
4137012819,山东科技职业大学,浮烟山校区,,,官网简介明确列出的校区；地址/坐标未推断,https://www.sdvcst.edu.cn/xxgk/xxjj.htm,2026-10-01
4137012819,山东科技职业大学,滨海校区,,,官网简介明确列出的校区；地址/坐标未推断,https://www.sdvcst.edu.cn/xxgk/xxjj.htm,2026-10-01
4137013324,山东协和学院,郭店校区,,,官网简介明确列出的校区；地址/坐标未推断,https://www.sdxiehe.com/home/view.php?id=148749,2026-10-01
4137013324,山东协和学院,遥墙校区,,,官网简介明确列出的校区；地址/坐标未推断,https://www.sdxiehe.com/home/view.php?id=148749,2026-10-01
4137014276,齐鲁师范学院,历下校区,,,官网简介明确列出的校区；地址/坐标未推断,https://www.qlnu.edu.cn/xxgk/xxjj.htm,2026-10-01
4137014276,齐鲁师范学院,章丘校区,,,官网简介明确列出的校区；地址/坐标未推断,https://www.qlnu.edu.cn/xxgk/xxjj.htm,2026-10-01
4137014439,山东农业工程学院,济南校区,,,官网简介明确列出的校区；地址/坐标未推断,https://www.sdaeu.edu.cn/xxgk/xxjj.htm,2026-10-01
4137014439,山东农业工程学院,淄博校区,,,官网简介明确列出的校区；地址/坐标未推断,https://www.sdaeu.edu.cn/xxgk/xxjj.htm,2026-10-01
4114010108,山西大学,坞城校区,,,官网简介明确列出的校区；地址/坐标未推断,https://www.sxu.edu.cn/xxgk/xxjj/index.html,2026-10-01
4114010108,山西大学,东山校区,,,官网简介明确列出的校区；地址/坐标未推断,https://www.sxu.edu.cn/xxgk/xxjj/index.html,2026-10-01
4114010108,山西大学,大东关校区,,,官网简介明确列出的校区；地址/坐标未推断,https://www.sxu.edu.cn/xxgk/xxjj/index.html,2026-10-01
4114010108,山西大学,大同校区,,,官网简介明确列出的校区；地址/坐标未推断,https://www.sxu.edu.cn/xxgk/xxjj/index.html,2026-10-01
4114010112,太原理工大学,明向校区,,,官网简介明确列出的校区；地址/坐标未推断,https://www.tyut.edu.cn/xxgk1/xxjj.htm,2026-10-01
4114010112,太原理工大学,迎西校区,,,官网简介明确列出的校区；地址/坐标未推断,https://www.tyut.edu.cn/xxgk1/xxjj.htm,2026-10-01
4114010112,太原理工大学,虎峪校区,,,官网简介明确列出的校区；地址/坐标未推断,https://www.tyut.edu.cn/xxgk1/xxjj.htm,2026-10-01
4114010112,太原理工大学,柏林校区,,,官网简介明确列出的校区；地址/坐标未推断,https://www.tyut.edu.cn/xxgk1/xxjj.htm,2026-10-01
4114010113,山西农业大学,太谷校区,,,官网简介明确列出的校区；地址/坐标未推断,https://www.sxau.edu.cn/xxgk2/xxjj.htm,2026-10-01
4114010113,山西农业大学,太原龙城校区,,,官网简介明确列出的校区；地址/坐标未推断,https://www.sxau.edu.cn/xxgk2/xxjj.htm,2026-10-01
4114010117,长治医学院,校本部校区,,,官网简介明确列出的校区；地址/坐标未推断,http://www.czmc.edu.cn/xygk/xyjj.htm,2026-10-01
4114010117,长治医学院,五龙校区,,,官网简介明确列出的校区；地址/坐标未推断,http://www.czmc.edu.cn/xygk/xyjj.htm,2026-10-01
4114010809,山西中医药大学,太原校区,,,官网简介明确列出的校区；地址/坐标未推断,https://www.sxtcm.edu.cn/xxgk/xxjj.htm,2026-10-01
4114010809,山西中医药大学,晋中校区,,,官网简介明确列出的校区；地址/坐标未推断,https://www.sxtcm.edu.cn/xxgk/xxjj.htm,2026-10-01
4114010812,吕梁学院,交口分院校区,,,官网简介明确列出的校区；地址/坐标未推断,https://www.llu.edu.cn/xxgk/xyjj.htm,2026-10-01
4114013691,山西工商学院,龙城校区,,,官网简介明确列出的校区；地址/坐标未推断,https://www.sxtbu.edu.cn/2017/article_ny/?1986919282912.html,2026-10-01
4114013691,山西工商学院,北格校区,,,官网简介明确列出的校区；地址/坐标未推断,https://www.sxtbu.edu.cn/2017/article_ny/?1986919282912.html,2026-10-01
4114014434,山西传媒学院,文华校区,,,官网简介明确列出的校区；地址/坐标未推断,https://www.cusx.edu.cn/xxgk/xyjj.htm,2026-10-01
4114014434,山西传媒学院,东华校区,,,官网简介明确列出的校区；地址/坐标未推断,https://www.cusx.edu.cn/xxgk/xyjj.htm,2026-10-01
4114014898,山西医药学院,汾阳校区,,,官网简介明确列出的校区；地址/坐标未推断,https://www.sxum.edu.cn/info/1016/19317.htm,2026-10-01
4114014898,山西医药学院,孝义校区,,,官网简介明确列出的校区；地址/坐标未推断,https://www.sxum.edu.cn/info/1016/19317.htm,2026-10-01
4144010558,中山大学,广州校区,,,官网简介明确列出的校区，校园与校区层级分开；地址/坐标未推断,https://www.sysu.edu.cn/xxg/zdjj1.htm,2026-10-01
4144010558,中山大学,珠海校区,,,官网简介明确列出的校区，校园与校区层级分开；地址/坐标未推断,https://www.sysu.edu.cn/xxg/zdjj1.htm,2026-10-01
4144010558,中山大学,深圳校区,,,官网简介明确列出的校区，校园与校区层级分开；地址/坐标未推断,https://www.sysu.edu.cn/xxg/zdjj1.htm,2026-10-01
4144010566,广东海洋大学,湛江市的湖光校区,校本部，麻章区海大路1号）、霞山校区（霞山区解放东路40号）、海滨校区（霞山区海滨大道中5号）三个校区占地面积约4800亩，其中湖光校区坐落于国家AAAA级旅游景区湖光岩世界地质公,,官网简介校区地址明确标注,https://www.gdou.edu.cn/xxgk/xxjj.htm,2026-10-01
4144010566,广东海洋大学,阳江市的阳江校区,江城区罗琴路1号）西靠阳江八景之一的罗琴山，南临风景优美的罗琴湖,,官网简介校区地址明确标注,https://www.gdou.edu.cn/xxgk/xxjj.htm,2026-10-01
4144010572,广州中医药大学,三元里校区,,,官网简介明确列出的校区；地址/坐标未推断,http://www.gzucm.edu.cn/xxgk/xxjj.htm,2026-10-01
4144010572,广州中医药大学,大学城校区,广州市番禺区大学城外环东路232号,,官网简介校区地址明确标注,http://www.gzucm.edu.cn/xxgk/xxjj.htm,2026-10-01
4144010592,广东财经大学,广州校区,,,官网简介明确列出的校区；地址/坐标未推断,https://www.gdufe.edu.cn/xxgk/list.htm,2026-10-01
4144010592,广东财经大学,佛山校区,,,官网简介明确列出的校区；地址/坐标未推断,https://www.gdufe.edu.cn/xxgk/list.htm,2026-10-01
4144011078,广州大学,桂花岗校区,,,官网简介明确列出的校区；地址/坐标未推断,http://www.gzhu.edu.cn/xxgk/xxjj.htm,2026-10-01
4144011078,广州大学,黄埔校区,,,官网简介明确列出的校区；地址/坐标未推断,http://www.gzhu.edu.cn/xxgk/xxjj.htm,2026-10-01
4144011106,广州航海学院,黄埔校区,,,官网简介明确列出的校区；地址/坐标未推断,https://www.gzmtu.edu.cn/xxgk.htm,2026-10-01
4144011106,广州航海学院,琶洲校区,,,官网简介明确列出的校区；地址/坐标未推断,https://www.gzmtu.edu.cn/xxgk.htm,2026-10-01
4144011113,深圳职业技术大学,西丽校区,,,官网简介明确列出的校区；地址/坐标未推断,https://www.szpu.edu.cn/xxgk/xxjj.htm,2026-10-01
4144011113,深圳职业技术大学,香蜜校区,,,官网简介明确列出的校区；地址/坐标未推断,https://www.szpu.edu.cn/xxgk/xxjj.htm,2026-10-01
4144011113,深圳职业技术大学,深汕校区,,,官网简介明确列出的校区；地址/坐标未推断,https://www.szpu.edu.cn/xxgk/xxjj.htm,2026-10-01
4144011540,广东金融学院,广州校本部校区,,,官网简介明确列出的校区；地址/坐标未推断,https://www.gduf.edu.cn/xygk/gjjj.htm,2026-10-01
4144011540,广东金融学院,肇庆校区,,,官网简介明确列出的校区；地址/坐标未推断,https://www.gduf.edu.cn/xygk/gjjj.htm,2026-10-01
4144011540,广东金融学院,清远校区,,,官网简介明确列出的校区；地址/坐标未推断,https://www.gduf.edu.cn/xygk/gjjj.htm,2026-10-01
4144011819,东莞理工学院,松山湖校区,,,官网简介明确列出的校区；地址/坐标未推断,https://www.dgut.edu.cn/info/1012/76772.htm,2026-10-01
4144011819,东莞理工学院,莞城校区,,,官网简介明确列出的校区；地址/坐标未推断,https://www.dgut.edu.cn/info/1012/76772.htm,2026-10-01
4144012046,广州职业技术大学,青山湖校区,,,官网简介明确列出的校区；地址/坐标未推断,https://www.gzpyp.edu.cn/xxgk/xxjj,2026-10-01
4144012046,广州职业技术大学,元岗校区,,,官网简介明确列出的校区；地址/坐标未推断,https://www.gzpyp.edu.cn/xxgk/xxjj,2026-10-01
4144012121,南方医科大学,广州校区,,,官网简介明确列出的校区；地址/坐标未推断,https://www.smu.edu.cn/xygk/xxjj.htm,2026-10-01
4144012121,南方医科大学,顺德校区,,,官网简介明确列出的校区；地址/坐标未推断,https://www.smu.edu.cn/xygk/xxjj.htm,2026-10-01
4144012618,广州软件学院,广州校区,,,官网简介明确列出的校区；地址/坐标未推断,https://www.gzus.edu.cn/xxgk/xxjj.htm,2026-10-01
4144012618,广州软件学院,江门校区,,,官网简介明确列出的校区；地址/坐标未推断,https://www.gzus.edu.cn/xxgk/xxjj.htm,2026-10-01
4144012622,湛江科技学院,现有麻章校区,,,官网简介明确列出的校区；地址/坐标未推断,https://www.zjkju.edu.cn/xxgk1/xxjj.htm,2026-10-01
4144012622,湛江科技学院,新湖校区,,,官网简介明确列出的校区；地址/坐标未推断,https://www.zjkju.edu.cn/xxgk1/xxjj.htm,2026-10-01
4144012668,广州理工学院,广州市白云区校区,,,官网简介明确列出的校区；地址/坐标未推断,https://www.gzist.edu.cn/xxgk/xxjj.htm,2026-10-01
4144012668,广州理工学院,广州市增城区校区,,,官网简介明确列出的校区；地址/坐标未推断,https://www.gzist.edu.cn/xxgk/xxjj.htm,2026-10-01
4144012668,广州理工学院,惠州市博罗县校区,,,官网简介明确列出的校区；地址/坐标未推断,https://www.gzist.edu.cn/xxgk/xxjj.htm,2026-10-01
4144013656,广州华立学院,广州增城校区,,,官网简介明确列出的校区；地址/坐标未推断,https://www.hualixy.edu.cn/,2026-10-01
4144013656,广州华立学院,江门银湖湾校区,,,官网简介明确列出的校区；地址/坐标未推断,https://www.hualixy.edu.cn/,2026-10-01
4144013714,广州工商学院,花都校区,,,官网简介明确列出的校区；地址/坐标未推断,https://www.gzgs.edu.cn/xxgk/xxjj.htm,2026-10-01
4144013714,广州工商学院,三水校区,,,官网简介明确列出的校区；地址/坐标未推断,https://www.gzgs.edu.cn/xxgk/xxjj.htm,2026-10-01
4144013719,广东科技学院,南城校区,,,官网简介明确列出的校区；地址/坐标未推断,https://www.gdust.edu.cn/article/20160707/697.html,2026-10-01
4144013719,广东科技学院,松山湖校区,,,官网简介明确列出的校区；地址/坐标未推断,https://www.gdust.edu.cn/article/20160707/697.html,2026-10-01
4144013721,广东工商职业技术大学,星湖校区,,,官网简介明确列出的校区；地址/坐标未推断,https://www.gdbtu.edu.cn/contents/257/34.html,2026-10-01
4144013721,广东工商职业技术大学,大旺校区,,,官网简介明确列出的校区；地址/坐标未推断,https://www.gdbtu.edu.cn/contents/257/34.html,2026-10-01
4144013810,肇庆医学院,新区校区,,,官网简介明确列出的校区；地址/坐标未推断,https://www.zqmc.edu.cn/xxgk.htm,2026-10-01
4144013810,肇庆医学院,鼎湖校区,,,官网简介明确列出的校区；地址/坐标未推断,https://www.zqmc.edu.cn/xxgk.htm,2026-10-01
4144013810,肇庆医学院,端州校区,,,官网简介明确列出的校区；地址/坐标未推断,https://www.zqmc.edu.cn/xxgk.htm,2026-10-01
4144014278,广东第二师范学院,海珠校区,,,官网简介明确列出的校区；地址/坐标未推断,https://www.gdei.edu.cn/3952/list.htm,2026-10-01
4144014278,广东第二师范学院,花都校区,,,官网简介明确列出的校区；地址/坐标未推断,https://www.gdei.edu.cn/3952/list.htm,2026-10-01
4145010594,广西科技大学,文昌校区,,,官网简介明确列出的校区；地址/坐标未推断,https://www.gxust.edu.cn/xxgkuang/xxjj.htm,2026-10-01
4145010594,广西科技大学,柳石校区,,,官网简介明确列出的校区；地址/坐标未推断,https://www.gxust.edu.cn/xxgkuang/xxjj.htm,2026-10-01
4145010594,广西科技大学,柳东校区,,,官网简介明确列出的校区；地址/坐标未推断,https://www.gxust.edu.cn/xxgkuang/xxjj.htm,2026-10-01
4145010596,桂林理工大学,桂林屏风校区,,,官网简介明确列出的校区；地址/坐标未推断,https://www.glut.edu.cn/xxgk/xxjj.htm,2026-10-01
4145010596,桂林理工大学,桂林雁山校区,,,官网简介明确列出的校区；地址/坐标未推断,https://www.glut.edu.cn/xxgk/xxjj.htm,2026-10-01
4145010596,桂林理工大学,南宁安吉校区,,,官网简介明确列出的校区；地址/坐标未推断,https://www.glut.edu.cn/xxgk/xxjj.htm,2026-10-01
4145010596,桂林理工大学,南宁空港校区,,,官网简介明确列出的校区；地址/坐标未推断,https://www.glut.edu.cn/xxgk/xxjj.htm,2026-10-01
4145010600,广西中医药大学,仙葫校区,,,官网简介明确列出的校区；地址/坐标未推断,https://www.gxtcmu.edu.cn/xxgk/xxjj,2026-10-01
4145010600,广西中医药大学,明秀校区,,,官网简介明确列出的校区；地址/坐标未推断,https://www.gxtcmu.edu.cn/xxgk/xxjj,2026-10-01
4145010601,桂林医科大学,临桂校区,,,官网简介明确列出的校区；地址/坐标未推断,https://www.glmu.edu.cn/gygk/xxjs.htm,2026-10-01
4145010601,桂林医科大学,东城校区,,,官网简介明确列出的校区；地址/坐标未推断,https://www.glmu.edu.cn/gygk/xxjs.htm,2026-10-01
4145010601,桂林医科大学,乐群校区,,,官网简介明确列出的校区；地址/坐标未推断,https://www.glmu.edu.cn/gygk/xxjs.htm,2026-10-01
4145010603,南宁师范大学,明秀校区,,,官网简介明确列出的校区；地址/坐标未推断,https://www.nnnu.edu.cn/xxgk/xxjj.htm,2026-10-01
4145010603,南宁师范大学,长堽校区,,,官网简介明确列出的校区；地址/坐标未推断,https://www.nnnu.edu.cn/xxgk/xxjj.htm,2026-10-01
4145010603,南宁师范大学,五合校区,,,官网简介明确列出的校区；地址/坐标未推断,https://www.nnnu.edu.cn/xxgk/xxjj.htm,2026-10-01
4145010603,南宁师范大学,武鸣校区,,,官网简介明确列出的校区；地址/坐标未推断,https://www.nnnu.edu.cn/xxgk/xxjj.htm,2026-10-01
4145010603,南宁师范大学,建政校区,,,官网简介明确列出的校区；地址/坐标未推断,https://www.nnnu.edu.cn/xxgk/xxjj.htm,2026-10-01
4145010607,广西艺术学院,南湖校区,,,官网简介明确列出的校区；地址/坐标未推断,https://www.gxau.edu.cn/xygk/xxjj,2026-10-01
4145010607,广西艺术学院,相思湖校区,,,官网简介明确列出的校区；地址/坐标未推断,https://www.gxau.edu.cn/xygk/xxjj,2026-10-01
4145010607,广西艺术学院,桂林校区,,,官网简介明确列出的校区；地址/坐标未推断,https://www.gxau.edu.cn/xygk/xxjj,2026-10-01
4145011837,桂林旅游学院,雁山校区,,,官网简介明确列出的校区；地址/坐标未推断,https://www.gltu.edu.cn/xxgk/xxjj.htm,2026-10-01
4145011837,桂林旅游学院,骖鸾校区,,,官网简介明确列出的校区；地址/坐标未推断,https://www.gltu.edu.cn/xxgk/xxjj.htm,2026-10-01
4145013520,广西警察学院,仙葫校区,,,官网简介明确列出的校区；地址/坐标未推断,https://www.gxjcxy.edu.cn/xxgk/xxjj,2026-10-01
4145013520,广西警察学院,五合校区,,,官网简介明确列出的校区；地址/坐标未推断,https://www.gxjcxy.edu.cn/xxgk/xxjj,2026-10-01
4145013520,广西警察学院,长湖校区,,,官网简介明确列出的校区；地址/坐标未推断,https://www.gxjcxy.edu.cn/xxgk/xxjj,2026-10-01
4145013642,南宁师范大学师园学院,明阳校区,,,官网简介明确列出的校区；地址/坐标未推断,https://www.gxsy.edu.cn/category_76/index_1.aspx,2026-10-01
4145013642,南宁师范大学师园学院,防城港校区,,,官网简介明确列出的校区；地址/坐标未推断,https://www.gxsy.edu.cn/category_76/index_1.aspx,2026-10-01
4145013830,广西外国语学院,南宁市五合校区,,,官网简介明确列出的校区；地址/坐标未推断,https://gxufl.edu.cn/info/341,2026-10-01
4145013830,广西外国语学院,空港校区,,,官网简介明确列出的校区；地址/坐标未推断,https://gxufl.edu.cn/info/341,2026-10-01
4165010755,新疆大学,乌鲁木齐校区,,,官网简介明确列出的校区；地址/坐标未推断,https://www.xju.edu.cn/xxgk/xdjj.htm,2026-10-01
4165010755,新疆大学,喀什校区,,,官网简介明确列出的校区；地址/坐标未推断,https://www.xju.edu.cn/xxgk/xdjj.htm,2026-10-01
4165010758,新疆农业大学,老满城校区,,,官网简介明确列出的校区；地址/坐标未推断,https://www.xjau.edu.cn/134/list.htm,2026-10-01
4165010758,新疆农业大学,亚心校区,,,官网简介明确列出的校区；地址/坐标未推断,https://www.xjau.edu.cn/134/list.htm,2026-10-01
4165010758,新疆农业大学,陆港校区,,,官网简介明确列出的校区；地址/坐标未推断,https://www.xjau.edu.cn/134/list.htm,2026-10-01
4165010758,新疆农业大学,天格尔校区,,,官网简介明确列出的校区；地址/坐标未推断,https://www.xjau.edu.cn/134/list.htm,2026-10-01
4165010762,新疆师范大学,温泉校区,,,官网简介明确列出的校区；地址/坐标未推断,https://www.xjnu.edu.cn/xxgk/xxjj.htm,2026-10-01
4165010762,新疆师范大学,昆仑校区,,,官网简介明确列出的校区；地址/坐标未推断,https://www.xjnu.edu.cn/xxgk/xxjj.htm,2026-10-01
4165010766,新疆财经大学,校本部校区,,,官网简介明确列出的校区；地址/坐标未推断,https://www.xjufe.edu.cn/xxgk/xxjj/index.htm,2026-10-01
4165010766,新疆财经大学,阿勒泰校区,,,官网简介明确列出的校区；地址/坐标未推断,https://www.xjufe.edu.cn/xxgk/xxjj/index.htm,2026-10-01
4165010995,新疆农业职业技术大学,昌吉校区,,,官网简介明确列出的校区；地址/坐标未推断,https://www.xjavtu.edu.cn/xxjs/xxjj.htm,2026-10-01
4165010995,新疆农业职业技术大学,乌鲁木齐校区,,,官网简介明确列出的校区；地址/坐标未推断,https://www.xjavtu.edu.cn/xxjs/xxjj.htm,2026-10-01
4165011565,乌鲁木齐职业大学,校本部校区,,,官网简介明确列出的校区；地址/坐标未推断,https://www.uvu.edu.cn/xxgk/xxjj.htm,2026-10-01
4165011565,乌鲁木齐职业大学,青年路校区,,,官网简介明确列出的校区；地址/坐标未推断,https://www.uvu.edu.cn/xxgk/xxjj.htm,2026-10-01
4165011565,乌鲁木齐职业大学,文光校区,,,官网简介明确列出的校区；地址/坐标未推断,https://www.uvu.edu.cn/xxgk/xxjj.htm,2026-10-01
4165011565,乌鲁木齐职业大学,祥云校区,,,官网简介明确列出的校区；地址/坐标未推断,https://www.uvu.edu.cn/xxgk/xxjj.htm,2026-10-01
4132010284,南京大学,仙林校区,,,官网简介明确列出的校区；地址/坐标未推断,https://www.nju.edu.cn/ndgk/ndjj.htm,2026-10-01
4132010284,南京大学,鼓楼校区,,,官网简介明确列出的校区；地址/坐标未推断,https://www.nju.edu.cn/ndgk/ndjj.htm,2026-10-01
4132010284,南京大学,浦口校区,,,官网简介明确列出的校区；地址/坐标未推断,https://www.nju.edu.cn/ndgk/ndjj.htm,2026-10-01
4132010284,南京大学,苏州校区,,,官网简介明确列出的校区；地址/坐标未推断,https://www.nju.edu.cn/ndgk/ndjj.htm,2026-10-01
4132010285,苏州大学,天赐庄校区,,,官网简介明确列出的校区；地址/坐标未推断,http://www.suda.edu.cn/general_situation/xxjj.jsp,2026-10-01
4132010285,苏州大学,独墅湖校区,,,官网简介明确列出的校区；地址/坐标未推断,http://www.suda.edu.cn/general_situation/xxjj.jsp,2026-10-01
4132010285,苏州大学,阳澄湖校区,,,官网简介明确列出的校区；地址/坐标未推断,http://www.suda.edu.cn/general_situation/xxjj.jsp,2026-10-01
4132010285,苏州大学,未来校区,,,官网简介明确列出的校区；地址/坐标未推断,http://www.suda.edu.cn/general_situation/xxjj.jsp,2026-10-01
4132010292,常州大学,科教城校区,,,官网简介明确列出的校区；地址/坐标未推断,https://www.cczu.edu.cn/10287/list.htm,2026-10-01
4132010292,常州大学,西太湖校区,,,官网简介明确列出的校区；地址/坐标未推断,https://www.cczu.edu.cn/10287/list.htm,2026-10-01
4132010304,南通大学,啬园校区,,,官网简介明确列出的校区；地址/坐标未推断,https://www.ntu.edu.cn/xxjj/list.htm,2026-10-01
4132010304,南通大学,启秀校区,,,官网简介明确列出的校区；地址/坐标未推断,https://www.ntu.edu.cn/xxjj/list.htm,2026-10-01
4132010304,南通大学,启东校区,,,官网简介明确列出的校区；地址/坐标未推断,https://www.ntu.edu.cn/xxjj/list.htm,2026-10-01
4132010305,盐城工学院,希望大道校区,,,官网简介明确列出的校区；地址/坐标未推断,https://www.ycit.edu.cn/xxgk/xxjs.htm,2026-10-01
4132010305,盐城工学院,建军东路校区,,,官网简介明确列出的校区；地址/坐标未推断,https://www.ycit.edu.cn/xxgk/xxjs.htm,2026-10-01
4132010315,南京中医药大学,仙林校区,江苏省南京市仙林大道138号（,,官网简介校区地址明确标注,https://www.njucm.edu.cn/6778/list.htm,2026-10-01
4132010315,南京中医药大学,汉中门校区,江苏省南京市汉中路282号（,,官网简介校区地址明确标注,https://www.njucm.edu.cn/6778/list.htm,2026-10-01
4132010315,南京中医药大学,泰州校区,江苏省泰州市医药高新技术产业开发区匡时路6号（,,官网简介校区地址明确标注,https://www.njucm.edu.cn/6778/list.htm,2026-10-01
4132010316,中国药科大学,玄武门校区,,,官网简介明确列出的校区；地址/坐标未推断,http://www.cpu.edu.cn/11459/list.htm,2026-10-01
4132010316,中国药科大学,江宁校区,,,官网简介明确列出的校区；地址/坐标未推断,http://www.cpu.edu.cn/11459/list.htm,2026-10-01
4132010319,南京师范大学,仙林校区,,,官网简介明确列出的校区；地址/坐标未推断,https://www.nnu.edu.cn/xxgk/xxjj.htm,2026-10-01
4132010319,南京师范大学,随园校区,,,官网简介明确列出的校区；地址/坐标未推断,https://www.nnu.edu.cn/xxgk/xxjj.htm,2026-10-01
4132010319,南京师范大学,紫金校区,,,官网简介明确列出的校区；地址/坐标未推断,https://www.nnu.edu.cn/xxgk/xxjj.htm,2026-10-01
4132010320,江苏师范大学,泉山校区,,,官网简介明确列出的校区；地址/坐标未推断,http://www.jsnu.edu.cn/70/list.htm,2026-10-01
4132010320,江苏师范大学,云龙校区,,,官网简介明确列出的校区；地址/坐标未推断,http://www.jsnu.edu.cn/70/list.htm,2026-10-01
4132010320,江苏师范大学,奎园校区,,,官网简介明确列出的校区；地址/坐标未推断,http://www.jsnu.edu.cn/70/list.htm,2026-10-01
4132010320,江苏师范大学,贾汪校区,,,官网简介明确列出的校区；地址/坐标未推断,http://www.jsnu.edu.cn/70/list.htm,2026-10-01
4132010323,淮阴师范学院,长江路校区,,,官网简介明确列出的校区；地址/坐标未推断,https://www.hytc.edu.cn/index/xqjj1.htm,2026-10-01
4132010323,淮阴师范学院,交通路校区,,,官网简介明确列出的校区；地址/坐标未推断,https://www.hytc.edu.cn/index/xqjj1.htm,2026-10-01
4132010324,盐城师范学院,通榆校区,,,官网简介明确列出的校区；地址/坐标未推断,https://www.yctu.edu.cn/5637/list.htm,2026-10-01
4132010324,盐城师范学院,新长校区,,,官网简介明确列出的校区；地址/坐标未推断,https://www.yctu.edu.cn/5637/list.htm,2026-10-01
4132010327,南京财经大学,仙林校区,,,官网简介明确列出的校区；地址/坐标未推断,https://www.nufe.edu.cn/xygk/xxjj.htm,2026-10-01
4132010327,南京财经大学,福建路校区,,,官网简介明确列出的校区；地址/坐标未推断,https://www.nufe.edu.cn/xygk/xxjj.htm,2026-10-01
4132010327,南京财经大学,桥头校区,,,官网简介明确列出的校区；地址/坐标未推断,https://www.nufe.edu.cn/xygk/xxjj.htm,2026-10-01
4132010330,南京体育学院,灵谷寺校区,,,官网简介明确列出的校区；地址/坐标未推断,https://www.nsi.edu.cn/2405/list.htm,2026-10-01
4132010330,南京体育学院,仙林校区,,,官网简介明确列出的校区；地址/坐标未推断,https://www.nsi.edu.cn/2405/list.htm,2026-10-01
4132010330,南京体育学院,五棵松校区,,,官网简介明确列出的校区；地址/坐标未推断,https://www.nsi.edu.cn/2405/list.htm,2026-10-01
4132010332,苏州科技大学,石湖校区,,,官网简介明确列出的校区；地址/坐标未推断,https://www.usts.edu.cn/xxgk/xxjj.htm,2026-10-01
4132010332,苏州科技大学,江枫校区,,,官网简介明确列出的校区；地址/坐标未推断,https://www.usts.edu.cn/xxgk/xxjj.htm,2026-10-01
4132010332,苏州科技大学,天平校区,,,官网简介明确列出的校区；地址/坐标未推断,https://www.usts.edu.cn/xxgk/xxjj.htm,2026-10-01
4132010333,苏州工学院,东湖校区,,,官网简介明确列出的校区；地址/坐标未推断,https://www.szut.edu.cn/xxgk/xxjj.htm,2026-10-01
4132010333,苏州工学院,东南校区,,,官网简介明确列出的校区；地址/坐标未推断,https://www.szut.edu.cn/xxgk/xxjj.htm,2026-10-01
4132010848,无锡职业技术大学,太湖校区,,,官网简介明确列出的校区；地址/坐标未推断,https://www.wxit.edu.cn/XXGK/xxjj.htm,2026-10-01
4132010848,无锡职业技术大学,宜兴校区,,,官网简介明确列出的校区；地址/坐标未推断,https://www.wxit.edu.cn/XXGK/xxjj.htm,2026-10-01
4132011049,淮安大学,枚乘路校区,,,官网简介明确列出的校区；地址/坐标未推断,https://www.hau.edu.cn/hdgk/huai_dajj.htm,2026-10-01
4132011049,淮安大学,北京路校区,,,官网简介明确列出的校区；地址/坐标未推断,https://www.hau.edu.cn/hdgk/huai_dajj.htm,2026-10-01
4132011049,淮安大学,萧湖校区,,,官网简介明确列出的校区；地址/坐标未推断,https://www.hau.edu.cn/hdgk/huai_dajj.htm,2026-10-01
4132011287,南京审计大学,浦口校区,,,官网简介明确列出的校区；地址/坐标未推断,https://www.nau.edu.cn/18/list.htm,2026-10-01
4132011287,南京审计大学,莫愁校区,,,官网简介明确列出的校区；地址/坐标未推断,https://www.nau.edu.cn/18/list.htm,2026-10-01
4132011641,江苏海洋大学,苍梧校区,,,官网简介明确列出的校区；地址/坐标未推断,https://www.jou.edu.cn/xxgk/xxjj.htm,2026-10-01
4132011641,江苏海洋大学,通灌校区,,,官网简介明确列出的校区；地址/坐标未推断,https://www.jou.edu.cn/xxgk/xxjj.htm,2026-10-01
4132011641,江苏海洋大学,宋跳校区,,,官网简介明确列出的校区；地址/坐标未推断,https://www.jou.edu.cn/xxgk/xxjj.htm,2026-10-01
4132011641,江苏海洋大学,墟沟校区,,,官网简介明确列出的校区；地址/坐标未推断,https://www.jou.edu.cn/xxgk/xxjj.htm,2026-10-01
4132012048,南京特殊教育师范学院,栖霞校区,,,官网简介明确列出的校区；地址/坐标未推断,https://www.njts.edu.cn/xxjj/list.htm,2026-10-01
4132012048,南京特殊教育师范学院,江宁校区,,,官网简介明确列出的校区；地址/坐标未推断,https://www.njts.edu.cn/xxjj/list.htm,2026-10-01
4132012048,南京特殊教育师范学院,浦口校区,,,官网简介明确列出的校区；地址/坐标未推断,https://www.njts.edu.cn/xxjj/list.htm,2026-10-01
4132012213,南京警察学院,仙林校区,,,官网简介明确列出的校区；地址/坐标未推断,https://www.njpu.edu.cn:443/1710/list.htm,2026-10-01
4132012213,南京警察学院,花园路校区,,,官网简介明确列出的校区；地址/坐标未推断,https://www.njpu.edu.cn:443/1710/list.htm,2026-10-01
4132012213,南京警察学院,安德门校区,,,官网简介明确列出的校区；地址/坐标未推断,https://www.njpu.edu.cn:443/1710/list.htm,2026-10-01
4132012917,泰州学院,济川校区,,,官网简介明确列出的校区；地址/坐标未推断,https://www.tzu.edu.cn/8/list.htm,2026-10-01
4132012917,泰州学院,泰兴校区,,,官网简介明确列出的校区；地址/坐标未推断,https://www.tzu.edu.cn/8/list.htm,2026-10-01
4132013573,金陵科技学院,江宁校区,,,官网简介明确列出的校区；地址/坐标未推断,https://www.jit.edu.cn/xxgk/xxjj.htm,2026-10-01
4132013573,金陵科技学院,幕府校区,,,官网简介明确列出的校区；地址/坐标未推断,https://www.jit.edu.cn/xxgk/xxjj.htm,2026-10-01
4132013573,金陵科技学院,白下校区,,,官网简介明确列出的校区；地址/坐标未推断,https://www.jit.edu.cn/xxgk/xxjj.htm,2026-10-01
4136010403,南昌大学,前湖校区,,,官网简介明确列出的校区；地址/坐标未推断,https://www.ncu.edu.cn/xxgk/xxjj.htm,2026-10-01
4136010403,南昌大学,青山湖校区,,,官网简介明确列出的校区；地址/坐标未推断,https://www.ncu.edu.cn/xxgk/xxjj.htm,2026-10-01
4136010403,南昌大学,东湖校区,,,官网简介明确列出的校区；地址/坐标未推断,https://www.ncu.edu.cn/xxgk/xxjj.htm,2026-10-01
4136010405,东华理工大学,南昌校区,,,官网简介明确列出的校区；地址/坐标未推断,https://www.ecut.edu.cn/7563/list.htm,2026-10-01
4136010405,东华理工大学,抚州校区,,,官网简介明确列出的校区；地址/坐标未推断,https://www.ecut.edu.cn/7563/list.htm,2026-10-01
4136010406,南昌航空大学,前湖校区,,,官网简介明确列出的校区；地址/坐标未推断,https://www.nchu.edu.cn/xxgk/xxjj,2026-10-01
4136010406,南昌航空大学,上海路校区,,,官网简介明确列出的校区；地址/坐标未推断,https://www.nchu.edu.cn/xxgk/xxjj,2026-10-01
4136010406,南昌航空大学,航空城校区,,,官网简介明确列出的校区；地址/坐标未推断,https://www.nchu.edu.cn/xxgk/xxjj,2026-10-01
4136010414,江西师范大学,瑶湖校区,,,官网简介明确列出的校区；地址/坐标未推断,https://www.jxnu.edu.cn/xxjj/list.htm,2026-10-01
4136010414,江西师范大学,青山湖校区,,,官网简介明确列出的校区；地址/坐标未推断,https://www.jxnu.edu.cn/xxjj/list.htm,2026-10-01
4136010417,宜春学院,本部校区,,,官网简介明确列出的校区；地址/坐标未推断,https://www.jxycu.edu.cn/4220/list.htm,2026-10-01
4136010419,井冈山大学,青原校区,,,官网简介明确列出的校区；地址/坐标未推断,https://www.jgsu.edu.cn/xxgk/xygk/xxjj.htm,2026-10-01
4136010419,井冈山大学,吉福校区,,,官网简介明确列出的校区；地址/坐标未推断,https://www.jgsu.edu.cn/xxgk/xygk/xxjj.htm,2026-10-01
4136010419,井冈山大学,长岗校区,,,官网简介明确列出的校区；地址/坐标未推断,https://www.jgsu.edu.cn/xxgk/xygk/xxjj.htm,2026-10-01
4136011785,江西职业技术大学,十里校区,,,官网简介明确列出的校区；地址/坐标未推断,https://www.jxpu.edu.cn/xxgk/xxgk.htm,2026-10-01
4136011785,江西职业技术大学,濂溪校区,,,官网简介明确列出的校区；地址/坐标未推断,https://www.jxpu.edu.cn/xxgk/xxgk.htm,2026-10-01
4136011785,江西职业技术大学,鄱阳湖校区,,,官网简介明确列出的校区；地址/坐标未推断,https://www.jxpu.edu.cn/xxgk/xxgk.htm,2026-10-01
4136012795,南昌理工学院,英雄校区,,,官网简介明确列出的校区；地址/坐标未推断,https://www.nut.edu.cn/cms/item-view-id-3330.shtml,2026-10-01
4136012795,南昌理工学院,丰城校区,,,官网简介明确列出的校区；地址/坐标未推断,https://www.nut.edu.cn/cms/item-view-id-3330.shtml,2026-10-01
4136013422,江西外语外贸职业大学,瑶湖校区,,,官网简介明确列出的校区；地址/坐标未推断,https://www.jxcfs.com/xygk/xxjj.htm,2026-10-01
4136013422,江西外语外贸职业大学,望城校区,,,官网简介明确列出的校区；地址/坐标未推断,https://www.jxcfs.com/xygk/xxjj.htm,2026-10-01
4136014839,江西飞行学院,南昌校区,,,官网简介明确列出的校区；地址/坐标未推断,https://www.jxfu.edu.cn/xygk/xxjj.htm,2026-10-01
4136014839,江西飞行学院,吉安校区,,,官网简介明确列出的校区；地址/坐标未推断,https://www.jxfu.edu.cn/xygk/xxjj.htm,2026-10-01
4113012784,河北传媒学院,兴安校区,,,官网简介明确列出的校区；地址/坐标未推断,https://www.hebic.cn/columns/de9b9d68-526f-4d18-b301-37570803f7a2/index.html,2026-10-01
4113012784,河北传媒学院,警安校区,,,官网简介明确列出的校区；地址/坐标未推断,https://www.hebic.cn/columns/de9b9d68-526f-4d18-b301-37570803f7a2/index.html,2026-10-01
4113012784,河北传媒学院,鹿泉校区,,,官网简介明确列出的校区；地址/坐标未推断,https://www.hebic.cn/columns/de9b9d68-526f-4d18-b301-37570803f7a2/index.html,2026-10-01
4113014432,河北中医药大学,杏苑校区,,,官网简介明确列出的校区；地址/坐标未推断,https://www.hebcm.edu.cn/col/1463637802676/index.html,2026-10-01
4113014432,河北中医药大学,橘泉校区,,,官网简介明确列出的校区；地址/坐标未推断,https://www.hebcm.edu.cn/col/1463637802676/index.html,2026-10-01
4113014432,河北中医药大学,祁州校区,,,官网简介明确列出的校区；地址/坐标未推断,https://www.hebcm.edu.cn/col/1463637802676/index.html,2026-10-01
4113014432,河北中医药大学,东垣校区,,,官网简介明确列出的校区；地址/坐标未推断,https://www.hebcm.edu.cn/col/1463637802676/index.html,2026-10-01
4113014458,张家口学院,明湖校区,,,官网简介明确列出的校区；地址/坐标未推断,https://www.zjku.edu.cn/col/1369449782644/index.html,2026-10-01
4113014458,张家口学院,平门校区,,,官网简介明确列出的校区；地址/坐标未推断,https://www.zjku.edu.cn/col/1369449782644/index.html,2026-10-01
4113016204,河北工业职业技术大学,红旗校区,,,官网简介明确列出的校区；地址/坐标未推断,https://www.hbcit.edu.cn/aboutus/xxgk.htm,2026-10-01
4113016204,河北工业职业技术大学,新石校区,,,官网简介明确列出的校区；地址/坐标未推断,https://www.hbcit.edu.cn/aboutus/xxgk.htm,2026-10-01
4113016204,河北工业职业技术大学,西柏坡校区,,,官网简介明确列出的校区；地址/坐标未推断,https://www.hbcit.edu.cn/aboutus/xxgk.htm,2026-10-01
4141010463,河南工业大学,莲花街校区,,,官网简介明确列出的校区；地址/坐标未推断,https://www.haut.edu.cn/xxgk/xxjj.htm,2026-10-01
4141010463,河南工业大学,嵩山路校区,,,官网简介明确列出的校区；地址/坐标未推断,https://www.haut.edu.cn/xxgk/xxjj.htm,2026-10-01
4141010463,河南工业大学,中原路校区,,,官网简介明确列出的校区；地址/坐标未推断,https://www.haut.edu.cn/xxgk/xxjj.htm,2026-10-01
4141010464,河南科技大学,开元校区,,,官网简介明确列出的校区；地址/坐标未推断,https://www.haust.edu.cn/about-jj.jsp?urltype=tree.TreeTempUrl&wbtreeid=1053,2026-10-01
4141010464,河南科技大学,西苑校区,,,官网简介明确列出的校区；地址/坐标未推断,https://www.haust.edu.cn/about-jj.jsp?urltype=tree.TreeTempUrl&wbtreeid=1053,2026-10-01
4141010469,河南牧业经济学院,龙子湖校区,,,官网简介明确列出的校区；地址/坐标未推断,https://www.hnuahe.edu.cn/xxgk/xxjj.htm,2026-10-01
4141010469,河南牧业经济学院,英才校区,,,官网简介明确列出的校区；地址/坐标未推断,https://www.hnuahe.edu.cn/xxgk/xxjj.htm,2026-10-01
4141010469,河南牧业经济学院,北林校区,,,官网简介明确列出的校区；地址/坐标未推断,https://www.hnuahe.edu.cn/xxgk/xxjj.htm,2026-10-01
4141010484,河南财经政法大学,郑东校区,,,官网简介明确列出的校区；地址/坐标未推断,https://www.huel.edu.cn/xxgk/xxjj.htm,2026-10-01
4141010484,河南财经政法大学,文北校区,,,官网简介明确列出的校区；地址/坐标未推断,https://www.huel.edu.cn/xxgk/xxjj.htm,2026-10-01
4141010484,河南财经政法大学,文南校区,,,官网简介明确列出的校区；地址/坐标未推断,https://www.huel.edu.cn/xxgk/xxjj.htm,2026-10-01
4141010919,平顶山学院,湖滨校区,,,官网简介明确列出的校区；地址/坐标未推断,https://www.pdsu.edu.cn/xxgk/xxjj.htm,2026-10-01
4141010919,平顶山学院,崇文校区,,,官网简介明确列出的校区；地址/坐标未推断,https://www.pdsu.edu.cn/xxgk/xxjj.htm,2026-10-01
4141010919,平顶山学院,东湖校区,,,官网简介明确列出的校区；地址/坐标未推断,https://www.pdsu.edu.cn/xxgk/xxjj.htm,2026-10-01
4141011517,河南工程学院,龙湖校区,,,官网简介明确列出的校区；地址/坐标未推断,http://www.haue.edu.cn/xxgkxxgk/xxjj.htm,2026-10-01
4141011517,河南工程学院,桐柏路校区,,,官网简介明确列出的校区；地址/坐标未推断,http://www.haue.edu.cn/xxgkxxgk/xxjj.htm,2026-10-01
4141011517,河南工程学院,南阳路校区,,,官网简介明确列出的校区；地址/坐标未推断,http://www.haue.edu.cn/xxgkxxgk/xxjj.htm,2026-10-01
4141011788,河南警察学院,郑州校区,,,官网简介明确列出的校区；地址/坐标未推断,https://www.hnp.edu.cn/xygk/xygk.htm,2026-10-01
4141011788,河南警察学院,开封校区,,,官网简介明确列出的校区；地址/坐标未推断,https://www.hnp.edu.cn/xygk/xygk.htm,2026-10-01
4141011788,河南警察学院,洛阳校区,,,官网简介明确列出的校区；地址/坐标未推断,https://www.hnp.edu.cn/xygk/xygk.htm,2026-10-01
4141012746,郑州科技学院,二七校区,,,官网简介明确列出的校区；地址/坐标未推断,https://www.zit.edu.cn/xygk/xyjj.htm,2026-10-01
4141012746,郑州科技学院,万山湖校区,,,官网简介明确列出的校区；地址/坐标未推断,https://www.zit.edu.cn/xygk/xyjj.htm,2026-10-01
4141013497,郑州财经学院,惠济校区,,,官网简介明确列出的校区；地址/坐标未推断,https://www.zzife.edu.cn/html/965/,2026-10-01
4141013497,郑州财经学院,航空港校区,,,官网简介明确列出的校区；地址/坐标未推断,https://www.zzife.edu.cn/html/965/,2026-10-01
4141013502,中原科技学院,郑州校区,,,官网简介明确列出的校区；地址/坐标未推断,https://www.zykj.edu.cn/xxgk/xxjj.htm,2026-10-01
4141013502,中原科技学院,许昌校区,,,官网简介明确列出的校区；地址/坐标未推断,https://www.zykj.edu.cn/xxgk/xxjj.htm,2026-10-01
4141013507,郑州工商学院,郑州校区,,,官网简介明确列出的校区；地址/坐标未推断,https://www.ztbu.edu.cn/html/895/,2026-10-01
4141013507,郑州工商学院,兰考校区,,,官网简介明确列出的校区；地址/坐标未推断,https://www.ztbu.edu.cn/html/895/,2026-10-01
4141014003,商丘学院,商丘校区,,,官网简介明确列出的校区；地址/坐标未推断,https://www.sqxy.edu.cn/contents/43/7256.html,2026-10-01
4141014003,商丘学院,开封校区,,,官网简介明确列出的校区；地址/坐标未推断,https://www.sqxy.edu.cn/contents/43/7256.html,2026-10-01
4133010336,杭州电子科技大学,下沙校区,,,官网简介明确列出的校区；地址/坐标未推断,https://www.hdu.edu.cn/659/list.htm,2026-10-01
4133010336,杭州电子科技大学,文一校区,,,官网简介明确列出的校区；地址/坐标未推断,https://www.hdu.edu.cn/659/list.htm,2026-10-01
4133010336,杭州电子科技大学,东岳校区,,,官网简介明确列出的校区；地址/坐标未推断,https://www.hdu.edu.cn/659/list.htm,2026-10-01
4133010336,杭州电子科技大学,绍兴校区,,,官网简介明确列出的校区；地址/坐标未推断,https://www.hdu.edu.cn/659/list.htm,2026-10-01
4133010336,杭州电子科技大学,青山湖校区,,,官网简介明确列出的校区；地址/坐标未推断,https://www.hdu.edu.cn/659/list.htm,2026-10-01
4133010340,浙江海洋大学,新城校区,,,官网简介明确列出的校区；地址/坐标未推断,https://www.zjou.edu.cn/xxgl.htm,2026-10-01
4133010340,浙江海洋大学,定海校区,,,官网简介明确列出的校区；地址/坐标未推断,https://www.zjou.edu.cn/xxgl.htm,2026-10-01
4133010341,浙江农林大学,东湖校区,,,官网简介明确列出的校区；地址/坐标未推断,https://www.zafu.edu.cn/xqzl/xxgk.htm,2026-10-01
4133010341,浙江农林大学,衣锦校区,,,官网简介明确列出的校区；地址/坐标未推断,https://www.zafu.edu.cn/xqzl/xxgk.htm,2026-10-01
4133010341,浙江农林大学,诸暨校区,,,官网简介明确列出的校区；地址/坐标未推断,https://www.zafu.edu.cn/xqzl/xxgk.htm,2026-10-01
4133010345,浙江师范大学,金华校区,,,官网简介明确列出的校区；地址/坐标未推断,https://www.zjnu.edu.cn/3999/list.htm,2026-10-01
4133010345,浙江师范大学,杭州校区,,,官网简介明确列出的校区；地址/坐标未推断,https://www.zjnu.edu.cn/3999/list.htm,2026-10-01
4133010345,浙江师范大学,西湖校区,,,官网简介明确列出的校区；地址/坐标未推断,https://www.zjnu.edu.cn/3999/list.htm,2026-10-01
4133010345,浙江师范大学,兰溪校区,,,官网简介明确列出的校区；地址/坐标未推断,https://www.zjnu.edu.cn/3999/list.htm,2026-10-01
4133010351,温州大学,茶山校区,,,官网简介明确列出的校区；地址/坐标未推断,https://www.wzu.edu.cn/xxgk/xxjj.htm,2026-10-01
4133011482,浙江财经大学,下沙校区,,,官网简介明确列出的校区；地址/坐标未推断,https://www.zufe.edu.cn/zcgk/xxgk.htm,2026-10-01
4133011482,浙江财经大学,文华校区,,,官网简介明确列出的校区；地址/坐标未推断,https://www.zufe.edu.cn/zcgk/xxgk.htm,2026-10-01
4133011482,浙江财经大学,长安校区,,,官网简介明确列出的校区；地址/坐标未推断,https://www.zufe.edu.cn/zcgk/xxgk.htm,2026-10-01
4133011647,浙江传媒学院,杭州钱塘校区,,,官网简介明确列出的校区；地址/坐标未推断,https://www.cuz.edu.cn/xxgk/xxjj.htm,2026-10-01
4133011647,浙江传媒学院,桐乡乌镇校区,,,官网简介明确列出的校区；地址/坐标未推断,https://www.cuz.edu.cn/xxgk/xxjj.htm,2026-10-01
4133012792,浙江越秀外国语学院,稽山校区,,,官网简介明确列出的校区；地址/坐标未推断,https://www.zyufl.edu.cn/xxjj/list.htm,2026-10-01
4133012792,浙江越秀外国语学院,镜湖校区,,,官网简介明确列出的校区；地址/坐标未推断,https://www.zyufl.edu.cn/xxjj/list.htm,2026-10-01
4133013023,杭州医学院,临安校区,,,官网简介明确列出的校区；地址/坐标未推断,https://www.hmc.edu.cn/xxgk/xxjj/,2026-10-01
4133013023,杭州医学院,黄龙校区,,,官网简介明确列出的校区；地址/坐标未推断,https://www.hmc.edu.cn/xxgk/xxjj/,2026-10-01
4133013023,杭州医学院,滨江校区,,,官网简介明确列出的校区；地址/坐标未推断,https://www.hmc.edu.cn/xxgk/xxjj/,2026-10-01
4133013289,温州理工学院,滨海校区,,,官网简介明确列出的校区；地址/坐标未推断,https://www.wzut.edu.cn/col/col1472/index.html,2026-10-01
4133013289,温州理工学院,乐清校区,,,官网简介明确列出的校区；地址/坐标未推断,https://www.wzut.edu.cn/col/col1472/index.html,2026-10-01
4146011658,海南师范大学,龙昆南校区,,,官网简介明确列出的校区；地址/坐标未推断,https://www.hainnu.edu.cn/xxjj/list.htm,2026-10-01
4146011658,海南师范大学,桂林洋校区,,,官网简介明确列出的校区；地址/坐标未推断,https://www.hainnu.edu.cn/xxjj/list.htm,2026-10-01
4146013811,琼台师范学院,桂林洋校区,,,官网简介明确列出的校区；地址/坐标未推断,https://www.qtnu.edu.cn/xxgk/xxjj.htm,2026-10-01
4146013811,琼台师范学院,府城校区,,,官网简介明确列出的校区；地址/坐标未推断,https://www.qtnu.edu.cn/xxgk/xxjj.htm,2026-10-01
4146014172,海南科技职业大学,美兰校区,,,官网简介明确列出的校区；地址/坐标未推断,https://www.hvust.edu.cn/about/introduction,2026-10-01
4146014172,海南科技职业大学,云龙校区,,,官网简介明确列出的校区；地址/坐标未推断,https://www.hvust.edu.cn/about/introduction,2026-10-01
4142010512,湖北大学,武昌校区,武汉市武昌区友谊大道368号,,官网简介校区地址明确标注,http://www.hubu.edu.cn/xxgk/hdjj.htm,2026-10-01
4142010512,湖北大学,长江新区校区,武汉市长江新区平江东路630号,,官网简介校区地址明确标注,http://www.hubu.edu.cn/xxgk/hdjj.htm,2026-10-01
4142010512,湖北大学,汉口校区,武汉市长江新区兴盛路特一号,,官网简介校区地址明确标注,http://www.hubu.edu.cn/xxgk/hdjj.htm,2026-10-01
4142010518,汉江师范学院,十堰校区,,,官网简介明确列出的校区；地址/坐标未推断,https://www.hjnu.edu.cn/xxgk1/xxjj.htm,2026-10-01
4142010518,汉江师范学院,丹江口校区,,,官网简介明确列出的校区；地址/坐标未推断,https://www.hjnu.edu.cn/xxgk1/xxjj.htm,2026-10-01
4142010927,湖北科技学院,温泉校区,,,官网简介明确列出的校区；地址/坐标未推断,https://www.hbust.edu.cn/xxgk/xxjj1.htm,2026-10-01
4142010927,湖北科技学院,咸安校区,,,官网简介明确列出的校区；地址/坐标未推断,https://www.hbust.edu.cn/xxgk/xxjj1.htm,2026-10-01
4142011798,武汉东湖学院,武汉校区,,,官网简介明确列出的校区；地址/坐标未推断,https://www.wdu.edu.cn/xxgk/xxjj/,2026-10-01
4142011798,武汉东湖学院,嘉鱼教学改革基地校区,,,官网简介明确列出的校区；地址/坐标未推断,https://www.wdu.edu.cn/xxgk/xxjj/,2026-10-01
4142012354,襄阳职业技术大学,隆中校区,,,官网简介明确列出的校区；地址/坐标未推断,https://www.hbxytc.cn/xxgk/xxjj.htm,2026-10-01
4142012354,襄阳职业技术大学,昭明校区,,,官网简介明确列出的校区；地址/坐标未推断,https://www.hbxytc.cn/xxgk/xxjj.htm,2026-10-01
4142012354,襄阳职业技术大学,浩然校区,,,官网简介明确列出的校区；地址/坐标未推断,https://www.hbxytc.cn/xxgk/xxjj.htm,2026-10-01
4143010532,湖南大学,财院校区,,,官网简介明确列出的校区；地址/坐标未推断,https://www.hnu.edu.cn/hdgk/xxjj.htm,2026-10-01
4143010532,湖南大学,科创港校区,,,官网简介明确列出的校区；地址/坐标未推断,https://www.hnu.edu.cn/hdgk/xxjj.htm,2026-10-01
4143010536,长沙理工大学,金盆岭校区,,,官网简介明确列出的校区；地址/坐标未推断,https://www.csust.edu.cn/xxgk/xxjj.htm,2026-10-01
4143010536,长沙理工大学,云塘校区,,,官网简介明确列出的校区；地址/坐标未推断,https://www.csust.edu.cn/xxgk/xxjj.htm,2026-10-01
4143010541,湖南中医药大学,含浦校区,,,官网简介明确列出的校区；地址/坐标未推断,https://www.hnucm.edu.cn/xxgk/xxjj.htm,2026-10-01
4143010541,湖南中医药大学,东塘校区,,,官网简介明确列出的校区；地址/坐标未推断,https://www.hnucm.edu.cn/xxgk/xxjj.htm,2026-10-01
4143010545,湘南学院,王仙校区,,,官网简介明确列出的校区；地址/坐标未推断,https://www.xnu.edu.cn/html/781/,2026-10-01
4143010545,湘南学院,北湖校区,,,官网简介明确列出的校区；地址/坐标未推断,https://www.xnu.edu.cn/html/781/,2026-10-01
4143010547,邵阳学院,邵阳学院李子园校区,邵阳市大祥区邵水西路3巷28号,,官网简介校区地址明确标注,https://www.hnsyu.edu.cn/xygk/xxjj.htm,2026-10-01
4143011342,湖南工程学院,书院路校区,,,官网简介明确列出的校区；地址/坐标未推断,https://www.hnie.edu.cn/xxgk/xxjj.htm?urltype=tree.TreeTempUrl&wbtreeid=1008,2026-10-01
4143012661,湖南中医药大学湘杏学院,东塘校区,,,官网简介明确列出的校区；地址/坐标未推断,https://xxxy.hnucm.edu.cn/xygk1/xyjj.htm,2026-10-01
4143012661,湖南中医药大学湘杏学院,湘阴校区,,,官网简介明确列出的校区；地址/坐标未推断,https://xxxy.hnucm.edu.cn/xygk1/xyjj.htm,2026-10-01
4143013806,长沙师范学院,星沙校区,,,官网简介明确列出的校区；地址/坐标未推断,http://www.cssf.cn/xxgk/xxjj/content_85142,2026-10-01
4143013806,长沙师范学院,安沙校区,,,官网简介明确列出的校区；地址/坐标未推断,http://www.cssf.cn/xxgk/xxjj/content_85142,2026-10-01
4162010730,兰州大学,城关校区,,,官网简介明确列出的校区；地址/坐标未推断,https://www.lzu.edu.cn/rsld/xqgl.htm,2026-10-01
4162010730,兰州大学,榆中校区,,,官网简介明确列出的校区；地址/坐标未推断,https://www.lzu.edu.cn/rsld/xqgl.htm,2026-10-01
4162010741,兰州财经大学,段家滩校区,,,官网简介明确列出的校区；地址/坐标未推断,https://www.lzufe.edu.cn/xxgk/xxjj.htm,2026-10-01
4162010741,兰州财经大学,东岗校区,,,官网简介明确列出的校区；地址/坐标未推断,https://www.lzufe.edu.cn/xxgk/xxjj.htm,2026-10-01
4162012834,甘肃警察学院,兰州市城关区左家湾校区,,,官网简介明确列出的校区；地址/坐标未推断,https://www.gsjcxy.edu.cn/xygk/xyjj.htm,2026-10-01
4162012834,甘肃警察学院,皋兰县魏家庄校区,,,官网简介明确列出的校区；地址/坐标未推断,https://www.gsjcxy.edu.cn/xygk/xyjj.htm,2026-10-01
4162016208,兰州资源环境职业技术大学,窦家山校区,,,官网简介明确列出的校区；地址/坐标未推断,https://www.lzre.edu.cn/xxgk/xxjj.htm,2026-10-01
4162016208,兰州资源环境职业技术大学,段家滩校区,,,官网简介明确列出的校区；地址/坐标未推断,https://www.lzre.edu.cn/xxgk/xxjj.htm,2026-10-01
4135010388,福建理工大学,旗山校区,,,官网简介明确列出的校区；地址/坐标未推断,https://www.fjut.edu.cn/2023/1130/c403a225856/page.htm,2026-10-01
4135010388,福建理工大学,鼓山校区,,,官网简介明确列出的校区；地址/坐标未推断,https://www.fjut.edu.cn/2023/1130/c403a225856/page.htm,2026-10-01
4135010388,福建理工大学,铜盘校区,,,官网简介明确列出的校区；地址/坐标未推断,https://www.fjut.edu.cn/2023/1130/c403a225856/page.htm,2026-10-01
4135010392,福建医科大学,旗山校区,,,官网简介明确列出的校区；地址/坐标未推断,https://www.fjmu.edu.cn/9/list.htm,2026-10-01
4135010392,福建医科大学,乌山校区,,,官网简介明确列出的校区；地址/坐标未推断,https://www.fjmu.edu.cn/9/list.htm,2026-10-01
4135010402,闽南师范大学,江滨校区,,,官网简介明确列出的校区；地址/坐标未推断,https://www.mnnu.edu.cn/xxgk/xxjj.htm,2026-10-01
4135010402,闽南师范大学,圆山校区,,,官网简介明确列出的校区；地址/坐标未推断,https://www.mnnu.edu.cn/xxgk/xxjj.htm,2026-10-01
4135011313,福建商学院,鼓楼校区,,,官网简介明确列出的校区；地址/坐标未推断,https://www.fjbu.edu.cn/xygk/xxjj.htm,2026-10-01
4135011313,福建商学院,连江校区,,,官网简介明确列出的校区；地址/坐标未推断,https://www.fjbu.edu.cn/xygk/xxjj.htm,2026-10-01
4135011313,福建商学院,马尾校区,,,官网简介明确列出的校区；地址/坐标未推断,https://www.fjbu.edu.cn/xygk/xxjj.htm,2026-10-01
4135011313,福建商学院,仓山校区,,,官网简介明确列出的校区；地址/坐标未推断,https://www.fjbu.edu.cn/xygk/xxjj.htm,2026-10-01
4135013773,福州理工学院,马尾校区,,,官网简介明确列出的校区；地址/坐标未推断,https://www.fit.edu.cn/About/Intro/,2026-10-01
4135013773,福州理工学院,连江校区,,,官网简介明确列出的校区；地址/坐标未推断,https://www.fit.edu.cn/About/Intro/,2026-10-01
4152010662,贵州中医药大学,花溪校区,,,官网简介明确列出的校区；地址/坐标未推断,https://www.gzy.edu.cn/xxgk2/xxjj.htm,2026-10-01
4152010662,贵州中医药大学,甲秀校区,,,官网简介明确列出的校区；地址/坐标未推断,https://www.gzy.edu.cn/xxgk2/xxjj.htm,2026-10-01
4121010150,大连交通大学,沙河口校区,,,官网简介明确列出的校区；地址/坐标未推断,http://www.djtu.edu.cn/intro.html,2026-10-01
4121010150,大连交通大学,旅顺口校区,,,官网简介明确列出的校区；地址/坐标未推断,http://www.djtu.edu.cn/intro.html,2026-10-01
4121010158,大连海洋大学,黑石礁校区,,,官网简介明确列出的校区；地址/坐标未推断,https://www.dlou.edu.cn/6/list.htm,2026-10-01
4121010158,大连海洋大学,大黑石校区,,,官网简介明确列出的校区；地址/坐标未推断,https://www.dlou.edu.cn/6/list.htm,2026-10-01
4121010158,大连海洋大学,瓦房店校区,,,官网简介明确列出的校区；地址/坐标未推断,https://www.dlou.edu.cn/6/list.htm,2026-10-01
4121010175,中国刑事警察学院,塔湾校区,,,官网简介明确列出的校区；地址/坐标未推断,https://www.cipuc.edu.cn/xxgk1/xxjj.htm,2026-10-01
4121010175,中国刑事警察学院,白山路校区,,,官网简介明确列出的校区；地址/坐标未推断,https://www.cipuc.edu.cn/xxgk1/xxjj.htm,2026-10-01
4121010175,中国刑事警察学院,蒲河校区,,,官网简介明确列出的校区；地址/坐标未推断,https://www.cipuc.edu.cn/xxgk1/xxjj.htm,2026-10-01
4121012026,大连民族大学,开发区校区,,,官网简介明确列出的校区；地址/坐标未推断,https://www.dlnu.edu.cn/xxgk/xxjj.htm,2026-10-01
4121012026,大连民族大学,金石滩校区,,,官网简介明确列出的校区；地址/坐标未推断,https://www.dlnu.edu.cn/xxgk/xxjj.htm,2026-10-01
4121013217,辽宁理工学院,松山校区,,,官网简介明确列出的校区；地址/坐标未推断,https://www.lise.edu.cn/html/934/,2026-10-01
4121013217,辽宁理工学院,滨海校区,,,官网简介明确列出的校区；地址/坐标未推断,https://www.lise.edu.cn/html/934/,2026-10-01
4121013631,大连东软信息学院,软件园校区,,,官网简介明确列出的校区；地址/坐标未推断,https://www.neusoft.edu.cn/html/1008/,2026-10-01
4121013631,大连东软信息学院,博川校区,,,官网简介明确列出的校区；地址/坐标未推断,https://www.neusoft.edu.cn/html/1008/,2026-10-01
4150010618,重庆交通大学,南岸校区,,,官网简介明确列出的校区；地址/坐标未推断,https://www.cqjtu.edu.cn/xxgk/xxjj.htm,2026-10-01
4150010618,重庆交通大学,科学城校区,,,官网简介明确列出的校区；地址/坐标未推断,https://www.cqjtu.edu.cn/xxgk/xxjj.htm,2026-10-01
4150010643,重庆三峡科技大学,百安校区,,,官网简介明确列出的校区；地址/坐标未推断,https://www.sanxiau.edu.cn/xxgk3/xxjj.htm,2026-10-01
4150010643,重庆三峡科技大学,沙龙校区,,,官网简介明确列出的校区；地址/坐标未推断,https://www.sanxiau.edu.cn/xxgk3/xxjj.htm,2026-10-01
4150011799,重庆工商大学,南岸校区,重庆市南岸区学府大道19号/邮政编码:400067,,官网简介校区地址明确标注,https://www.ctbu.edu.cn/xxgk/xxjj.htm,2026-10-01
4150011799,重庆工商大学,茶园校区,重庆市南岸区梨花大道853号/邮政编码:400072,,官网简介校区地址明确标注,https://www.ctbu.edu.cn/xxgk/xxjj.htm,2026-10-01
4150012758,重庆城市管理职业大学,荣昌校区,,,官网简介明确列出的校区；地址/坐标未推断,https://www.cswu.cn/xxjj/list.htm,2026-10-01
4150014388,重庆第二师范学院,南山校区,,,官网简介明确列出的校区；地址/坐标未推断,https://www.cque.edu.cn/xqzl/xxjj.htm,2026-10-01
4150014388,重庆第二师范学院,学府大道校区,,,官网简介明确列出的校区；地址/坐标未推断,https://www.cque.edu.cn/xqzl/xxjj.htm,2026-10-01
4161010698,西安交通大学,兴庆校区,,,官网简介明确列出的校区；地址/坐标未推断,http://www.xjtu.edu.cn/jdgk/jdjj.htm,2026-10-01
4161010698,西安交通大学,雁塔校区,,,官网简介明确列出的校区；地址/坐标未推断,http://www.xjtu.edu.cn/jdgk/jdjj.htm,2026-10-01
4161010698,西安交通大学,曲江校区,,,官网简介明确列出的校区；地址/坐标未推断,http://www.xjtu.edu.cn/jdgk/jdjj.htm,2026-10-01
4161010698,西安交通大学,中国西部科技创新港校区,,,官网简介明确列出的校区；地址/坐标未推断,http://www.xjtu.edu.cn/jdgk/jdjj.htm,2026-10-01
4161010702,西安工业大学,金花校区,,,官网简介明确列出的校区；地址/坐标未推断,https://www.xatu.edu.cn/xxgk/xxjj.htm,2026-10-01
4161010702,西安工业大学,未央校区,,,官网简介明确列出的校区；地址/坐标未推断,https://www.xatu.edu.cn/xxgk/xxjj.htm,2026-10-01
4161010703,西安建筑科技大学,雁塔校区,,,官网简介明确列出的校区；地址/坐标未推断,https://www.xauat.edu.cn/jdgk/xxjj.htm,2026-10-01
4161010703,西安建筑科技大学,草堂校区,,,官网简介明确列出的校区；地址/坐标未推断,https://www.xauat.edu.cn/jdgk/xxjj.htm,2026-10-01
4161010705,西安石油大学,雁塔校区,,,官网简介明确列出的校区；地址/坐标未推断,https://www.xsyu.edu.cn/xxgk/xxgk.htm,2026-10-01
4161010705,西安石油大学,明德校区,,,官网简介明确列出的校区；地址/坐标未推断,https://www.xsyu.edu.cn/xxgk/xxgk.htm,2026-10-01
4161010705,西安石油大学,鄠邑校区,,,官网简介明确列出的校区；地址/坐标未推断,https://www.xsyu.edu.cn/xxgk/xxgk.htm,2026-10-01
4161010719,延安大学,新城校区,,,官网简介明确列出的校区；地址/坐标未推断,https://www.yau.edu.cn/xqzl/xxjj.htm,2026-10-01
4161010719,延安大学,杨家岭校区,,,官网简介明确列出的校区；地址/坐标未推断,https://www.yau.edu.cn/xqzl/xxjj.htm,2026-10-01
4161010719,延安大学,萃园校区,,,官网简介明确列出的校区；地址/坐标未推断,https://www.yau.edu.cn/xqzl/xxjj.htm,2026-10-01
4161010722,咸阳师范学院,渭城校区,,,官网简介明确列出的校区；地址/坐标未推断,https://www.xync.edu.cn/xxgk/xxjj.htm,2026-10-01
4161010722,咸阳师范学院,秦都校区,,,官网简介明确列出的校区；地址/坐标未推断,https://www.xync.edu.cn/xxgk/xxjj.htm,2026-10-01
4161010723,渭南师范学院,朝阳校区,,,官网简介明确列出的校区；地址/坐标未推断,https://www.wnu.edu.cn/xb/xxgk/xxjj.htm,2026-10-01
4161010723,渭南师范学院,富平校区,,,官网简介明确列出的校区；地址/坐标未推断,https://www.wnu.edu.cn/xb/xxgk/xxjj.htm,2026-10-01
4161010723,渭南师范学院,西岳校区,,,官网简介明确列出的校区；地址/坐标未推断,https://www.wnu.edu.cn/xb/xxgk/xxjj.htm,2026-10-01
4161010723,渭南师范学院,汉马校区,,,官网简介明确列出的校区；地址/坐标未推断,https://www.wnu.edu.cn/xb/xxgk/xxjj.htm,2026-10-01
4161010727,西安体育学院,含光校区,,,官网简介明确列出的校区；地址/坐标未推断,https://www.xaipe.edu.cn/xtgk1/xxjj.htm,2026-10-01
4161010727,西安体育学院,鄠邑校区,,,官网简介明确列出的校区；地址/坐标未推断,https://www.xaipe.edu.cn/xtgk1/xxjj.htm,2026-10-01
4161011080,西安文理学院,高新校区,,,官网简介明确列出的校区；地址/坐标未推断,https://www.xawl.edu.cn/aboutus/xxjj.htm,2026-10-01
4161011080,西安文理学院,书院校区,,,官网简介明确列出的校区；地址/坐标未推断,https://www.xawl.edu.cn/aboutus/xxjj.htm,2026-10-01
4161011080,西安文理学院,太白校区,,,官网简介明确列出的校区；地址/坐标未推断,https://www.xawl.edu.cn/aboutus/xxjj.htm,2026-10-01
4161011395,榆林大学,榆阳校区,,,官网简介明确列出的校区；地址/坐标未推断,https://www.yulinu.edu.cn/xygk/xxjj.htm,2026-10-01
4161011395,榆林大学,绥德师范校区,,,官网简介明确列出的校区；地址/坐标未推断,https://www.yulinu.edu.cn/xygk/xxjj.htm,2026-10-01
4161011395,榆林大学,科创新城校区,,,官网简介明确列出的校区；地址/坐标未推断,https://www.yulinu.edu.cn/xygk/xxjj.htm,2026-10-01
4161011397,安康学院,江南校区,,,官网简介明确列出的校区；地址/坐标未推断,https://www.aku.edu.cn/xxgk.htm,2026-10-01
4161011397,安康学院,江北校区,,,官网简介明确列出的校区；地址/坐标未推断,https://www.aku.edu.cn/xxgk.htm,2026-10-01
4161011664,西安邮电大学,长安校区,,,官网简介明确列出的校区；地址/坐标未推断,https://www.xupt.edu.cn/xxgk/about1.htm,2026-10-01
4161011664,西安邮电大学,雁塔校区,,,官网简介明确列出的校区；地址/坐标未推断,https://www.xupt.edu.cn/xxgk/about1.htm,2026-10-01
4161011736,西安航空学院,莲湖校区,,,官网简介明确列出的校区；地址/坐标未推断,https://www.xaau.edu.cn/info/1018/1114.htm,2026-10-01
4161011736,西安航空学院,阎良校区,,,官网简介明确列出的校区；地址/坐标未推断,https://www.xaau.edu.cn/info/1018/1114.htm,2026-10-01
4163010746,青海师范大学,城西校区,,,官网简介明确列出的校区；地址/坐标未推断,https://www.qhnu.edu.cn/xxgk/xxjj.htm,2026-10-01
4163010746,青海师范大学,城北校区,,,官网简介明确列出的校区；地址/坐标未推断,https://www.qhnu.edu.cn/xxgk/xxjj.htm,2026-10-01
4123010235,大庆师范学院,方晓校区,,,官网简介明确列出的校区；地址/坐标未推断,https://www.dqnu.edu.cn/index.htm,2026-10-01
4123012911,哈尔滨职业技术大学,总校校区,,,官网简介明确列出的校区；地址/坐标未推断,https://www.hrbzy.edu.cn/xxjj/list.htm,2026-10-01
4123012911,哈尔滨职业技术大学,学府校区,,,官网简介明确列出的校区；地址/坐标未推断,https://www.hrbzy.edu.cn/xxjj/list.htm,2026-10-01
4123012911,哈尔滨职业技术大学,新阳校区,,,官网简介明确列出的校区；地址/坐标未推断,https://www.hrbzy.edu.cn/xxjj/list.htm,2026-10-01
4123012911,哈尔滨职业技术大学,景阳校区,,,官网简介明确列出的校区；地址/坐标未推断,https://www.hrbzy.edu.cn/xxjj/list.htm,2026-10-01
