school_code,name_zh,province,category,publisher,official,use_scope,edition_year,title,url,download_url,archive_member,source,repository,commit,license,sha256,byte_size,slide_count,width_emu,height_emu,aspect_ratio,font_names,theme_colors,editable_text_runs,textless_slides,media_count,external_relationship_count,macro_enabled,checked_at
4131010255,东华大学,上海市,official_template,东华大学,True,school,2018,点击下载PPT模版（2018版）,https://www.dhu.edu.cn/_upload/article/files/34/ab/65a7836c4423902b941c00ac93ce/1048fceb-36f7-49ce-ac07-8058a12202a4.pptx,https://www.dhu.edu.cn/_upload/article/files/34/ab/65a7836c4423902b941c00ac93ce/1048fceb-36f7-49ce-ac07-8058a12202a4.pptx,,https://www.dhu.edu.cn/_s3/bsxt/list.psp,,,,f4b7d20e2b1c1e34b7d91eeb00e7a9f6e7d970bbccf750fbff112d7b0a33e284,19193731,19,9144000,5143500,16:9,Angsana New;Arial;Calibri;Cordia New;DaunPenh;DokChampa;Estrangelo Edessa;Euphemia;Gautami;Iskoola Pota;Kalinga;Kartika;Latha;MV Boli;Mangal;Microsoft Himalaya;Microsoft Uighur;Microsoft YaHei;Microsoft Yi Baiti;Mongolian Baiti;MoolBoran;Nyala;Plantagenet Cherokee;Raavi;Shruti;Times New Roman;Tunga;Vrinda;宋体;思源黑体 CN Heavy;思源黑体 CN Medium;思源黑体 CN Normal;新細明體;맑은 고딕;ＭＳ Ｐゴシック,#0000FF;#1F497D;#4BACC6;#4F81BD;#800080;#8064A2;#9BBB59;#C0504D;#EEECE1;#F79646,232,0,11,0,False,2026-10-02
4131010255,东华大学,上海市,official_template,东华大学,True,school,2020,点击下载PPT模板（2020版）,https://www.dhu.edu.cn/_upload/article/files/d2/8c/2137ec0c44238fd6fbd3ee28ff07/9f9b566a-67f1-4717-991f-477ee5b43acb.zip,https://www.dhu.edu.cn/_upload/article/files/d2/8c/2137ec0c44238fd6fbd3ee28ff07/9f9b566a-67f1-4717-991f-477ee5b43acb.zip,Σ╕£σìÄσñºσ¡ªPPTµ¿íµ¥┐ΓÇöΓÇöµáçσçåτ▒╗.pptx,https://www.dhu.edu.cn/_s3/bsxt/list.psp,,,,c62eafa3e270ae2d1e2aaa3fcb7e3ac25cebbeee6a1f08d37a17c10a2515d970,4401034,8,11520488,6480175,11520488:6480175,Angsana New;Arial;Arial Bold;Calibri;Calibri Light;Cordia New;DaunPenh;DokChampa;Estrangelo Edessa;Euphemia;Gautami;Iskoola Pota;Kalinga;Kartika;Latha;MV Boli;Mangal;Microsoft Himalaya;Microsoft Uighur;Microsoft Yi Baiti;Mongolian Baiti;MoolBoran;Nyala;Plantagenet Cherokee;Raavi;Shruti;Sylfaen;Times New Roman;Tunga;Vrinda;微软雅黑;新細明體;游ゴシック;游ゴシック Light;等线;等线 Light;맑은 고딕,#0563C1;#44546A;#4472C4;#5B9BD5;#70AD47;#954F72;#A5A5A5;#E7E6E6;#ED7D31;#FFC000,0,8,16,0,False,2026-10-02
4131010255,东华大学,上海市,official_template,东华大学,True,school,2020,点击下载PPT模板（2020版）,https://www.dhu.edu.cn/_upload/article/files/d2/8c/2137ec0c44238fd6fbd3ee28ff07/9f9b566a-67f1-4717-991f-477ee5b43acb.zip,https://www.dhu.edu.cn/_upload/article/files/d2/8c/2137ec0c44238fd6fbd3ee28ff07/9f9b566a-67f1-4717-991f-477ee5b43acb.zip,Σ╕£σìÄσñºσ¡ªPPTµ¿íµ¥┐ΓÇöΓÇöσ¡ªµ£»τ▒╗.pptx,https://www.dhu.edu.cn/_s3/bsxt/list.psp,,,,e7bb9f6f6afc4f5ee27d8247a9fcdd75c58a6b0b064d1240beb9af02d95eaf58,4617893,8,12192000,6858000,16:9,Angsana New;Arial;Cordia New;DaunPenh;DokChampa;Estrangelo Edessa;Euphemia;Gautami;Iskoola Pota;Kalinga;Kartika;Latha;MV Boli;Mangal;Microsoft Himalaya;Microsoft Uighur;Microsoft Yi Baiti;Mongolian Baiti;MoolBoran;Nyala;Plantagenet Cherokee;Raavi;Shruti;Sylfaen;Times New Roman;Tunga;Vrinda;微软雅黑;新細明體;游ゴシック;游ゴシック Light;等线;等线 Light;맑은 고딕,#0563C1;#44546A;#4472C4;#5B9BD5;#70AD47;#954F72;#A5A5A5;#E7E6E6;#ED7D31;#FFC000,0,8,11,0,False,2026-10-02
4131010255,东华大学,上海市,official_template,东华大学,True,school,2022,点击下载PPT模板（2022版）,https://www.dhu.edu.cn/_upload/article/files/34/ab/65a7836c4423902b941c00ac93ce/5609a33b-aae0-4dfc-9526-3f8d81b9ea4f.pptx,https://www.dhu.edu.cn/_upload/article/files/34/ab/65a7836c4423902b941c00ac93ce/5609a33b-aae0-4dfc-9526-3f8d81b9ea4f.pptx,,https://www.dhu.edu.cn/_s3/bsxt/list.psp,,,,7f6aa5a11f3b8464c140674505b079150efbba00998d4c47416443b92d5d4eb9,18691968,10,12192000,6858000,16:9,Angsana New;Arial;Calibri;Calibri Light;Cordia New;DaunPenh;DokChampa;Estrangelo Edessa;Euphemia;Gautami;Iskoola Pota;Kalinga;Kartika;Latha;MV Boli;Mangal;Microsoft Himalaya;Microsoft Uighur;Microsoft Yi Baiti;Mongolian Baiti;MoolBoran;Nyala;Plantagenet Cherokee;Raavi;Shruti;Sylfaen;Times New Roman;Tunga;Vrinda;字魂105号-简雅黑;宋体;微软雅黑;新細明體;游ゴシック;游ゴシック Light;等线;等线 Light;맑은 고딕;ＭＳ Ｐゴシック,#0563C1;#44546A;#4472C4;#5B9BD5;#70AD47;#954F72;#A5A5A5;#E7E6E6;#ED7D31;#FFC000,116,0,25,0,False,2026-10-02
4131010255,东华大学,上海市,official_template,东华大学,True,school,2024,点击下载PPT模板（2024版）,https://www.dhu.edu.cn/_upload/article/files/34/ab/65a7836c4423902b941c00ac93ce/b8017b31-f4b6-49de-a993-8d9c2be9d72a.pptx,https://www.dhu.edu.cn/_upload/article/files/34/ab/65a7836c4423902b941c00ac93ce/b8017b31-f4b6-49de-a993-8d9c2be9d72a.pptx,,https://www.dhu.edu.cn/_s3/bsxt/list.psp,,,,acf4f605f97ddc2c863f1940bd2aadd498614e650170ef652472e299a3854804,13052518,20,12192000,6858000,16:9,Angsana New;Arial;Calibri;Calibri Light;Cordia New;DaunPenh;DokChampa;Estrangelo Edessa;Euphemia;Gautami;Gill Sans;Iskoola Pota;Kalinga;Kartika;Latha;MV Boli;Mangal;Microsoft Himalaya;Microsoft Uighur;Microsoft Yi Baiti;Mongolian Baiti;MoolBoran;Nyala;Plantagenet Cherokee;Raavi;Segoe UI;Segoe UI Light;Shruti;Sylfaen;Times New Roman;Tunga;Vrinda;宋体;微软雅黑;微软雅黑 Light;思源宋体 Heavy;思源黑体 CN Bold;思源黑体 CN Heavy;思源黑体 CN Medium;思源黑体 CN Normal;新細明體;等线;阿里巴巴普惠体 M;阿里巴巴普惠体 Medium;맑은 고딕;ＭＳ Ｐゴシック,#0563C1;#44546A;#4472C4;#5B9BD5;#70AD47;#954F72;#A5A5A5;#E7E6E6;#ED7D31;#FFC000,222,0,21,0,False,2026-10-02
4131010255,东华大学,上海市,official_template,东华大学,True,school,2026,点击下载PPT模板（2026版）,https://www.dhu.edu.cn/_upload/article/files/34/ab/65a7836c4423902b941c00ac93ce/f96d3b03-5f28-405e-bd9f-0c596cb0c54b.pptx,https://www.dhu.edu.cn/_upload/article/files/34/ab/65a7836c4423902b941c00ac93ce/f96d3b03-5f28-405e-bd9f-0c596cb0c54b.pptx,,https://www.dhu.edu.cn/_s3/bsxt/list.psp,,,,705df223f72938e92a7ac8a950696961da0949563ee9f96ab7a9960c0ff5432d,8718013,17,12192000,6858000,16:9,Angsana New;Arial;Cordia New;DaunPenh;Didot;DokChampa;Estrangelo Edessa;Euphemia;Gautami;Iskoola Pota;Kalinga;Kartika;Latha;MV Boli;Mangal;Microsoft Himalaya;Microsoft Uighur;Microsoft Yi Baiti;Mongolian Baiti;MoolBoran;Nyala;Plantagenet Cherokee;Raavi;Shruti;Sylfaen;Times New Roman;Tunga;Vrinda;微软雅黑;微软雅黑 Light;思源宋体 CN Heavy;思源宋体 CN SemiBold;思源宋体 Heavy;思源黑体 CN ExtraLight;新細明體;游ゴシック;游ゴシック Light;等线;等线 Light;맑은 고딕,#0563C1;#44546A;#4472C4;#5B9BD5;#70AD47;#954F72;#A5A5A5;#E7E6E6;#ED7D31;#FFC000,265,0,12,0,False,2026-10-02
4131010269,华东师范大学,上海市,community_template,HFY-aa/ecnu-ppt-style,False,community,,assets/templates/版面1-PPT1-师大红.pptx,https://github.com/HFY-aa/ecnu-ppt-style/blob/4f1944ec7b147d9671fa36152926ea6aad6a3479/assets/templates/%E7%89%88%E9%9D%A21-PPT1-%E5%B8%88%E5%A4%A7%E7%BA%A2.pptx,https://raw.githubusercontent.com/HFY-aa/ecnu-ppt-style/4f1944ec7b147d9671fa36152926ea6aad6a3479/assets/templates/%E7%89%88%E9%9D%A21-PPT1-%E5%B8%88%E5%A4%A7%E7%BA%A2.pptx,,https://github.com/HFY-aa/ecnu-ppt-style/blob/4f1944ec7b147d9671fa36152926ea6aad6a3479/README.md,HFY-aa/ecnu-ppt-style,4f1944ec7b147d9671fa36152926ea6aad6a3479,,6203da8ae726af07ff637ebb5520f12e0ea1b077520750397324ec84993af678,258448,25,9144000,5184775,2880:1633,Angsana New;Arial;Calibri;Calibri Light;Cordia New;DaunPenh;DengXian;DengXian Light;DokChampa;Estrangelo Edessa;Euphemia;Gautami;Geometria;Geometria-Italic;Geometria-Medium;Gotham Bold;Gotham Rounded Book;Iskoola Pota;Kalinga;Kartika;Latha;MV Boli;Mangal;Microsoft Himalaya;Microsoft Uighur;Microsoft Yi Baiti;Mongolian Baiti;MoolBoran;Nyala;Plantagenet Cherokee;Raavi;Shruti;Sylfaen;Times New Roman;Tunga;Vrinda;Yu Gothic;Yu Gothic Light;兰亭黑-简 中黑;兰亭黑-简 纤黑;宋体;新細明體;方正兰亭细黑_GBK;맑은 고딕;ＭＳ Ｐゴシック,#0563C1;#44546A;#4472C4;#5B9BD5;#70AD47;#954F72;#A5A5A5;#E7E6E6;#ED7D31;#FFC000,710,0,2,0,False,2026-10-02
4131010269,华东师范大学,上海市,community_template,HFY-aa/ecnu-ppt-style,False,community,,assets/templates/版面1-PPT10-图片2.pptx,https://github.com/HFY-aa/ecnu-ppt-style/blob/4f1944ec7b147d9671fa36152926ea6aad6a3479/assets/templates/%E7%89%88%E9%9D%A21-PPT10-%E5%9B%BE%E7%89%872.pptx,https://raw.githubusercontent.com/HFY-aa/ecnu-ppt-style/4f1944ec7b147d9671fa36152926ea6aad6a3479/assets/templates/%E7%89%88%E9%9D%A21-PPT10-%E5%9B%BE%E7%89%872.pptx,,https://github.com/HFY-aa/ecnu-ppt-style/blob/4f1944ec7b147d9671fa36152926ea6aad6a3479/README.md,HFY-aa/ecnu-ppt-style,4f1944ec7b147d9671fa36152926ea6aad6a3479,,e582fc2aa4d016e23e070f05075018d7894553f0b23f3b6889bcf4314d569826,684577,25,9144000,5184775,2880:1633,Angsana New;Arial;Calibri;Calibri Light;Cordia New;DaunPenh;DengXian;DengXian Light;DokChampa;Estrangelo Edessa;Euphemia;Gautami;Geometria;Geometria-Italic;Geometria-Medium;Gotham Bold;Gotham Rounded Book;Iskoola Pota;Kalinga;Kartika;Latha;MV Boli;Mangal;Microsoft Himalaya;Microsoft Uighur;Microsoft Yi Baiti;Mongolian Baiti;MoolBoran;Nyala;Plantagenet Cherokee;Raavi;Shruti;Sylfaen;Times New Roman;Tunga;Vrinda;Yu Gothic;Yu Gothic Light;兰亭黑-简 中黑;兰亭黑-简 纤黑;宋体;新細明體;方正兰亭细黑_GBK;맑은 고딕;ＭＳ Ｐゴシック,#0563C1;#44546A;#4472C4;#5B9BD5;#70AD47;#954F72;#A5A5A5;#E7E6E6;#ED7D31;#FFC000,709,0,2,0,False,2026-10-02
4131010269,华东师范大学,上海市,community_template,HFY-aa/ecnu-ppt-style,False,community,,assets/templates/版面1-PPT11-图片3.pptx,https://github.com/HFY-aa/ecnu-ppt-style/blob/4f1944ec7b147d9671fa36152926ea6aad6a3479/assets/templates/%E7%89%88%E9%9D%A21-PPT11-%E5%9B%BE%E7%89%873.pptx,https://raw.githubusercontent.com/HFY-aa/ecnu-ppt-style/4f1944ec7b147d9671fa36152926ea6aad6a3479/assets/templates/%E7%89%88%E9%9D%A21-PPT11-%E5%9B%BE%E7%89%873.pptx,,https://github.com/HFY-aa/ecnu-ppt-style/blob/4f1944ec7b147d9671fa36152926ea6aad6a3479/README.md,HFY-aa/ecnu-ppt-style,4f1944ec7b147d9671fa36152926ea6aad6a3479,,bd32162f4ec84c36623a2794e26bb394cf034cb6966640d69c535ba89152bc60,877745,25,9144000,5184775,2880:1633,Angsana New;Arial;Calibri;Calibri Light;Cordia New;DaunPenh;DengXian;DengXian Light;DokChampa;Estrangelo Edessa;Euphemia;Gautami;Geometria;Geometria-Italic;Geometria-Medium;Gotham Bold;Gotham Rounded Book;Iskoola Pota;Kalinga;Kartika;Latha;MV Boli;Mangal;Microsoft Himalaya;Microsoft Uighur;Microsoft Yi Baiti;Mongolian Baiti;MoolBoran;Nyala;Plantagenet Cherokee;Raavi;Shruti;Sylfaen;Times New Roman;Tunga;Vrinda;Yu Gothic;Yu Gothic Light;兰亭黑-简 中黑;兰亭黑-简 纤黑;宋体;新細明體;方正兰亭细黑_GBK;맑은 고딕;ＭＳ Ｐゴシック,#0563C1;#44546A;#4472C4;#5B9BD5;#70AD47;#954F72;#A5A5A5;#E7E6E6;#ED7D31;#FFC000,709,0,2,0,False,2026-10-02
4131010269,华东师范大学,上海市,community_template,HFY-aa/ecnu-ppt-style,False,community,,assets/templates/版面1-PPT12-图片4.pptx,https://github.com/HFY-aa/ecnu-ppt-style/blob/4f1944ec7b147d9671fa36152926ea6aad6a3479/assets/templates/%E7%89%88%E9%9D%A21-PPT12-%E5%9B%BE%E7%89%874.pptx,https://raw.githubusercontent.com/HFY-aa/ecnu-ppt-style/4f1944ec7b147d9671fa36152926ea6aad6a3479/assets/templates/%E7%89%88%E9%9D%A21-PPT12-%E5%9B%BE%E7%89%874.pptx,,https://github.com/HFY-aa/ecnu-ppt-style/blob/4f1944ec7b147d9671fa36152926ea6aad6a3479/README.md,HFY-aa/ecnu-ppt-style,4f1944ec7b147d9671fa36152926ea6aad6a3479,,358e495ef2ec88a942a3b5d4a6fbd1becf6aa7e7248a1b671a081fad9f4f82a1,1339995,25,9144000,5184775,2880:1633,Angsana New;Arial;Calibri;Calibri Light;Cordia New;DaunPenh;DengXian;DengXian Light;DokChampa;Estrangelo Edessa;Euphemia;Gautami;Geometria;Geometria-Italic;Geometria-Medium;Gotham Bold;Gotham Rounded Book;Iskoola Pota;Kalinga;Kartika;Latha;MV Boli;Mangal;Microsoft Himalaya;Microsoft Uighur;Microsoft Yi Baiti;Mongolian Baiti;MoolBoran;Nyala;Plantagenet Cherokee;Raavi;Shruti;Sylfaen;Times New Roman;Tunga;Vrinda;Yu Gothic;Yu Gothic Light;兰亭黑-简 中黑;兰亭黑-简 纤黑;宋体;新細明體;方正兰亭细黑_GBK;맑은 고딕;ＭＳ Ｐゴシック,#0563C1;#44546A;#4472C4;#5B9BD5;#70AD47;#954F72;#A5A5A5;#E7E6E6;#ED7D31;#FFC000,709,0,2,0,False,2026-10-02
4131010269,华东师范大学,上海市,community_template,HFY-aa/ecnu-ppt-style,False,community,,assets/templates/版面1-PPT2-白色.pptx,https://github.com/HFY-aa/ecnu-ppt-style/blob/4f1944ec7b147d9671fa36152926ea6aad6a3479/assets/templates/%E7%89%88%E9%9D%A21-PPT2-%E7%99%BD%E8%89%B2.pptx,https://raw.githubusercontent.com/HFY-aa/ecnu-ppt-style/4f1944ec7b147d9671fa36152926ea6aad6a3479/assets/templates/%E7%89%88%E9%9D%A21-PPT2-%E7%99%BD%E8%89%B2.pptx,,https://github.com/HFY-aa/ecnu-ppt-style/blob/4f1944ec7b147d9671fa36152926ea6aad6a3479/README.md,HFY-aa/ecnu-ppt-style,4f1944ec7b147d9671fa36152926ea6aad6a3479,,2d2fe1c6c318c1933a2160eb8853a7036b9570b2aaff288097c4416ac4ec712e,283786,25,9144000,5184775,2880:1633,Angsana New;Arial;Calibri;Calibri Light;Cordia New;DaunPenh;DengXian;DengXian Light;DokChampa;Estrangelo Edessa;Euphemia;Gautami;Geometria;Geometria-Italic;Geometria-Medium;Gotham Bold;Gotham Rounded Book;Iskoola Pota;Kalinga;Kartika;Latha;MV Boli;Mangal;Microsoft Himalaya;Microsoft Uighur;Microsoft Yi Baiti;Mongolian Baiti;MoolBoran;Nyala;Plantagenet Cherokee;Raavi;Shruti;Sylfaen;Times New Roman;Tunga;Vrinda;Yu Gothic;Yu Gothic Light;兰亭黑-简 中黑;兰亭黑-简 纤黑;宋体;新細明體;方正兰亭细黑_GBK;맑은 고딕;ＭＳ Ｐゴシック,#0563C1;#44546A;#4472C4;#5B9BD5;#70AD47;#954F72;#A5A5A5;#E7E6E6;#ED7D31;#FFC000,709,0,2,0,False,2026-10-02
4131010269,华东师范大学,上海市,community_template,HFY-aa/ecnu-ppt-style,False,community,,assets/templates/版面1-PPT9-图片1.pptx,https://github.com/HFY-aa/ecnu-ppt-style/blob/4f1944ec7b147d9671fa36152926ea6aad6a3479/assets/templates/%E7%89%88%E9%9D%A21-PPT9-%E5%9B%BE%E7%89%871.pptx,https://raw.githubusercontent.com/HFY-aa/ecnu-ppt-style/4f1944ec7b147d9671fa36152926ea6aad6a3479/assets/templates/%E7%89%88%E9%9D%A21-PPT9-%E5%9B%BE%E7%89%871.pptx,,https://github.com/HFY-aa/ecnu-ppt-style/blob/4f1944ec7b147d9671fa36152926ea6aad6a3479/README.md,HFY-aa/ecnu-ppt-style,4f1944ec7b147d9671fa36152926ea6aad6a3479,,ae3c0afc05b816c679882f093d48d5892226df523465bfb276aaa9835f5134cf,862625,25,9144000,5184775,2880:1633,Angsana New;Arial;Calibri;Calibri Light;Cordia New;DaunPenh;DengXian;DengXian Light;DokChampa;Estrangelo Edessa;Euphemia;Gautami;Geometria;Geometria-Italic;Geometria-Medium;Gotham Bold;Gotham Rounded Book;Iskoola Pota;Kalinga;Kartika;Latha;MV Boli;Mangal;Microsoft Himalaya;Microsoft Uighur;Microsoft Yi Baiti;Mongolian Baiti;MoolBoran;Nyala;Plantagenet Cherokee;Raavi;Shruti;Sylfaen;Times New Roman;Tunga;Vrinda;Yu Gothic;Yu Gothic Light;兰亭黑-简 中黑;兰亭黑-简 纤黑;宋体;新細明體;方正兰亭细黑_GBK;맑은 고딕;ＭＳ Ｐゴシック,#0563C1;#44546A;#4472C4;#5B9BD5;#70AD47;#954F72;#A5A5A5;#E7E6E6;#ED7D31;#FFC000,709,0,2,0,False,2026-10-02
4131010269,华东师范大学,上海市,community_template,HFY-aa/ecnu-ppt-style,False,community,,assets/templates/版面2-PPT10-图片2.pptx,https://github.com/HFY-aa/ecnu-ppt-style/blob/4f1944ec7b147d9671fa36152926ea6aad6a3479/assets/templates/%E7%89%88%E9%9D%A22-PPT10-%E5%9B%BE%E7%89%872.pptx,https://raw.githubusercontent.com/HFY-aa/ecnu-ppt-style/4f1944ec7b147d9671fa36152926ea6aad6a3479/assets/templates/%E7%89%88%E9%9D%A22-PPT10-%E5%9B%BE%E7%89%872.pptx,,https://github.com/HFY-aa/ecnu-ppt-style/blob/4f1944ec7b147d9671fa36152926ea6aad6a3479/README.md,HFY-aa/ecnu-ppt-style,4f1944ec7b147d9671fa36152926ea6aad6a3479,,4935b0cddc13ec287c73b9cb1828536ca9fae82a50290a367a5df65056978eb8,684959,25,9144000,5184775,2880:1633,Angsana New;Arial;Calibri;Calibri Light;Cordia New;DaunPenh;DengXian;DengXian Light;DokChampa;Estrangelo Edessa;Euphemia;Gautami;Geometria;Geometria-Italic;Geometria-Medium;Gotham Bold;Gotham Rounded Book;Iskoola Pota;Kalinga;Kartika;Latha;MV Boli;Mangal;Microsoft Himalaya;Microsoft Uighur;Microsoft Yi Baiti;Mongolian Baiti;MoolBoran;Nyala;Plantagenet Cherokee;Raavi;Shruti;Sylfaen;Times New Roman;Tunga;Vrinda;Yu Gothic;Yu Gothic Light;兰亭黑-简 中黑;兰亭黑-简 纤黑;宋体;新細明體;方正兰亭细黑_GBK;맑은 고딕;ＭＳ Ｐゴシック,#0563C1;#44546A;#4472C4;#5B9BD5;#70AD47;#954F72;#A5A5A5;#E7E6E6;#ED7D31;#FFC000,714,0,2,0,False,2026-10-02
4131010269,华东师范大学,上海市,community_template,HFY-aa/ecnu-ppt-style,False,community,,assets/templates/版面2-PPT11-图片3.pptx,https://github.com/HFY-aa/ecnu-ppt-style/blob/4f1944ec7b147d9671fa36152926ea6aad6a3479/assets/templates/%E7%89%88%E9%9D%A22-PPT11-%E5%9B%BE%E7%89%873.pptx,https://raw.githubusercontent.com/HFY-aa/ecnu-ppt-style/4f1944ec7b147d9671fa36152926ea6aad6a3479/assets/templates/%E7%89%88%E9%9D%A22-PPT11-%E5%9B%BE%E7%89%873.pptx,,https://github.com/HFY-aa/ecnu-ppt-style/blob/4f1944ec7b147d9671fa36152926ea6aad6a3479/README.md,HFY-aa/ecnu-ppt-style,4f1944ec7b147d9671fa36152926ea6aad6a3479,,a42367c1364e8cd924155a3a6872722e206329d70fbea119b78b440fa09abcff,878674,25,9144000,5184775,2880:1633,Angsana New;Arial;Calibri;Calibri Light;Cordia New;DaunPenh;DengXian;DengXian Light;DokChampa;Estrangelo Edessa;Euphemia;Gautami;Geometria;Geometria-Italic;Geometria-Medium;Gotham Bold;Gotham Rounded Book;Iskoola Pota;Kalinga;Kartika;Latha;MV Boli;Mangal;Microsoft Himalaya;Microsoft Uighur;Microsoft Yi Baiti;Mongolian Baiti;MoolBoran;Nyala;Plantagenet Cherokee;Raavi;Shruti;Sylfaen;Times New Roman;Tunga;Vrinda;Yu Gothic;Yu Gothic Light;兰亭黑-简 中黑;兰亭黑-简 纤黑;宋体;新細明體;方正兰亭细黑_GBK;맑은 고딕;ＭＳ Ｐゴシック,#0563C1;#44546A;#4472C4;#5B9BD5;#70AD47;#954F72;#A5A5A5;#E7E6E6;#ED7D31;#FFC000,714,0,2,0,False,2026-10-02
4131010269,华东师范大学,上海市,community_template,HFY-aa/ecnu-ppt-style,False,community,,assets/templates/版面2-PPT12-图片4.pptx,https://github.com/HFY-aa/ecnu-ppt-style/blob/4f1944ec7b147d9671fa36152926ea6aad6a3479/assets/templates/%E7%89%88%E9%9D%A22-PPT12-%E5%9B%BE%E7%89%874.pptx,https://raw.githubusercontent.com/HFY-aa/ecnu-ppt-style/4f1944ec7b147d9671fa36152926ea6aad6a3479/assets/templates/%E7%89%88%E9%9D%A22-PPT12-%E5%9B%BE%E7%89%874.pptx,,https://github.com/HFY-aa/ecnu-ppt-style/blob/4f1944ec7b147d9671fa36152926ea6aad6a3479/README.md,HFY-aa/ecnu-ppt-style,4f1944ec7b147d9671fa36152926ea6aad6a3479,,f20e7338d3dcc5c1236482a06abd369d118efce2b02e3f7634769d58a9a54258,1339762,25,9144000,5184775,2880:1633,Angsana New;Arial;Calibri;Calibri Light;Cordia New;DaunPenh;DengXian;DengXian Light;DokChampa;Estrangelo Edessa;Euphemia;Gautami;Geometria;Geometria-Italic;Geometria-Medium;Gotham Bold;Gotham Rounded Book;Iskoola Pota;Kalinga;Kartika;Latha;MV Boli;Mangal;Microsoft Himalaya;Microsoft Uighur;Microsoft Yi Baiti;Mongolian Baiti;MoolBoran;Nyala;Plantagenet Cherokee;Raavi;Shruti;Sylfaen;Times New Roman;Tunga;Vrinda;Yu Gothic;Yu Gothic Light;兰亭黑-简 中黑;兰亭黑-简 纤黑;宋体;新細明體;方正兰亭细黑_GBK;맑은 고딕;ＭＳ Ｐゴシック,#0563C1;#44546A;#4472C4;#5B9BD5;#70AD47;#954F72;#A5A5A5;#E7E6E6;#ED7D31;#FFC000,714,0,2,0,False,2026-10-02
4131010269,华东师范大学,上海市,community_template,HFY-aa/ecnu-ppt-style,False,community,,assets/templates/版面2-PPT2-白色.pptx,https://github.com/HFY-aa/ecnu-ppt-style/blob/4f1944ec7b147d9671fa36152926ea6aad6a3479/assets/templates/%E7%89%88%E9%9D%A22-PPT2-%E7%99%BD%E8%89%B2.pptx,https://raw.githubusercontent.com/HFY-aa/ecnu-ppt-style/4f1944ec7b147d9671fa36152926ea6aad6a3479/assets/templates/%E7%89%88%E9%9D%A22-PPT2-%E7%99%BD%E8%89%B2.pptx,,https://github.com/HFY-aa/ecnu-ppt-style/blob/4f1944ec7b147d9671fa36152926ea6aad6a3479/README.md,HFY-aa/ecnu-ppt-style,4f1944ec7b147d9671fa36152926ea6aad6a3479,,880a1f93dd4f3a37e2ca0728994f8da365b4a34ed688175b11cfa1cf619b5655,379873,26,9144000,5184775,2880:1633,Angsana New;Arial;Calibri;Calibri Light;Cordia New;DaunPenh;DengXian;DengXian Light;DokChampa;Estrangelo Edessa;Euphemia;Gautami;Geometria;Geometria-Italic;Geometria-Medium;Gotham Bold;Gotham Rounded Book;Iskoola Pota;Kalinga;Kartika;Latha;MV Boli;Mangal;Microsoft Himalaya;Microsoft Uighur;Microsoft Yi Baiti;Mongolian Baiti;MoolBoran;Nyala;Plantagenet Cherokee;Raavi;Shruti;Sylfaen;Times New Roman;Tunga;Vrinda;Yu Gothic;Yu Gothic Light;兰亭黑-简 中黑;兰亭黑-简 纤黑;宋体;新細明體;方正兰亭细黑_GBK;맑은 고딕;ＭＳ Ｐゴシック,#0563C1;#44546A;#4472C4;#5B9BD5;#70AD47;#954F72;#A5A5A5;#E7E6E6;#ED7D31;#FFC000,738,0,2,0,False,2026-10-02
4131010269,华东师范大学,上海市,community_template,HFY-aa/ecnu-ppt-style,False,community,,assets/templates/版面2-PPT9-图片1.pptx,https://github.com/HFY-aa/ecnu-ppt-style/blob/4f1944ec7b147d9671fa36152926ea6aad6a3479/assets/templates/%E7%89%88%E9%9D%A22-PPT9-%E5%9B%BE%E7%89%871.pptx,https://raw.githubusercontent.com/HFY-aa/ecnu-ppt-style/4f1944ec7b147d9671fa36152926ea6aad6a3479/assets/templates/%E7%89%88%E9%9D%A22-PPT9-%E5%9B%BE%E7%89%871.pptx,,https://github.com/HFY-aa/ecnu-ppt-style/blob/4f1944ec7b147d9671fa36152926ea6aad6a3479/README.md,HFY-aa/ecnu-ppt-style,4f1944ec7b147d9671fa36152926ea6aad6a3479,,a14403ac401102910089cce9d9cea42fa9e38acc738af0541fceb9a06c6c2d21,862919,25,9144000,5184775,2880:1633,Angsana New;Arial;Calibri;Calibri Light;Cordia New;DaunPenh;DengXian;DengXian Light;DokChampa;Estrangelo Edessa;Euphemia;Gautami;Geometria;Geometria-Italic;Geometria-Medium;Gotham Bold;Gotham Rounded Book;Iskoola Pota;Kalinga;Kartika;Latha;MV Boli;Mangal;Microsoft Himalaya;Microsoft Uighur;Microsoft Yi Baiti;Mongolian Baiti;MoolBoran;Nyala;Plantagenet Cherokee;Raavi;Shruti;Sylfaen;Times New Roman;Tunga;Vrinda;Yu Gothic;Yu Gothic Light;兰亭黑-简 中黑;兰亭黑-简 纤黑;宋体;新細明體;方正兰亭细黑_GBK;맑은 고딕;ＭＳ Ｐゴシック,#0563C1;#44546A;#4472C4;#5B9BD5;#70AD47;#954F72;#A5A5A5;#E7E6E6;#ED7D31;#FFC000,714,0,2,0,False,2026-10-02
4131010270,上海师范大学,上海市,official_template,上海师范大学生命科学学院,True,department,,学院PPT模板【绿-学术】.pptx,https://cls.shnu.edu.cn/_upload/article/files/27/b3/f62ad4164b37803d2ec45de27b61/6218a4e4-f891-4f35-831e-918301878d98.pptx,https://cls.shnu.edu.cn/_upload/article/files/27/b3/f62ad4164b37803d2ec45de27b61/6218a4e4-f891-4f35-831e-918301878d98.pptx,,https://cls.shnu.edu.cn/33505/list.htm,,,,10efce13aad03600a85011778b500bbe2d0dec8c1a24763cccd678e3d00d5fa5,7902475,17,12192000,6858000,16:9,Angsana New;Arial;Arial Black;Calibri;Calibri Light;Cordia New;DaunPenh;DokChampa;Estrangelo Edessa;Euphemia;Gautami;Impact;Iskoola Pota;Kalinga;Kartika;Latha;Lato;MV Boli;Mangal;Microsoft Himalaya;Microsoft Uighur;Microsoft Yi Baiti;Mongolian Baiti;Montserrat;MoolBoran;Nyala;Plantagenet Cherokee;Raavi;Shruti;Sylfaen;Times New Roman;Tunga;Vrinda;宋体;微软雅黑;微软雅黑 Light;思源宋体 CN Heavy;思源黑体 CN Bold;思源黑体 CN Heavy;思源黑体 CN Light;新細明體;等线;맑은 고딕;ＭＳ Ｐゴシック,#0563C1;#2B948C;#3B5DCC;#44546A;#4472C4;#5B9BD5;#5C448A;#70AD47;#954F72;#A5A5A5;#CC4226;#D7010E;#E7E6E6;#ED7D31;#FCDE99;#FFC000,326,0,17,0,False,2026-10-02
4131010270,上海师范大学,上海市,official_template,上海师范大学生命科学学院,True,department,,学院PPT模板【红-鎏金】.pptx,https://cls.shnu.edu.cn/_upload/article/files/27/b3/f62ad4164b37803d2ec45de27b61/a11d28a4-6931-4337-b166-9047be55526b.pptx,https://cls.shnu.edu.cn/_upload/article/files/27/b3/f62ad4164b37803d2ec45de27b61/a11d28a4-6931-4337-b166-9047be55526b.pptx,,https://cls.shnu.edu.cn/33505/list.htm,,,,2b1cfc8307499c525ab6687899beabc44009b2b09a48ac0f3be2f68769782a54,4010424,17,12192000,6858000,16:9,Angsana New;Arial;Arial Black;Calibri;Cordia New;DaunPenh;DokChampa;Ebrima;Estrangelo Edessa;Euphemia;Gautami;Impact;Iskoola Pota;Javanese Text;Kalinga;Kartika;Latha;Lato;Leelawadee UI;MV Boli;Mangal;Microsoft Himalaya;Microsoft JhengHei;Microsoft New Tai Lue;Microsoft Tai Le;Microsoft Uighur;Microsoft Yi Baiti;Mongolian Baiti;Montserrat;MoolBoran;Myanmar Text;Nirmala UI;Nyala;OPPOSans L;Phagspa;Plantagenet Cherokee;Raavi;Segoe UI;Segoe UI Semilight;Shruti;Sylfaen;Times New Roman;Tunga;Vrinda;微软雅黑;微软雅黑 Light;思源宋体 CN Heavy;思源黑体 CN Heavy;思源黑体 CN Light;思源黑体 CN Medium;新細明體;游ゴシック;游ゴシック Light;等线;等线 Light;맑은 고딕,#0563C1;#2F2F2F;#44546A;#4472C4;#535353;#5B9BD5;#614544;#70AD47;#727272;#778495;#954F72;#979797;#A5A5A5;#B30000;#CF8B4F;#D14337;#DCAD87;#E7E6E6;#ED7D31;#F0F0F0;#F6E1C8;#F84D4D;#FFAF6A;#FFC000;#FFFFFF,316,0,19,0,False,2026-10-02
4111010003,清华大学,北京市,official_template,清华大学文化建设办公室（环境学院网站转发）,True,school,2025,2025年度演示文稿模板1-校园风光主题,https://www.env.tsinghua.edu.cn/2025nianduyanshiwengaomoban1-xiaoyuanfengguangzhuti.pptx,https://www.env.tsinghua.edu.cn/2025nianduyanshiwengaomoban1-xiaoyuanfengguangzhuti.pptx,,https://www.env.tsinghua.edu.cn/info/1344/7931.htm,,,,931aa5bf732518305c86ce8c27243541eaf998719b3bed488c82762a79fa6ce3,103194067,34,12192000,6858000,16:9,Algerian;Alibaba PuHuiTi;Angsana New;Arial;Arial Black;Calibri;Cordia New;DaunPenh;DokChampa;Estrangelo Edessa;Euphemia;Footlight MT Light;Gautami;HarmonyOS Sans SC;Iskoola Pota;Kalinga;Kartika;Latha;MV Boli;Mangal;Microsoft Himalaya;Microsoft Uighur;Microsoft Yi Baiti;Mongolian Baiti;MoolBoran;Nyala;Plantagenet Cherokee;Poppins;Raavi;Shruti;SimSun;Sylfaen;Times New Roman;Tunga;Vrinda;Wingdings;华文新魏;华文细黑;宋体;微软雅黑;新細明體;游ゴシック;游ゴシック Light;等线;等线 Light;黑体;맑은 고딕,#0563C1;#44546A;#4472C4;#5B9BD5;#70AD47;#954F72;#A5A5A5;#E7E6E6;#ED7D31;#FFC000,304,0,61,0,False,2026-10-02
4111010003,清华大学,北京市,official_template,清华大学文化建设办公室（环境学院网站转发）,True,school,2025,2025年度演示文稿模板2-通用主题,https://www.env.tsinghua.edu.cn/2025nianduyanshiwengaomoban2-tongyongzhuti.pptx,https://www.env.tsinghua.edu.cn/2025nianduyanshiwengaomoban2-tongyongzhuti.pptx,,https://www.env.tsinghua.edu.cn/info/1344/7931.htm,,,,20ec6e6cb55e783aedaf5ca900eb1c977a2bb1554651b6bf0e26bddf5304faff,39500779,29,12192000,6858000,16:9,Alibaba PuHuiTi;Angsana New;Arial;Arial Black;Calibri;Cordia New;DaunPenh;DokChampa;Ebrima;Estrangelo Edessa;Euphemia;Gautami;HarmonyOS Sans SC;HarmonyOS Sans SC Black;Impact;Iskoola Pota;Javanese Text;Kalinga;Kartika;Latha;Leelawadee UI;MV Boli;Mangal;MiSans Normal;Microsoft Himalaya;Microsoft JhengHei;Microsoft New Tai Lue;Microsoft Tai Le;Microsoft Uighur;Microsoft Yi Baiti;Mongolian Baiti;Montserrat;Montserrat Medium;MoolBoran;Myanmar Text;Nirmala UI;Nyala;OPPOSans B;Open Sans;Open Sans Light;Phagspa;Plantagenet Cherokee;Poppins;Raavi;Roboto Condensed;Segoe UI;Shruti;SimSun;Source Han Sans Regular;Sylfaen;Times New Roman;Tunga;Vrinda;微软雅黑;微软雅黑 Light;思源黑体 CN Bold;新細明體;游ゴシック;游ゴシック Light;等线;等线 Light;阿里巴巴普惠体 Heavy;黑体;맑은 고딕,#000000;#00B0F0;#0563C1;#3C3652;#44546A;#4472C4;#467886;#47BAFF;#5199EA;#5B84D8;#5B9BD5;#6637E9;#68A4C6;#6A69B6;#70AD47;#7561D6;#912C8D;#954F72;#96607D;#A5A5A5;#E7E6E6;#ED7D31;#FFC000;#FFFFFF,426,0,52,0,False,2026-10-02
4111010003,清华大学,北京市,official_template,清华大学文化建设办公室（环境学院网站转发）,True,school,2025,2025年度演示文稿模板3-党建主题,https://www.env.tsinghua.edu.cn/2025nianduyanshiwengaomoban3-dangjianzhuti.pptx,https://www.env.tsinghua.edu.cn/2025nianduyanshiwengaomoban3-dangjianzhuti.pptx,,https://www.env.tsinghua.edu.cn/info/1344/7931.htm,,,,2476b6c84bd2f0912d87e0d110e794e65a3a41ef8b626041aa6d32ee075e59ca,72243921,24,9144000,5143500,16:9,Alibaba PuHuiTi;Alibaba PuHuiTi H;Angsana New;Arial;Cordia New;DaunPenh;DokChampa;Ebrima;Estrangelo Edessa;Euphemia;Gautami;Impact;Iskoola Pota;Javanese Text;Kalinga;Kartika;Latha;Leelawadee UI;MV Boli;Mangal;Microsoft Himalaya;Microsoft JhengHei;Microsoft New Tai Lue;Microsoft Tai Le;Microsoft Uighur;Microsoft Yi Baiti;Mongolian Baiti;MoolBoran;Myanmar Text;Nirmala UI;Nyala;OPPOSans B;OPPOSans Bold;OPPOSans R;Phagspa;Plantagenet Cherokee;Poppins;Raavi;Segoe UI;Shruti;Sylfaen;Times New Roman;Tunga;Vrinda;字魂35号-经典雅黑;微软雅黑;思源宋体 CN Heavy;思源黑体 CN Bold;思源黑体 CN Regular;新細明體;游ゴシック;游ゴシック Light;等线;等线 Light;阿里巴巴普惠体 Heavy;맑은 고딕,#0563C1;#44546A;#4472C4;#5B9BD5;#70AD47;#954F72;#A5A5A5;#E7E6E6;#ED7D31;#FFC000,355,0,17,0,False,2026-10-02
4111010003,清华大学,北京市,official_template,清华大学文化建设办公室（环境学院网站转发）,True,school,2025,2025年度演示文稿模板4-人文主题,https://www.env.tsinghua.edu.cn/2025nianduyanshiwengaomoban4-renwenzhuti.pptx,https://www.env.tsinghua.edu.cn/2025nianduyanshiwengaomoban4-renwenzhuti.pptx,,https://www.env.tsinghua.edu.cn/info/1344/7931.htm,,,,e2591cce4b6720c443bc36fffdcf05d3d56b143862f1e937f03cbcde29490584,103757506,29,12192000,6858000,16:9,Angsana New;Arial;Cordia New;DaunPenh;DokChampa;Ebrima;Estrangelo Edessa;Euphemia;FZQingKeBenYueSongS M;Gautami;Iskoola Pota;Javanese Text;Kalinga;Kartika;Latha;Leelawadee UI;MV Boli;Mangal;Microsoft Himalaya;Microsoft JhengHei;Microsoft New Tai Lue;Microsoft Tai Le;Microsoft Uighur;Microsoft Yi Baiti;Mongolian Baiti;MoolBoran;Myanmar Text;Nirmala UI;Nyala;Phagspa;Plantagenet Cherokee;Raavi;Segoe UI;Shruti;Sylfaen;Times New Roman;Tunga;Vrinda;微软雅黑;新細明體;方正粗金陵简体;游ゴシック;游ゴシック Light;等线;等线 Light;맑은 고딕,#0563C1;#44546A;#4472C4;#5B9BD5;#70AD47;#954F72;#A5A5A5;#E7E6E6;#ED7D31;#FFC000,205,0,48,0,False,2026-10-02
4111010003,清华大学,北京市,official_template,清华大学文化建设办公室（环境学院网站转发）,True,school,2025,2025年度演示文稿模板5-科技主题,https://www.env.tsinghua.edu.cn/2025nianduyanshiwengaomoban5-kejizhuti.pptx,https://www.env.tsinghua.edu.cn/2025nianduyanshiwengaomoban5-kejizhuti.pptx,,https://www.env.tsinghua.edu.cn/info/1344/7931.htm,,,,187c7620370a0f8b37648653e1e967c80ca90095ee522c7d54f9093fa0131676,81622420,32,9144000,5143500,16:9,Alibaba PuHuiTi;Alibaba PuHuiTi M;Angsana New;Arial;Calibri;Calibri Light;Cordia New;DaunPenh;DokChampa;Ebrima;Estrangelo Edessa;Euphemia;Fjalla One;FontAwesome;Gautami;Gill Sans;HarmonyOS Sans SC;Helvetica;Iskoola Pota;Javanese Text;Kalinga;Kartika;Latha;Lato;League Gothic Regular;Leelawadee UI;MS PGothic;MV Boli;Mangal;MiSans;Microsoft Himalaya;Microsoft JhengHei;Microsoft New Tai Lue;Microsoft Tai Le;Microsoft Uighur;Microsoft Yi Baiti;Mongolian Baiti;MoolBoran;Myanmar Text;Neris Thin;Nirmala UI;Nyala;OPPOSans R;Phagspa;Plantagenet Cherokee;Poppins;Raavi;Roboto;Segoe UI;Shruti;Sylfaen;Tahoma;Times New Roman;Tunga;Vrinda;Wingdings;inpin heiti;宋体;庞门正道标题体;微软雅黑;微软雅黑 Light;思源黑体 CN Bold;思源黑体 CN Regular;新細明體;游ゴシック;游ゴシック Light;等线;等线 Light;맑은 고딕;ＭＳ Ｐゴシック,#0563C1;#44546A;#4472C4;#5B9BD5;#70AD47;#954F72;#A5A5A5;#E7E6E6;#ED7D31;#FFC000,429,0,42,0,False,2026-10-02
4111010003,清华大学,北京市,official_template,清华大学文化建设办公室（环境学院网站转发）,True,school,2024,2024年度清华大学PPT模板1,https://www.env.tsinghua.edu.cn/2024nianduqinghuadaxuePPTmoban1.pptx,https://www.env.tsinghua.edu.cn/2024nianduqinghuadaxuePPTmoban1.pptx,,https://www.env.tsinghua.edu.cn/info/1344/7931.htm,,,,04341d237a45158dc2d73d7d6d2e0962162eee99c6f34e346240435c5aa7766d,3064345,6,12192000,6858000,16:9,Angsana New;Arial;Calibri;Calibri Light;Cordia New;DaunPenh;DokChampa;Estrangelo Edessa;Euphemia;Gautami;Iskoola Pota;Kalinga;Kartika;Latha;MV Boli;Mangal;Microsoft Himalaya;Microsoft Uighur;Microsoft YaHei;Microsoft YaHei Bold;Microsoft YaHei Regular;Microsoft Yi Baiti;Mongolian Baiti;MoolBoran;Nyala;Plantagenet Cherokee;Raavi;Shruti;Source Han Sans SC;Source Han Sans SC Medium;Sylfaen;Tahoma;Times New Roman;Tunga;Vrinda;Wingdings;メイリオ;宋体;新細明體;游ゴシック;游ゴシック Light;맑은 고딕;ＭＳ Ｐゴシック,#0563C1;#44546A;#4472C4;#5B9BD5;#70AD47;#954F72;#A5A5A5;#E7E6E6;#ED7D31;#FFC000,24,5,8,0,False,2026-10-02
4111010003,清华大学,北京市,official_template,清华大学文化建设办公室（环境学院网站转发）,True,school,2024,2024年度清华大学PPT模板2,https://www.env.tsinghua.edu.cn/2024nianduqinghuadaxuePPTmoban2.pptx,https://www.env.tsinghua.edu.cn/2024nianduqinghuadaxuePPTmoban2.pptx,,https://www.env.tsinghua.edu.cn/info/1344/7931.htm,,,,33c5cfb5b599df6ff5a2c520c8de837ee89078e0235c7a7ddf950918705a8e71,24407241,7,12192000,6858000,16:9,Angsana New;Arial;Book Antiqua;Calibri;Calibri Light;Century Gothic;Cordia New;DaunPenh;David;DilleniaUPC;DokChampa;Estrangelo Edessa;EucrosiaUPC;Euphemia;Gautami;Gisha;HGS明朝B;HY견명조;Iskoola Pota;Kalinga;Kartika;Latha;MV Boli;Mangal;Microsoft Himalaya;Microsoft Uighur;Microsoft YaHei;Microsoft YaHei Bold;Microsoft YaHei Regular;Microsoft Yi Baiti;Mongolian Baiti;MoolBoran;Nyala;Plantagenet Cherokee;Raavi;Shruti;Songti SC Bold;Source Han Sans SC;Source Han Sans SC Medium;Sylfaen;Tahoma;Times New Roman;Tunga;Verdana;Vrinda;Wingdings;宋体;幼圆;微軟正黑體;新細明體;游ゴシック;游ゴシック Light;맑은 고딕;ＭＳ ゴシック;ＭＳ Ｐゴシック,#0026E5;#0563C1;#0F1423;#30C0B4;#44546A;#4472C4;#4874CB;#5B9BD5;#70AD47;#75BD42;#7E1FAD;#954F72;#A5A5A5;#E54C5E;#E7E6E6;#ED7D31;#EE822F;#F2BA02;#FFC000;#FFFFFF,20,6,9,0,False,2026-10-02
4111010003,清华大学,北京市,official_template,清华大学文化建设办公室（环境学院网站转发）,True,school,2024,2024年度清华大学PPT模板3,https://www.env.tsinghua.edu.cn/2024nianduqinghuadaxuePPTmoban3.pptx,https://www.env.tsinghua.edu.cn/2024nianduqinghuadaxuePPTmoban3.pptx,,https://www.env.tsinghua.edu.cn/info/1344/7931.htm,,,,d2d7d58e87f39f1132c1421839ad717f123c4fc930dd2eef89fd84d624ea95b2,3954815,11,12192000,6858000,16:9,Arial;Helvetica Neue;Helvetica Neue Medium;Microsoft YaHei;Microsoft YaHei Bold;Microsoft YaHei Regular;Source Han Sans SC;Source Han Sans SC Medium;Wingdings;微软雅黑,#000000;#0000FF;#00A2FF;#16E7CF;#5E5E5E;#61D836;#D5D5D5;#FF00FF;#FF42A1;#FF644E;#FFD932;#FFFFFF,34,10,11,0,False,2026-10-02
4111010003,清华大学,北京市,official_template,清华大学文化建设办公室（环境学院网站转发）,True,school,2024,2024年度清华大学PPT模板4,https://www.env.tsinghua.edu.cn/2024nianduqinghuadaxuePPTmoban4.pptx,https://www.env.tsinghua.edu.cn/2024nianduqinghuadaxuePPTmoban4.pptx,,https://www.env.tsinghua.edu.cn/info/1344/7931.htm,,,,95ed7b761f9d5b9413d4fd6a33652c9eee208dee66865bdc8e43b29d5478b3d7,14801810,13,12192000,6858000,16:9,Arial;Helvetica Neue;Helvetica Neue Medium;Microsoft YaHei;Microsoft YaHei Bold;Microsoft YaHei Regular;Source Han Sans SC;Source Han Sans SC Medium;Wingdings;微软雅黑,#000000;#0000FF;#00A2FF;#16E7CF;#5E5E5E;#61D836;#D5D5D5;#FF00FF;#FF42A1;#FF644E;#FFD932;#FFFFFF,41,12,15,0,False,2026-10-02
4111010003,清华大学,北京市,official_template,清华大学文化建设办公室（环境学院网站转发）,True,school,2024,2024年度清华大学PPT模板5,https://www.env.tsinghua.edu.cn/2024nianduqinghuadaxuePPTmoban5.pptx,https://www.env.tsinghua.edu.cn/2024nianduqinghuadaxuePPTmoban5.pptx,,https://www.env.tsinghua.edu.cn/info/1344/7931.htm,,,,7c6719f422f7d5383897e55feca1ffa99e83c402414a5c8f8086e997e8b944f8,29342985,12,12192000,6858000,16:9,Angsana New;Arial;Calibri;Calibri Light;Cordia New;DaunPenh;DokChampa;Estrangelo Edessa;Euphemia;Gautami;Iskoola Pota;Kalinga;Kartika;Latha;MV Boli;Mangal;Microsoft Himalaya;Microsoft Uighur;Microsoft YaHei;Microsoft YaHei Bold;Microsoft YaHei Light;Microsoft YaHei Regular;Microsoft Yi Baiti;Mongolian Baiti;MoolBoran;Nyala;Plantagenet Cherokee;Raavi;Shruti;Source Han Sans SC;Source Han Sans SC Medium;Sylfaen;Times New Roman;Tunga;Vrinda;Wingdings;宋体;微软雅黑;新細明體;游ゴシック;游ゴシック Light;맑은 고딕;ＭＳ Ｐゴシック,#0026E5;#0563C1;#0F1423;#30C0B4;#44546A;#4472C4;#4874CB;#5B9BD5;#70AD47;#75BD42;#7E1FAD;#954F72;#A5A5A5;#E54C5E;#E7E6E6;#ED7D31;#EE822F;#F2BA02;#FFC000;#FFFFFF,35,11,11,0,False,2026-10-02
4111010003,清华大学,北京市,official_template,清华大学文化建设办公室（环境学院网站转发）,True,school,2023,文件 2023年度清华大学演示文档系列模板1-清华晨曦.pptx,https://www.env.tsinghua.edu.cn/fujian2-2023nianduqinghuadaxueyanshiwendangxiliemoban1-qinghuachenxi.pptx,https://www.env.tsinghua.edu.cn/fujian2-2023nianduqinghuadaxueyanshiwendangxiliemoban1-qinghuachenxi.pptx,,https://www.env.tsinghua.edu.cn/info/1344/7931.htm,,,,d1d2c9028c8844ac17fbdea6f14ae6995b5159dcb2067a644e5084b6acc08326,3746122,7,9144000,5143500,16:9,Angsana New;Arial;Cordia New;DaunPenh;DengXian;DokChampa;Ebrima;Estrangelo Edessa;Euphemia;Garamond;Gautami;Iskoola Pota;Javanese Text;Kalinga;Kartika;Latha;Leelawadee UI;MV Boli;Mangal;Microsoft Himalaya;Microsoft JhengHei;Microsoft New Tai Lue;Microsoft Tai Le;Microsoft Uighur;Microsoft Yi Baiti;Mongolian Baiti;MoolBoran;Myanmar Text;Nirmala UI;Nyala;Phagspa;Plantagenet Cherokee;Raavi;Segoe UI;Shruti;Source Han Sans CN Bold;Source Han Sans CN Medium;Source Han Sans CN Normal;Source Han Sans CN Regular;Sylfaen;Times New Roman;Tunga;Vrinda;Wingdings;微軟正黑體;思源黑体 CN Bold;思源黑体 CN Normal;新細明體;方正舒体;游ゴシック;游ゴシック Light;等线;等线 Light;黑体;돋움;맑은 고딕;ＭＳ Ｐゴシック,#0563C1;#44546A;#4472C4;#5B9BD5;#70AD47;#954F72;#A5A5A5;#E7E6E6;#ED7D31;#FFC000,1,6,9,0,False,2026-10-02
4111010003,清华大学,北京市,official_template,清华大学文化建设办公室（环境学院网站转发）,True,school,2023,文件 2023年度清华大学演示文档系列模板2-北馆·月色伴读.pptx,https://www.env.tsinghua.edu.cn/fujian3-2023nianduqinghuadaxueyanshiwendangxiliemoban2-beiguan-yuesebandu.pptx,https://www.env.tsinghua.edu.cn/fujian3-2023nianduqinghuadaxueyanshiwendangxiliemoban2-beiguan-yuesebandu.pptx,,https://www.env.tsinghua.edu.cn/info/1344/7931.htm,,,,89f8c93d063bd5754ce88d9c1d4a83fdbbf7260bf21f068100bac444ddf0618b,3141873,8,9144000,5143500,16:9,Angsana New;Arial;Cordia New;DaunPenh;DengXian;DokChampa;Ebrima;Estrangelo Edessa;Euphemia;Garamond;Gautami;Iskoola Pota;Javanese Text;Kalinga;Kartika;Latha;Leelawadee UI;MV Boli;Mangal;Microsoft Himalaya;Microsoft JhengHei;Microsoft New Tai Lue;Microsoft Tai Le;Microsoft Uighur;Microsoft Yi Baiti;Mongolian Baiti;MoolBoran;Myanmar Text;Nirmala UI;Nyala;Phagspa;Plantagenet Cherokee;Raavi;Segoe UI;Shruti;SimHei;Source Han Sans CN Bold;Source Han Sans CN Medium;Source Han Sans CN Normal;Source Han Sans CN Regular;Sylfaen;Times New Roman;Tunga;Vrinda;Wingdings;微軟正黑體;思源黑体 CN Bold;思源黑体 CN Normal;新細明體;方正舒体;游ゴシック;游ゴシック Light;等线;等线 Light;黑体;돋움;맑은 고딕;ＭＳ Ｐゴシック,#0563C1;#44546A;#4472C4;#5B9BD5;#70AD47;#954F72;#A5A5A5;#E7E6E6;#ED7D31;#FFC000,6,6,5,0,False,2026-10-02
4111010003,清华大学,北京市,official_template,清华大学文化建设办公室（环境学院网站转发）,True,school,2023,文件 2023年度清华大学演示文档系列模板3-老馆·月色伴读.pptx,https://www.env.tsinghua.edu.cn/fujian4-2023nianduqinghuadaxueyanshiwendangxiliemoban3-laoguan-yuesebandu.pptx,https://www.env.tsinghua.edu.cn/fujian4-2023nianduqinghuadaxueyanshiwendangxiliemoban3-laoguan-yuesebandu.pptx,,https://www.env.tsinghua.edu.cn/info/1344/7931.htm,,,,011387ed20e1c7b1e026fb1e512f33bef92ecaa380c50ffe1a08b6e269887453,1945037,6,9144000,5143500,16:9,Angsana New;Arial;Cordia New;DaunPenh;DengXian;DokChampa;Ebrima;Estrangelo Edessa;Euphemia;Garamond;Gautami;Iskoola Pota;Javanese Text;Kalinga;Kartika;Latha;Leelawadee UI;MV Boli;Mangal;Microsoft Himalaya;Microsoft JhengHei;Microsoft New Tai Lue;Microsoft Tai Le;Microsoft Uighur;Microsoft Yi Baiti;Mongolian Baiti;MoolBoran;Myanmar Text;Nirmala UI;Nyala;Phagspa;Plantagenet Cherokee;Raavi;Segoe UI;Shruti;Source Han Sans CN Bold;Source Han Sans CN Medium;Source Han Sans CN Normal;Source Han Sans CN Regular;Sylfaen;Times New Roman;Tunga;Vrinda;Wingdings;微軟正黑體;思源黑体 CN Bold;思源黑体 CN Normal;新細明體;方正舒体;游ゴシック;游ゴシック Light;等线;等线 Light;黑体;돋움;맑은 고딕;ＭＳ Ｐゴシック,#0563C1;#44546A;#4472C4;#5B9BD5;#70AD47;#954F72;#A5A5A5;#E7E6E6;#ED7D31;#FFC000,0,6,3,0,False,2026-10-02
4111010003,清华大学,北京市,official_template,清华大学文化建设办公室（环境学院网站转发）,True,school,2023,文件 2023年度清华大学演示文档系列模板4-创新之光.pptx,https://www.env.tsinghua.edu.cn/fujian5-2023nianduqinghuadaxueyanshiwendangxiliemoban4-chuangxinzhiguang.pptx,https://www.env.tsinghua.edu.cn/fujian5-2023nianduqinghuadaxueyanshiwendangxiliemoban4-chuangxinzhiguang.pptx,,https://www.env.tsinghua.edu.cn/info/1344/7931.htm,,,,11137bb2c9c9fda880a7dca957cdbbdb1b7d39e357137f3ec60a26a44090f8aa,3588731,6,9144000,5143500,16:9,Angsana New;Arial;Cordia New;DaunPenh;DengXian;DokChampa;Ebrima;Estrangelo Edessa;Euphemia;Garamond;Gautami;Iskoola Pota;Javanese Text;Kalinga;Kartika;Latha;Leelawadee UI;MV Boli;Mangal;Microsoft Himalaya;Microsoft JhengHei;Microsoft New Tai Lue;Microsoft Tai Le;Microsoft Uighur;Microsoft Yi Baiti;Mongolian Baiti;MoolBoran;Myanmar Text;Nirmala UI;Nyala;Phagspa;Plantagenet Cherokee;Raavi;Segoe UI;Shruti;Source Han Sans CN Bold;Source Han Sans CN Medium;Source Han Sans CN Normal;Source Han Sans CN Regular;Sylfaen;Times New Roman;Tunga;Vrinda;Wingdings;微軟正黑體;思源黑体 CN Bold;思源黑体 CN Normal;新細明體;方正舒体;游ゴシック;游ゴシック Light;等线;等线 Light;黑体;돋움;맑은 고딕;ＭＳ Ｐゴシック,#0563C1;#44546A;#4472C4;#5B9BD5;#70AD47;#954F72;#A5A5A5;#E7E6E6;#ED7D31;#FFC000,0,6,5,0,False,2026-10-02
4111010003,清华大学,北京市,official_template,清华大学文化建设办公室（环境学院网站转发）,True,school,2023,文件 2023年度清华大学演示文档系列模板5-时代之光.pptx,https://www.env.tsinghua.edu.cn/fujian6-2023nianduqinghuadaxueyanshiwendangxiliemoban5-shidaizhiguang.pptx,https://www.env.tsinghua.edu.cn/fujian6-2023nianduqinghuadaxueyanshiwendangxiliemoban5-shidaizhiguang.pptx,,https://www.env.tsinghua.edu.cn/info/1344/7931.htm,,,,9b8daf6796ce93fe353209c78d3ede0d246d64a0168d79aa7cfca5e7600b6502,3134691,6,9144000,5143500,16:9,Angsana New;Arial;Cordia New;DaunPenh;DokChampa;Ebrima;Estrangelo Edessa;Euphemia;Garamond;Gautami;Iskoola Pota;Javanese Text;Kalinga;Kartika;Latha;Leelawadee UI;MV Boli;Mangal;Microsoft Himalaya;Microsoft JhengHei;Microsoft New Tai Lue;Microsoft Tai Le;Microsoft Uighur;Microsoft Yi Baiti;Mongolian Baiti;MoolBoran;Myanmar Text;Nirmala UI;Nyala;Phagspa;Plantagenet Cherokee;Raavi;Segoe UI;Shruti;Source Han Sans CN Bold;Source Han Sans CN Medium;Source Han Sans CN Normal;Source Han Sans CN Regular;Sylfaen;Times New Roman;Tunga;Vrinda;Wingdings;微軟正黑體;思源黑体 CN Bold;思源黑体 CN Normal;新細明體;方正舒体;游ゴシック;游ゴシック Light;等线;等线 Light;黑体;돋움;맑은 고딕;ＭＳ Ｐゴシック,#0563C1;#44546A;#4472C4;#5B9BD5;#70AD47;#954F72;#A5A5A5;#E7E6E6;#ED7D31;#FFC000,0,6,4,0,False,2026-10-02
4111010003,清华大学,北京市,official_template,清华大学文化建设办公室（环境学院网站转发）,True,school,2023,文件 2023年度清华大学演示文档系列模板6-光辉道路.pptx,https://www.env.tsinghua.edu.cn/fujian7-2023nianduqinghuadaxueyanshiwendangxiliemoban6-guanghuidaolu.pptx,https://www.env.tsinghua.edu.cn/fujian7-2023nianduqinghuadaxueyanshiwendangxiliemoban6-guanghuidaolu.pptx,,https://www.env.tsinghua.edu.cn/info/1344/7931.htm,,,,0877b877a7686a31163ea82551f8ff9ccb65b58c0645df48a243ff0467d5cb76,4918202,6,9144000,5143500,16:9,Angsana New;Arial;Cordia New;DaunPenh;DengXian;DokChampa;Ebrima;Estrangelo Edessa;Euphemia;Garamond;Gautami;Iskoola Pota;Javanese Text;Kalinga;Kartika;Latha;Leelawadee UI;MV Boli;Mangal;Microsoft Himalaya;Microsoft JhengHei;Microsoft New Tai Lue;Microsoft Tai Le;Microsoft Uighur;Microsoft Yi Baiti;Mongolian Baiti;MoolBoran;Myanmar Text;Nirmala UI;Nyala;Phagspa;Plantagenet Cherokee;Raavi;Segoe UI;Shruti;Source Han Sans CN Bold;Source Han Sans CN Medium;Source Han Sans CN Normal;Source Han Sans CN Regular;Sylfaen;Times New Roman;Tunga;Vrinda;Wingdings;微軟正黑體;思源黑体 CN Bold;思源黑体 CN Normal;新細明體;方正舒体;游ゴシック;游ゴシック Light;等线;等线 Light;黑体;돋움;맑은 고딕;ＭＳ Ｐゴシック,#0563C1;#44546A;#4472C4;#5B9BD5;#70AD47;#954F72;#A5A5A5;#E7E6E6;#ED7D31;#FFC000,0,6,4,0,False,2026-10-02
4134010359,合肥工业大学,安徽省,community_template,cita-777/hfut-awesome-marp-theme,False,community,,assets/example3.pptx,https://github.com/cita-777/hfut-awesome-marp-theme/blob/e0208c1076bf7f9f44531ff42bc45c82cc84d2c6/assets/example3.pptx,https://raw.githubusercontent.com/cita-777/hfut-awesome-marp-theme/e0208c1076bf7f9f44531ff42bc45c82cc84d2c6/assets/example3.pptx,,https://github.com/cita-777/hfut-awesome-marp-theme/blob/e0208c1076bf7f9f44531ff42bc45c82cc84d2c6/README.md,cita-777/hfut-awesome-marp-theme,e0208c1076bf7f9f44531ff42bc45c82cc84d2c6,MIT,20d3bb35df18ed4c53deb0b75d3f55455b22b8c1e2e18549f885319637569589,18116694,23,12192000,6858000,16:9,Angsana New;Arial;Calibri;Calibri Light;Cordia New;DaunPenh;DokChampa;Estrangelo Edessa;Euphemia;Gautami;Iskoola Pota;Kalinga;Kartika;Latha;MV Boli;Mangal;Microsoft Himalaya;Microsoft Uighur;Microsoft Yi Baiti;Mongolian Baiti;MoolBoran;Nyala;Plantagenet Cherokee;Raavi;Shruti;Sylfaen;Times New Roman;Tunga;Vrinda;新細明體;游ゴシック;游ゴシック Light;等线;等线 Light;맑은 고딕,#0563C1;#44546A;#4472C4;#5B9BD5;#70AD47;#954F72;#A5A5A5;#E7E6E6;#ED7D31;#FFC000,0,23,26,0,False,2026-10-02
4132010330,南京体育学院,江苏省,official_template,南京体育学院官网视觉资源页,True,school,,南京体育学院PPT模板.zip,https://www.nsi.edu.cn/_upload/article/files/1e/41/8649d47c4a7d880cad88bf821def/7dba5a8c-9eec-4af5-85f8-2d6e650a6314.zip,https://www.nsi.edu.cn/_upload/article/files/1e/41/8649d47c4a7d880cad88bf821def/7dba5a8c-9eec-4af5-85f8-2d6e650a6314.zip,╤º╩⌡└αPPT─ú░σ.pptx,https://www.nsi.edu.cn/xcb/5e/f3/c4433a89843/page.htm,,,,498c0395954926575baa10a3d5b8f47853542ef9b4060008609bf67919d042f6,1249131,10,12192000,6858000,16:9,Angsana New;Arial;Cordia New;DaunPenh;DokChampa;Estrangelo Edessa;Euphemia;Gautami;Iskoola Pota;Kalinga;Kartika;Latha;MV Boli;Mangal;Microsoft Himalaya;Microsoft Uighur;Microsoft Yi Baiti;Mongolian Baiti;MoolBoran;Nyala;Plantagenet Cherokee;Raavi;Shruti;Sylfaen;Times New Roman;Tunga;Vrinda;新細明體;游ゴシック;游ゴシック Light;等线;等线 Light;阿里巴巴普惠体 B;阿里巴巴普惠体 R;맑은 고딕,#0563C1;#44546A;#4472C4;#5B9BD5;#70AD47;#954F72;#A5A5A5;#E7E6E6;#ED7D31;#FFC000,116,0,22,0,False,2026-10-02
4132010330,南京体育学院,江苏省,official_template,南京体育学院官网视觉资源页,True,school,,南京体育学院PPT模板.zip,https://www.nsi.edu.cn/_upload/article/files/1e/41/8649d47c4a7d880cad88bf821def/7dba5a8c-9eec-4af5-85f8-2d6e650a6314.zip,https://www.nsi.edu.cn/_upload/article/files/1e/41/8649d47c4a7d880cad88bf821def/7dba5a8c-9eec-4af5-85f8-2d6e650a6314.zip,│ú╣µ└αPPT─ú░σ.pptx,https://www.nsi.edu.cn/xcb/5e/f3/c4433a89843/page.htm,,,,5d21eb132f9b4b9371fa59726c10e01cdf362abe5c3562eb0870730c910ff4f2,2844222,10,12192000,6858000,16:9,Angsana New;Arial;Cordia New;DaunPenh;DokChampa;Estrangelo Edessa;Euphemia;Gautami;Iskoola Pota;Kalinga;Kartika;Latha;MV Boli;Mangal;Microsoft Himalaya;Microsoft Uighur;Microsoft Yi Baiti;Mongolian Baiti;MoolBoran;Nyala;Plantagenet Cherokee;Raavi;Shruti;Sylfaen;Times New Roman;Tunga;Vrinda;新細明體;游ゴシック;游ゴシック Light;等线;等线 Light;阿里巴巴普惠体 B;阿里巴巴普惠体 R;맑은 고딕,#0563C1;#44546A;#4472C4;#5B9BD5;#70AD47;#954F72;#A5A5A5;#E7E6E6;#ED7D31;#FFC000,81,0,15,0,False,2026-10-02
4132010330,南京体育学院,江苏省,official_template,南京体育学院官网视觉资源页,True,school,,南京体育学院PPT模板.zip,https://www.nsi.edu.cn/_upload/article/files/1e/41/8649d47c4a7d880cad88bf821def/7dba5a8c-9eec-4af5-85f8-2d6e650a6314.zip,https://www.nsi.edu.cn/_upload/article/files/1e/41/8649d47c4a7d880cad88bf821def/7dba5a8c-9eec-4af5-85f8-2d6e650a6314.zip,╨╨╒■└αPPT─ú░σ.pptx,https://www.nsi.edu.cn/xcb/5e/f3/c4433a89843/page.htm,,,,f473a38da493d843e07042c79a66c746856f32ae660d85fb512c30d494b5bf91,4113030,10,12192000,6858000,16:9,Angsana New;Arial;Cordia New;DaunPenh;DokChampa;Estrangelo Edessa;Euphemia;Gautami;Iskoola Pota;Kalinga;Kartika;Latha;MV Boli;Mangal;Microsoft Himalaya;Microsoft Uighur;Microsoft Yi Baiti;Mongolian Baiti;MoolBoran;Nyala;Plantagenet Cherokee;Raavi;Shruti;Sylfaen;Times New Roman;Tunga;Vrinda;新細明體;游ゴシック;游ゴシック Light;等线;等线 Light;阿里巴巴普惠体 B;阿里巴巴普惠体 R;맑은 고딕,#0563C1;#44546A;#4472C4;#5B9BD5;#70AD47;#954F72;#A5A5A5;#E7E6E6;#ED7D31;#FFC000,81,0,15,0,False,2026-10-02
4132010330,南京体育学院,江苏省,official_template,南京体育学院官网视觉资源页,True,school,,常规类PPT模板.pptx,https://www.nsi.edu.cn/_upload/article/files/1e/41/8649d47c4a7d880cad88bf821def/530f0f24-b8aa-4cb1-ba03-c1511834169e.pptx,https://www.nsi.edu.cn/_upload/article/files/1e/41/8649d47c4a7d880cad88bf821def/530f0f24-b8aa-4cb1-ba03-c1511834169e.pptx,,https://www.nsi.edu.cn/xcb/5e/f3/c4433a89843/page.htm,,,,5d21eb132f9b4b9371fa59726c10e01cdf362abe5c3562eb0870730c910ff4f2,2844222,10,12192000,6858000,16:9,Angsana New;Arial;Cordia New;DaunPenh;DokChampa;Estrangelo Edessa;Euphemia;Gautami;Iskoola Pota;Kalinga;Kartika;Latha;MV Boli;Mangal;Microsoft Himalaya;Microsoft Uighur;Microsoft Yi Baiti;Mongolian Baiti;MoolBoran;Nyala;Plantagenet Cherokee;Raavi;Shruti;Sylfaen;Times New Roman;Tunga;Vrinda;新細明體;游ゴシック;游ゴシック Light;等线;等线 Light;阿里巴巴普惠体 B;阿里巴巴普惠体 R;맑은 고딕,#0563C1;#44546A;#4472C4;#5B9BD5;#70AD47;#954F72;#A5A5A5;#E7E6E6;#ED7D31;#FFC000,81,0,15,0,False,2026-10-02
4132010330,南京体育学院,江苏省,official_template,南京体育学院官网视觉资源页,True,school,,行政类PPT模板.pptx,https://www.nsi.edu.cn/_upload/article/files/1e/41/8649d47c4a7d880cad88bf821def/b56d5675-d8f6-42b9-91c5-50e210b9b777.pptx,https://www.nsi.edu.cn/_upload/article/files/1e/41/8649d47c4a7d880cad88bf821def/b56d5675-d8f6-42b9-91c5-50e210b9b777.pptx,,https://www.nsi.edu.cn/xcb/5e/f3/c4433a89843/page.htm,,,,f473a38da493d843e07042c79a66c746856f32ae660d85fb512c30d494b5bf91,4113030,10,12192000,6858000,16:9,Angsana New;Arial;Cordia New;DaunPenh;DokChampa;Estrangelo Edessa;Euphemia;Gautami;Iskoola Pota;Kalinga;Kartika;Latha;MV Boli;Mangal;Microsoft Himalaya;Microsoft Uighur;Microsoft Yi Baiti;Mongolian Baiti;MoolBoran;Nyala;Plantagenet Cherokee;Raavi;Shruti;Sylfaen;Times New Roman;Tunga;Vrinda;新細明體;游ゴシック;游ゴシック Light;等线;等线 Light;阿里巴巴普惠体 B;阿里巴巴普惠体 R;맑은 고딕,#0563C1;#44546A;#4472C4;#5B9BD5;#70AD47;#954F72;#A5A5A5;#E7E6E6;#ED7D31;#FFC000,81,0,15,0,False,2026-10-02
4132010330,南京体育学院,江苏省,official_template,南京体育学院官网视觉资源页,True,school,,学术类PPT模板.pptx,https://www.nsi.edu.cn/_upload/article/files/1e/41/8649d47c4a7d880cad88bf821def/9f946df3-9209-446d-92bd-076176a33a4f.pptx,https://www.nsi.edu.cn/_upload/article/files/1e/41/8649d47c4a7d880cad88bf821def/9f946df3-9209-446d-92bd-076176a33a4f.pptx,,https://www.nsi.edu.cn/xcb/5e/f3/c4433a89843/page.htm,,,,498c0395954926575baa10a3d5b8f47853542ef9b4060008609bf67919d042f6,1249131,10,12192000,6858000,16:9,Angsana New;Arial;Cordia New;DaunPenh;DokChampa;Estrangelo Edessa;Euphemia;Gautami;Iskoola Pota;Kalinga;Kartika;Latha;MV Boli;Mangal;Microsoft Himalaya;Microsoft Uighur;Microsoft Yi Baiti;Mongolian Baiti;MoolBoran;Nyala;Plantagenet Cherokee;Raavi;Shruti;Sylfaen;Times New Roman;Tunga;Vrinda;新細明體;游ゴシック;游ゴシック Light;等线;等线 Light;阿里巴巴普惠体 B;阿里巴巴普惠体 R;맑은 고딕,#0563C1;#44546A;#4472C4;#5B9BD5;#70AD47;#954F72;#A5A5A5;#E7E6E6;#ED7D31;#FFC000,116,0,22,0,False,2026-10-02
4133010335,浙江大学,浙江省,official_template,浙江大学微纳电子学院,True,department,,学院PPT模板.pptx,https://ic.zju.edu.cn/_upload/article/files/b7/30/be9580b04a2d907c035cd4f053ac/9b5581d8-41fa-47cd-9edb-97da8630ee90.pptx,https://ic.zju.edu.cn/_upload/article/files/b7/30/be9580b04a2d907c035cd4f053ac/9b5581d8-41fa-47cd-9edb-97da8630ee90.pptx,,https://ic.zju.edu.cn/2025/0912/c81195a3080798/page.htm,,,,721a2b1ebd42d43c0a6b306fc9594b67492b770892a69d919020c24e0ec22de6,225698,5,12192000,6858000,16:9,Angsana New;Arial;Cordia New;DaunPenh;DokChampa;Estrangelo Edessa;Euphemia;Gautami;Impact;Iskoola Pota;Kalinga;Kartika;Latha;MV Boli;Mangal;Microsoft Himalaya;Microsoft Uighur;Microsoft Yi Baiti;Mongolian Baiti;MoolBoran;Nyala;Plantagenet Cherokee;Raavi;Shruti;Sylfaen;Times New Roman;Tunga;Vrinda;微软雅黑;新細明體;游ゴシック;游ゴシック Light;等线;等线 Light;맑은 고딕,#0563C1;#44546A;#4472C4;#5B9BD5;#70AD47;#954F72;#A5A5A5;#E7E6E6;#ED7D31;#FFC000,44,0,4,0,False,2026-10-02
4142011600,湖北经济学院,湖北省,official_template,湖北经济学院党委宣传部,True,school,,PPT模板,https://xcb.hbue.edu.cn/_upload/article/files/c6/bd/21a1168b4e56aa4f3e7626733156/7ad9d2db-ef30-4172-8fe1-bfed54d6fc5e.zip,https://xcb.hbue.edu.cn/_upload/article/files/c6/bd/21a1168b4e56aa4f3e7626733156/7ad9d2db-ef30-4172-8fe1-bfed54d6fc5e.zip,PPT─ú░σ.pptx,https://xcb.hbue.edu.cn/xzzq/list.htm,,,,87e9ce8d12ddc828744bf1fe89c49132d1a9944fe43a1cf786a7b3a12d8b9c37,2153930,6,12192000,6858000,16:9,Arial;Wingdings;微软雅黑,#000000;#0563C1;#0F1423;#56CA95;#58B6E5;#6096E6;#954D72;#EC5F74;#F18870;#FFBA55;#FFFFFF,7,3,11,0,False,2026-10-02
4135013469,厦门大学嘉庚学院,福建省,official_template,厦门大学嘉庚学院,True,school,2026,2026年PPT模版9,https://www.jgxy.xmu.edu.cn/down/27112a0296511a7d924c1433d746192b.html,https://www.jgxy.xmu.edu.cn/down/27112a0296511a7d924c1433d746192b.html,,https://www.jgxy.xmu.edu.cn/xxgk2/mb.html,,,,29c31b007a5893625241be1ebe38fb1180b21e85fce9651a1d7b2b4f216d0f83,13393898,15,12192000,6858000,16:9,Angsana New;Arial;Cordia New;DaunPenh;DokChampa;Ebrima;Estrangelo Edessa;Euphemia;Gautami;Iskoola Pota;Javanese Text;Kalinga;Kartika;Latha;Leelawadee UI;MV Boli;Mangal;Microsoft Himalaya;Microsoft JhengHei;Microsoft New Tai Lue;Microsoft Tai Le;Microsoft Uighur;Microsoft Yi Baiti;Mongolian Baiti;MoolBoran;Myanmar Text;Nirmala UI;Nyala;Phagspa;Plantagenet Cherokee;Raavi;Segoe UI;Shruti;Sylfaen;Times New Roman;Tunga;Vrinda;微软雅黑;新細明體;游ゴシック;游ゴシック Light;等线;等线 Light;맑은 고딕,#000000;#0E2841;#0F9ED5;#156082;#196B24;#396372;#4472C4;#467886;#4EA72E;#5E7973;#6F8D84;#76979A;#778495;#7D833E;#81968A;#96607D;#A02B93;#BFBFBF;#E8E8E8;#E97132;#F0F0F0;#FFFFFF,124,0,21,0,False,2026-10-02
4135013469,厦门大学嘉庚学院,福建省,official_template,厦门大学嘉庚学院,True,school,2026,2026年PPT模版8,https://www.jgxy.xmu.edu.cn/down/8723c3e7347a22273f2979e948654c5a.html,https://www.jgxy.xmu.edu.cn/down/8723c3e7347a22273f2979e948654c5a.html,,https://www.jgxy.xmu.edu.cn/xxgk2/mb.html,,,,1d5a4359355ac069815a94b528b40a9ae99cdb479c8f4dcb118cff226ab0118b,3894524,15,12192000,6858000,16:9,Angsana New;Arial;Calibri;Calibri Light;Cordia New;DaunPenh;DokChampa;Estrangelo Edessa;Euphemia;Gautami;Iskoola Pota;Kalinga;Kartika;Latha;MV Boli;Mangal;Microsoft Himalaya;Microsoft Uighur;Microsoft Yi Baiti;Mongolian Baiti;MoolBoran;Nyala;Plantagenet Cherokee;Raavi;Shruti;Sylfaen;Times New Roman;Tunga;Vrinda;印品雅宋简 中黑;印品雅宋简 中黑（非商用）;宋体;微软雅黑;思源黑体 CN Bold;思源黑体 CN Medium;思源黑体 CN Normal;新細明體;맑은 고딕;ＭＳ Ｐゴシック,#0026E5;#0563C1;#30C0B4;#44546A;#4472C4;#4874CB;#5B9BD5;#70AD47;#75BD42;#7E1FAD;#954F72;#A5A5A5;#E54C5E;#E7E6E6;#ED7D31;#EE822F;#F2BA02;#FFC000,271,0,31,0,False,2026-10-02
4135013469,厦门大学嘉庚学院,福建省,official_template,厦门大学嘉庚学院,True,school,2026,2026年PPT模版7,https://www.jgxy.xmu.edu.cn/down/c267041da11618660d46f48c0acaceeb.html,https://www.jgxy.xmu.edu.cn/down/c267041da11618660d46f48c0acaceeb.html,,https://www.jgxy.xmu.edu.cn/xxgk2/mb.html,,,,79e684b304f0e3e11a84b789e21be8d0a17c2168d78521199a6ac1e7f463b53e,3460177,5,12192000,6858000,16:9,Angsana New;Arial;Cordia New;DaunPenh;DokChampa;Ebrima;Estrangelo Edessa;Euphemia;Gautami;Impact;Iskoola Pota;Javanese Text;Kalinga;Kartika;Latha;Leelawadee UI;MV Boli;Mangal;Microsoft Himalaya;Microsoft JhengHei;Microsoft New Tai Lue;Microsoft Tai Le;Microsoft Uighur;Microsoft Yi Baiti;Mongolian Baiti;MoolBoran;Myanmar Text;Nirmala UI;Nyala;Phagspa;Plantagenet Cherokee;Raavi;Segoe UI;Shruti;Sylfaen;Times New Roman;Tunga;Vrinda;微软雅黑;新細明體;游ゴシック;游ゴシック Light;等线;等线 Light;맑은 고딕,#0563C1;#2B948C;#3B5DCC;#44546A;#4472C4;#5B9BD5;#5C448A;#70AD47;#954F72;#A5A5A5;#CC4226;#D7010E;#E7E6E6;#ED7D31;#FCDE99;#FFC000,42,0,7,0,False,2026-10-02
4135013469,厦门大学嘉庚学院,福建省,official_template,厦门大学嘉庚学院,True,school,2026,2026年PPT模版6,https://www.jgxy.xmu.edu.cn/down/6a913a490c324824f4bfbbf521ac0266.html,https://www.jgxy.xmu.edu.cn/down/6a913a490c324824f4bfbbf521ac0266.html,,https://www.jgxy.xmu.edu.cn/xxgk2/mb.html,,,,72ac2e4f8f784e024761e8520b01b81a99966a99032c6285d044212b7251a750,18269064,19,12192000,6858000,16:9,Angsana New;Arial;Cordia New;DaunPenh;DokChampa;Ebrima;Estrangelo Edessa;Euphemia;Gautami;Iskoola Pota;Javanese Text;Kalinga;Kartika;Latha;Leelawadee UI;MV Boli;Mangal;Microsoft Himalaya;Microsoft JhengHei;Microsoft New Tai Lue;Microsoft Tai Le;Microsoft Uighur;Microsoft Yi Baiti;Mongolian Baiti;MoolBoran;Myanmar Text;Nirmala UI;Nyala;Phagspa;Plantagenet Cherokee;Raavi;Segoe UI;Shruti;Sylfaen;Times New Roman;Tunga;Vrinda;微软雅黑;新細明體;游ゴシック;游ゴシック Light;等线;等线 Light;맑은 고딕,#000000;#00739F;#0563C1;#0E2841;#0F9ED5;#156082;#196B24;#44546A;#4472C4;#467886;#4EA72E;#5B9BD5;#65B598;#6C6C6C;#70AD47;#778495;#8C8C8C;#954F72;#96607D;#994200;#A02B93;#A5A5A5;#BFBFBF;#E7E6E6;#E8E8E8;#E97132;#ED7D31;#F0F0F0;#FF920E;#FFC000;#FFFFFF,241,0,21,0,False,2026-10-02
4135013469,厦门大学嘉庚学院,福建省,official_template,厦门大学嘉庚学院,True,school,2026,2026年PPT模板5,https://www.jgxy.xmu.edu.cn/down/b841f8c7b9e720819e5ae1494ce08161.html,https://www.jgxy.xmu.edu.cn/down/b841f8c7b9e720819e5ae1494ce08161.html,,https://www.jgxy.xmu.edu.cn/xxgk2/mb.html,,,,2469145688847302e8267bd50e9c027fb4edeb52e2b97f3336552e445f8c8cad,6615145,15,9144000,5143500,16:9,Alibaba Sans;Angsana New;Arial;CKT Kuaile 2.0 Bold;Calibri;Calibri Light;Cordia New;DFPLiHei-Bd;DaunPenh;DokChampa;Estrangelo Edessa;Euphemia;Fabulous;GEETYPE-XinGothicGB-W7;GEETYPE信黑简 W4;Gautami;Iskoola Pota;Kalinga;Kartika;Latha;MV Boli;Mangal;Maven Pro Bold;MiSans Normal;Microsoft Himalaya;Microsoft Uighur;Microsoft Yi Baiti;Mongolian Baiti;MoolBoran;Nyala;Plantagenet Cherokee;Raavi;Shruti;Sylfaen;Times New Roman;Tunga;Vrinda;宋体;微软雅黑;思源黑体 1;思源黑体 Outline;新細明體;楷体;锐字云字库大黑GB;黑体;맑은 고딕;ＭＳ Ｐゴシック,#0563C1;#44546A;#4472C4;#5B9BD5;#70AD47;#954F72;#A5A5A5;#E7E6E6;#E7E7E6;#ED7D31;#FFC000,151,0,42,0,False,2026-10-02
4135013469,厦门大学嘉庚学院,福建省,official_template,厦门大学嘉庚学院,True,school,2026,2026年PPT模版4,https://www.jgxy.xmu.edu.cn/down/75f8fe914291446a380fc906b2be7a24.html,https://www.jgxy.xmu.edu.cn/down/75f8fe914291446a380fc906b2be7a24.html,,https://www.jgxy.xmu.edu.cn/xxgk2/mb.html,,,,88f706e12f0ddbffe7615b46312ca171df5b89ba7be6a28008f713d8abc0d24c,12394435,17,12192000,6858000,16:9,Angsana New;Arial;Cordia New;DaunPenh;DokChampa;Ebrima;Estrangelo Edessa;Euphemia;Gautami;Iskoola Pota;Javanese Text;Kalinga;Kartika;Latha;Leelawadee UI;MV Boli;Mangal;Microsoft Himalaya;Microsoft JhengHei;Microsoft New Tai Lue;Microsoft Tai Le;Microsoft Uighur;Microsoft Yi Baiti;Mongolian Baiti;MoolBoran;Myanmar Text;Nirmala UI;Nyala;Phagspa;Plantagenet Cherokee;Raavi;Segoe UI;Shruti;Sylfaen;Times New Roman;Tunga;Vrinda;微软雅黑;思源黑体 CN Bold;思源黑体 CN Medium;思源黑体 CN Normal;新細明體;游ゴシック;游ゴシック Light;等线;等线 Light;맑은 고딕,#03559C;#0563C1;#0C9794;#2574AD;#292CB3;#44546A;#4472C4;#5B9BD5;#70AD47;#83AD45;#954F72;#A2AC46;#A5A5A5;#E7E6E6;#ED7D31;#FFC000,183,0,36,0,False,2026-10-02
4135013469,厦门大学嘉庚学院,福建省,official_template,厦门大学嘉庚学院,True,school,2026,2026年PPT模板3,https://www.jgxy.xmu.edu.cn/down/fbd670b6fd441b1d8f0770ed5a104e34.html,https://www.jgxy.xmu.edu.cn/down/fbd670b6fd441b1d8f0770ed5a104e34.html,,https://www.jgxy.xmu.edu.cn/xxgk2/mb.html,,,,abf7c4757416db0bcf1e9f88d454f67c7b77d92040b2cc9f4c4aa4fde389c84d,2373420,19,12192000,6858000,16:9,ABeeZee Bold;Aparajita;Arial;Calibri;Helvetica;OPPOSans H;优设标题黑;字魂105号-简雅黑;微软雅黑;思源宋体 CN Heavy;思源黑体;思源黑体 CN Bold;思源黑体 CN Medium;思源黑体 CN Normal;思源黑体旧字形 Light;阿里巴巴普惠体,#242852;#297FD5;#3EBBF0;#4A66AC;#5AA2AE;#629DD1;#7F8FA9;#9454C3;#9D90A0;#ACCBF9,185,0,18,0,False,2026-10-02
4135013469,厦门大学嘉庚学院,福建省,official_template,厦门大学嘉庚学院,True,school,2026,2026年PPT模版2,https://www.jgxy.xmu.edu.cn/down/48b5ce414ed0f3e8c86aa0df75bedf21.html,https://www.jgxy.xmu.edu.cn/down/48b5ce414ed0f3e8c86aa0df75bedf21.html,,https://www.jgxy.xmu.edu.cn/xxgk2/mb.html,,,,e9971743ebe2d440888c16b95e1707e4dc0123ee1d64f34b1012fb745917984c,4573850,19,12192000,6858000,16:9,ABeeZee Bold;Aparajita;Arial;Calibri;Helvetica;OPPOSans H;优设标题黑;字魂105号-简雅黑;微软雅黑;思源宋体 CN Heavy;思源黑体;思源黑体 CN Bold;思源黑体 CN Medium;思源黑体 CN Normal;思源黑体旧字形 Light;阿里巴巴普惠体,#0563C1;#44546A;#5B9BD5;#70AD47;#954F72;#A5A5A5;#AA1410;#CE1612;#E7E6E6;#FFC000,185,0,21,0,False,2026-10-02
4135013469,厦门大学嘉庚学院,福建省,official_template,厦门大学嘉庚学院,True,school,2026,2026年PPT模版1,https://www.jgxy.xmu.edu.cn/down/6b7df195305be883341f96c898794aca.html,https://www.jgxy.xmu.edu.cn/down/6b7df195305be883341f96c898794aca.html,,https://www.jgxy.xmu.edu.cn/xxgk2/mb.html,,,,85e94cef58cc1dd5ab6ffab8236d54e63b8db07c2b4aed754b5ac418e255bee9,16350320,19,18288000,10287000,16:9,ABeeZee Bold;Ablation;Agrandir Medium;Angsana New;Arial;Calibri;Cordia New;DaunPenh;DokChampa;Estrangelo Edessa;Euphemia;Gautami;Iskoola Pota;Kalinga;Kartika;Latha;MV Boli;Mangal;Microsoft Himalaya;Microsoft Uighur;Microsoft Yi Baiti;Mongolian Baiti;MoolBoran;Nyala;Plantagenet Cherokee;Raavi;Shruti;Times New Roman;Tunga;Vrinda;字由点字倔强黑;字由点字典黑 Bold;字由点字美玲体;宋体;思源宋体 1;思源宋体 2;思源宋体 2 Bold;思源宋体-超粗体;思源黑体 1;思源黑体 2;思源黑体 2 Bold;思源黑体 4 Bold;新細明體;맑은 고딕;ＭＳ Ｐゴシック,#0000FF;#1F497D;#4BACC6;#4F81BD;#800080;#8064A2;#9BBB59;#C0504D;#EEECE1;#F79646,328,0,42,0,False,2026-10-02
4135013469,厦门大学嘉庚学院,福建省,official_template,厦门大学嘉庚学院,True,school,,红色古典风格PPT模版,https://www.jgxy.xmu.edu.cn/down/9223d299ac3de5d6b6018c494edfc1ca.html,https://www.jgxy.xmu.edu.cn/down/9223d299ac3de5d6b6018c494edfc1ca.html,,https://www.jgxy.xmu.edu.cn/xxgk2/mb.html,,,,26f586b2bd9f7240aaee787aa6a88c72a19fe4d16bdb72c123da5608230292f2,18345851,23,12192000,6858000,16:9,Angsana New;Arial;Calibri;Calibri Light;Century Gothic;Cordia New;DaunPenh;DokChampa;Estrangelo Edessa;Euphemia;Gautami;Impact;Iskoola Pota;Kalinga;Kartika;Latha;MV Boli;Mangal;Microsoft Himalaya;Microsoft Uighur;Microsoft Yi Baiti;Mongolian Baiti;MoolBoran;Nyala;PT Sans;Plantagenet Cherokee;Raavi;Shruti;Sigmar One;Sylfaen;Times New Roman;Tunga;Vrinda;仓耳玄三M W05;宋体;微软雅黑;思源黑体 CN Light;思源黑体 CN Medium;思源黑体 CN Normal;新細明體;方正姚体;方正盛世楷书简体_大;方正粗宋简体;方正苏新诗柳楷简体;맑은 고딕;ＭＳ Ｐゴシック,#0563C1;#44546A;#4472C4;#5B9BD5;#70AD47;#954F72;#A5A5A5;#E7E6E6;#ED7D31;#FFC000,339,0,25,0,False,2026-10-02
4123010213,哈尔滨工业大学,黑龙江省,community_template,huyingjiao/HIT-PPT-Theme,False,community,,哈工大ppt模板.pptx,https://github.com/huyingjiao/HIT-PPT-Theme/blob/9e9b01db3e11e6e6265bb858c4705a1638614608/%E5%93%88%E5%B7%A5%E5%A4%A7ppt%E6%A8%A1%E6%9D%BF.pptx,https://raw.githubusercontent.com/huyingjiao/HIT-PPT-Theme/9e9b01db3e11e6e6265bb858c4705a1638614608/%E5%93%88%E5%B7%A5%E5%A4%A7ppt%E6%A8%A1%E6%9D%BF.pptx,,https://github.com/huyingjiao/HIT-PPT-Theme/blob/9e9b01db3e11e6e6265bb858c4705a1638614608/README.md,huyingjiao/HIT-PPT-Theme,9e9b01db3e11e6e6265bb858c4705a1638614608,,759145b3ee91c1575c7acebffadb86c53f265a1116fae2c026913dfb6a5323f4,113724,7,12192000,6858000,16:9,Angsana New;Arial;Corbel;Cordia New;DaunPenh;DokChampa;Ebrima;Estrangelo Edessa;Euphemia;Gautami;Gill Sans MT;HGｺﾞｼｯｸE;Iskoola Pota;Javanese Text;Kalinga;Kartika;Latha;Leelawadee UI;MV Boli;Majalla UI;Mangal;Microsoft Himalaya;Microsoft JhengHei;Microsoft New Tai Lue;Microsoft Tai Le;Microsoft Uighur;Microsoft Yi Baiti;Mongolian Baiti;MoolBoran;Myanmar Text;Nirmala UI;Nyala;Phagspa;Plantagenet Cherokee;Raavi;Segoe UI;Shruti;Sylfaen;Tahoma;Times New Roman;Tunga;Vrinda;Wingdings;Wingdings 2;华文中宋;微軟正黑體;新細明體;游ゴシック;游ゴシック Light;等线;等线 Light;맑은 고딕;휴먼매직체,#000000;#007698;#0563C1;#3D3D3D;#43064C;#44546A;#4472C4;#5A8071;#5B9BD5;#660874;#70AD47;#954F72;#969FA7;#A5A5A5;#A9C37C;#E6C46D;#E7E6E6;#EBEBEB;#ED7D31;#FFC000;#FFFFFF,62,0,2,2,False,2026-10-02
4123010213,哈尔滨工业大学,黑龙江省,community_template,huyingjiao/HIT-PPT-Theme,False,community,,哈工大ppt模板_new.pptx,https://github.com/huyingjiao/HIT-PPT-Theme/blob/9e9b01db3e11e6e6265bb858c4705a1638614608/%E5%93%88%E5%B7%A5%E5%A4%A7ppt%E6%A8%A1%E6%9D%BF_new.pptx,https://raw.githubusercontent.com/huyingjiao/HIT-PPT-Theme/9e9b01db3e11e6e6265bb858c4705a1638614608/%E5%93%88%E5%B7%A5%E5%A4%A7ppt%E6%A8%A1%E6%9D%BF_new.pptx,,https://github.com/huyingjiao/HIT-PPT-Theme/blob/9e9b01db3e11e6e6265bb858c4705a1638614608/README.md,huyingjiao/HIT-PPT-Theme,9e9b01db3e11e6e6265bb858c4705a1638614608,,0b8d8bf605e10eb42d9fad8211fcedc4ca2046d2103a2c93dcc0372e3158807d,291328,4,12192000,6858000,16:9,Angsana New;Arial;Corbel;Cordia New;DaunPenh;DokChampa;Ebrima;Estrangelo Edessa;Euphemia;Gautami;Gill Sans MT;HGｺﾞｼｯｸE;Iskoola Pota;Javanese Text;Kalinga;Kartika;Latha;Leelawadee UI;MV Boli;Majalla UI;Mangal;Microsoft Himalaya;Microsoft JhengHei;Microsoft New Tai Lue;Microsoft Tai Le;Microsoft Uighur;Microsoft Yi Baiti;Mongolian Baiti;MoolBoran;Myanmar Text;Nirmala UI;Nyala;Phagspa;Plantagenet Cherokee;Raavi;Segoe UI;Shruti;Sylfaen;Tahoma;Times New Roman;Tunga;Vrinda;Wingdings;Wingdings 2;华文中宋;微軟正黑體;新細明體;游ゴシック;游ゴシック Light;等线;等线 Light;맑은 고딕;휴먼매직체,#000000;#007698;#0563C1;#3D3D3D;#43064C;#44546A;#4472C4;#5A8071;#5B9BD5;#660874;#70AD47;#954F72;#969FA7;#A5A5A5;#A9C37C;#E6C46D;#E7E6E6;#EBEBEB;#ED7D31;#FFC000;#FFFFFF,27,0,3,0,False,2026-10-02
